result
"{'Pair': 'ETHUSDT', 'CounterPair': '1INCHUSDT', 'Correlation': 0.722013, 'Window': '1w', 'CalcMethod': 'pearson'}"
"{'Pair': 'ETHUSDT', 'CounterPair': '1INCHUSDT', 'Correlation': 0.380933, 'Window': '1m', 'CalcMethod': 'pearson'}"
"{'Pair': 'ETHUSDT', 'CounterPair': 'AAVEUSDT', 'Correlation': 0.770102, 'Window': '1w', 'CalcMethod': 'pearson'}"
"{'Pair': 'ETHUSDT', 'CounterPair': 'AAVEUSDT', 'Correlation': 0.652288, 'Window': '1m', 'CalcMethod': 'pearson'}"
"{'Pair': 'ETHUSDT', 'CounterPair': 'ACMUSDT', 'Correlation': 0.816642, 'Window': '1w', 'CalcMethod': 'pearson'}"
"{'Pair': 'ETHUSDT', 'CounterPair': 'ACMUSDT', 'Correlation': 0.49615, 'Window': '1m', 'CalcMethod': 'pearson'}"
"{'Pair': 'ETHUSDT', 'CounterPair': 'ADAEUR', 'Correlation': 0.888948, 'Window': '1w', 'CalcMethod': 'pearson'}"
"{'Pair': 'ETHUSDT', 'CounterPair': 'ADAEUR', 'Correlation': 0.58306, 'Window': '1m', 'CalcMethod': 'pearson'}"
"{'Pair': 'ETHUSDT', 'CounterPair': 'ADAUSDT', 'Correlation': 0.8959, 'Window': '1w', 'CalcMethod': 'pearson'}"
"{'Pair': 'ETHUSDT', 'CounterPair': 'ADAUSDT', 'Correlation': 0.573903, 'Window': '1m', 'CalcMethod': 'pearson'}"
"{'Pair': 'ETHUSDT', 'CounterPair': 'AGLDUSDT', 'Correlation': 0.430679, 'Window': '1w', 'CalcMethod': 'pearson'}"
"{'Pair': 'ETHUSDT', 'CounterPair': 'AGLDUSDT', 'Correlation': 0.361193, 'Window': '1m', 'CalcMethod': 'pearson'}"
"{'Pair': 'ETHUSDT', 'CounterPair': 'AKROUSDT', 'Correlation': 0.759347, 'Window': '1w', 'CalcMethod': 'pearson'}"
"{'Pair': 'ETHUSDT', 'CounterPair': 'AKROUSDT', 'Correlation': 0.627742, 'Window': '1m', 'CalcMethod': 'pearson'}"
"{'Pair': 'ETHUSDT', 'CounterPair': 'ALGOUSDT', 'Correlation': 0.883913, 'Window': '1w', 'CalcMethod': 'pearson'}"
"{'Pair': 'ETHUSDT', 'CounterPair': 'ALGOUSDT', 'Correlation': 0.627139, 'Window': '1m', 'CalcMethod': 'pearson'}"
"{'Pair': 'ETHUSDT', 'CounterPair': 'ALICEUSDT', 'Correlation': 0.761097, 'Window': '1w', 'CalcMethod': 'pearson'}"
"{'Pair': 'ETHUSDT', 'CounterPair': 'ALICEUSDT', 'Correlation': 0.181492, 'Window': '1m', 'CalcMethod': 'pearson'}"
"{'Pair': 'ETHUSDT', 'CounterPair': 'ALPACAUSDT', 'Correlation': 0.835324, 'Window': '1w', 'CalcMethod': 'pearson'}"
"{'Pair': 'ETHUSDT', 'CounterPair': 'ALPACAUSDT', 'Correlation': 0.606395, 'Window': '1m', 'CalcMethod': 'pearson'}"
"{'Pair': 'ETHUSDT', 'CounterPair': 'ALPHAUSDT', 'Correlation': 0.764636, 'Window': '1w', 'CalcMethod': 'pearson'}"
"{'Pair': 'ETHUSDT', 'CounterPair': 'ALPHAUSDT', 'Correlation': 0.590724, 'Window': '1m', 'CalcMethod': 'pearson'}"
"{'Pair': 'ETHUSDT', 'CounterPair': 'ANKRUSDT', 'Correlation': 0.80994, 'Window': '1w', 'CalcMethod': 'pearson'}"
"{'Pair': 'ETHUSDT', 'CounterPair': 'ANKRUSDT', 'Correlation': 0.599607, 'Window': '1m', 'CalcMethod': 'pearson'}"
"{'Pair': 'ETHUSDT', 'CounterPair': 'ARDRUSDT', 'Correlation': 0.816565, 'Window': '1w', 'CalcMethod': 'pearson'}"
"{'Pair': 'ETHUSDT', 'CounterPair': 'ARDRUSDT', 'Correlation': 0.652594, 'Window': '1m', 'CalcMethod': 'pearson'}"
"{'Pair': 'ETHUSDT', 'CounterPair': 'ARPAUSDT', 'Correlation': 0.754015, 'Window': '1w', 'CalcMethod': 'pearson'}"
"{'Pair': 'ETHUSDT', 'CounterPair': 'ARPAUSDT', 'Correlation': 0.468852, 'Window': '1m', 'CalcMethod': 'pearson'}"
"{'Pair': 'ETHUSDT', 'CounterPair': 'ARUSDT', 'Correlation': 0.822364, 'Window': '1w', 'CalcMethod': 'pearson'}"
"{'Pair': 'ETHUSDT', 'CounterPair': 'ARUSDT', 'Correlation': 0.360192, 'Window': '1m', 'CalcMethod': 'pearson'}"
"{'Pair': 'ETHUSDT', 'CounterPair': 'ASRUSDT', 'Correlation': 0.555484, 'Window': '1w', 'CalcMethod': 'pearson'}"
"{'Pair': 'ETHUSDT', 'CounterPair': 'ASRUSDT', 'Correlation': 0.510521, 'Window': '1m', 'CalcMethod': 'pearson'}"
"{'Pair': 'ETHUSDT', 'CounterPair': 'ATAUSDT', 'Correlation': 0.797437, 'Window': '1w', 'CalcMethod': 'pearson'}"
"{'Pair': 'ETHUSDT', 'CounterPair': 'ATAUSDT', 'Correlation': 0.557724, 'Window': '1m', 'CalcMethod': 'pearson'}"
"{'Pair': 'ETHUSDT', 'CounterPair': 'ATMUSDT', 'Correlation': 0.443501, 'Window': '1w', 'CalcMethod': 'pearson'}"
"{'Pair': 'ETHUSDT', 'CounterPair': 'ATMUSDT', 'Correlation': 0.325542, 'Window': '1m', 'CalcMethod': 'pearson'}"
"{'Pair': 'ETHUSDT', 'CounterPair': 'ATOMUSDT', 'Correlation': 0.767175, 'Window': '1w', 'CalcMethod': 'pearson'}"
"{'Pair': 'ETHUSDT', 'CounterPair': 'ATOMUSDT', 'Correlation': 0.583051, 'Window': '1m', 'CalcMethod': 'pearson'}"
"{'Pair': 'ETHUSDT', 'CounterPair': 'AUDIOUSDT', 'Correlation': 0.8204, 'Window': '1w', 'CalcMethod': 'pearson'}"
"{'Pair': 'ETHUSDT', 'CounterPair': 'AUDIOUSDT', 'Correlation': 0.339249, 'Window': '1m', 'CalcMethod': 'pearson'}"
"{'Pair': 'ETHUSDT', 'CounterPair': 'AVAUSDT', 'Correlation': 0.806922, 'Window': '1w', 'CalcMethod': 'pearson'}"
"{'Pair': 'ETHUSDT', 'CounterPair': 'AVAUSDT', 'Correlation': 0.553337, 'Window': '1m', 'CalcMethod': 'pearson'}"
"{'Pair': 'ETHUSDT', 'CounterPair': 'AVAXEUR', 'Correlation': 0.869992, 'Window': '1w', 'CalcMethod': 'pearson'}"
"{'Pair': 'ETHUSDT', 'CounterPair': 'AVAXEUR', 'Correlation': 0.635954, 'Window': '1m', 'CalcMethod': 'pearson'}"
"{'Pair': 'ETHUSDT', 'CounterPair': 'AVAXUSDT', 'Correlation': 0.885307, 'Window': '1w', 'CalcMethod': 'pearson'}"
"{'Pair': 'ETHUSDT', 'CounterPair': 'AVAXUSDT', 'Correlation': 0.640058, 'Window': '1m', 'CalcMethod': 'pearson'}"
"{'Pair': 'ETHUSDT', 'CounterPair': 'AXSUSDT', 'Correlation': 0.803682, 'Window': '1w', 'CalcMethod': 'pearson'}"
"{'Pair': 'ETHUSDT', 'CounterPair': 'AXSUSDT', 'Correlation': 0.469565, 'Window': '1m', 'CalcMethod': 'pearson'}"
"{'Pair': 'ETHUSDT', 'CounterPair': 'BADGERUSDT', 'Correlation': 0.820055, 'Window': '1w', 'CalcMethod': 'pearson'}"
"{'Pair': 'ETHUSDT', 'CounterPair': 'BADGERUSDT', 'Correlation': 0.394746, 'Window': '1m', 'CalcMethod': 'pearson'}"
"{'Pair': 'ETHUSDT', 'CounterPair': 'BAKEUSDT', 'Correlation': 0.087542, 'Window': '1w', 'CalcMethod': 'pearson'}"
"{'Pair': 'ETHUSDT', 'CounterPair': 'BAKEUSDT', 'Correlation': 0.272927, 'Window': '1m', 'CalcMethod': 'pearson'}"
"{'Pair': 'ETHUSDT', 'CounterPair': 'BALUSDT', 'Correlation': 0.887146, 'Window': '1w', 'CalcMethod': 'pearson'}"
"{'Pair': 'ETHUSDT', 'CounterPair': 'BALUSDT', 'Correlation': 0.816769, 'Window': '1m', 'CalcMethod': 'pearson'}"
"{'Pair': 'ETHUSDT', 'CounterPair': 'BANDUSDT', 'Correlation': 0.657284, 'Window': '1w', 'CalcMethod': 'pearson'}"
"{'Pair': 'ETHUSDT', 'CounterPair': 'BANDUSDT', 'Correlation': 0.511591, 'Window': '1m', 'CalcMethod': 'pearson'}"
"{'Pair': 'ETHUSDT', 'CounterPair': 'BARUSDT', 'Correlation': 0.894312, 'Window': '1w', 'CalcMethod': 'pearson'}"
"{'Pair': 'ETHUSDT', 'CounterPair': 'BARUSDT', 'Correlation': 0.658705, 'Window': '1m', 'CalcMethod': 'pearson'}"
"{'Pair': 'ETHUSDT', 'CounterPair': 'BATUSDT', 'Correlation': 0.919735, 'Window': '1w', 'CalcMethod': 'pearson'}"
"{'Pair': 'ETHUSDT', 'CounterPair': 'BATUSDT', 'Correlation': 0.554295, 'Window': '1m', 'CalcMethod': 'pearson'}"
"{'Pair': 'ETHUSDT', 'CounterPair': 'BCHEUR', 'Correlation': 0.635271, 'Window': '1w', 'CalcMethod': 'pearson'}"
"{'Pair': 'ETHUSDT', 'CounterPair': 'BCHEUR', 'Correlation': 0.565873, 'Window': '1m', 'CalcMethod': 'pearson'}"
"{'Pair': 'ETHUSDT', 'CounterPair': 'BCHUSDT', 'Correlation': 0.671748, 'Window': '1w', 'CalcMethod': 'pearson'}"
"{'Pair': 'ETHUSDT', 'CounterPair': 'BCHUSDT', 'Correlation': 0.583948, 'Window': '1m', 'CalcMethod': 'pearson'}"
"{'Pair': 'ETHUSDT', 'CounterPair': 'BELUSDT', 'Correlation': 0.870913, 'Window': '1w', 'CalcMethod': 'pearson'}"
"{'Pair': 'ETHUSDT', 'CounterPair': 'BELUSDT', 'Correlation': 0.449986, 'Window': '1m', 'CalcMethod': 'pearson'}"
"{'Pair': 'ETHUSDT', 'CounterPair': 'BLZUSDT', 'Correlation': 0.877444, 'Window': '1w', 'CalcMethod': 'pearson'}"
"{'Pair': 'ETHUSDT', 'CounterPair': 'BLZUSDT', 'Correlation': 0.492519, 'Window': '1m', 'CalcMethod': 'pearson'}"
"{'Pair': 'ETHUSDT', 'CounterPair': 'BNBEUR', 'Correlation': 0.793835, 'Window': '1w', 'CalcMethod': 'pearson'}"
"{'Pair': 'ETHUSDT', 'CounterPair': 'BNBEUR', 'Correlation': 0.503129, 'Window': '1m', 'CalcMethod': 'pearson'}"
"{'Pair': 'ETHUSDT', 'CounterPair': 'BNBUSDT', 'Correlation': 0.809096, 'Window': '1w', 'CalcMethod': 'pearson'}"
"{'Pair': 'ETHUSDT', 'CounterPair': 'BNBUSDT', 'Correlation': 0.52468, 'Window': '1m', 'CalcMethod': 'pearson'}"
"{'Pair': 'ETHUSDT', 'CounterPair': 'BNTUSDT', 'Correlation': 0.970084, 'Window': '1w', 'CalcMethod': 'pearson'}"
"{'Pair': 'ETHUSDT', 'CounterPair': 'BNTUSDT', 'Correlation': 0.714846, 'Window': '1m', 'CalcMethod': 'pearson'}"
"{'Pair': 'ETHUSDT', 'CounterPair': 'BONDUSDT', 'Correlation': 0.236509, 'Window': '1w', 'CalcMethod': 'pearson'}"
"{'Pair': 'ETHUSDT', 'CounterPair': 'BONDUSDT', 'Correlation': 0.416771, 'Window': '1m', 'CalcMethod': 'pearson'}"
"{'Pair': 'ETHUSDT', 'CounterPair': 'BTCEUR', 'Correlation': 0.600283, 'Window': '1w', 'CalcMethod': 'pearson'}"
"{'Pair': 'ETHUSDT', 'CounterPair': 'BTCEUR', 'Correlation': 0.440797, 'Window': '1m', 'CalcMethod': 'pearson'}"
"{'Pair': 'ETHUSDT', 'CounterPair': 'BTCUSDT', 'Correlation': 0.589349, 'Window': '1w', 'CalcMethod': 'pearson'}"
"{'Pair': 'ETHUSDT', 'CounterPair': 'BTCUSDT', 'Correlation': 0.441138, 'Window': '1m', 'CalcMethod': 'pearson'}"
"{'Pair': 'ETHUSDT', 'CounterPair': 'BURGERUSDT', 'Correlation': 0.0362334, 'Window': '1w', 'CalcMethod': 'pearson'}"
"{'Pair': 'ETHUSDT', 'CounterPair': 'BURGERUSDT', 'Correlation': 0.246205, 'Window': '1m', 'CalcMethod': 'pearson'}"
"{'Pair': 'ETHUSDT', 'CounterPair': 'C98USDT', 'Correlation': 0.815374, 'Window': '1w', 'CalcMethod': 'pearson'}"
"{'Pair': 'ETHUSDT', 'CounterPair': 'C98USDT', 'Correlation': 0.650822, 'Window': '1m', 'CalcMethod': 'pearson'}"
"{'Pair': 'ETHUSDT', 'CounterPair': 'CAKEUSDT', 'Correlation': 0.71348, 'Window': '1w', 'CalcMethod': 'pearson'}"
"{'Pair': 'ETHUSDT', 'CounterPair': 'CAKEUSDT', 'Correlation': 0.63977, 'Window': '1m', 'CalcMethod': 'pearson'}"
"{'Pair': 'ETHUSDT', 'CounterPair': 'CELOUSDT', 'Correlation': 0.889101, 'Window': '1w', 'CalcMethod': 'pearson'}"
"{'Pair': 'ETHUSDT', 'CounterPair': 'CELOUSDT', 'Correlation': 0.684551, 'Window': '1m', 'CalcMethod': 'pearson'}"
"{'Pair': 'ETHUSDT', 'CounterPair': 'CELRUSDT', 'Correlation': 0.759957, 'Window': '1w', 'CalcMethod': 'pearson'}"
"{'Pair': 'ETHUSDT', 'CounterPair': 'CELRUSDT', 'Correlation': 0.605979, 'Window': '1m', 'CalcMethod': 'pearson'}"
"{'Pair': 'ETHUSDT', 'CounterPair': 'CFXUSDT', 'Correlation': 0.459862, 'Window': '1w', 'CalcMethod': 'pearson'}"
"{'Pair': 'ETHUSDT', 'CounterPair': 'CFXUSDT', 'Correlation': 0.482653, 'Window': '1m', 'CalcMethod': 'pearson'}"
"{'Pair': 'ETHUSDT', 'CounterPair': 'CHRUSDT', 'Correlation': 0.903655, 'Window': '1w', 'CalcMethod': 'pearson'}"
"{'Pair': 'ETHUSDT', 'CounterPair': 'CHRUSDT', 'Correlation': 0.276173, 'Window': '1m', 'CalcMethod': 'pearson'}"
"{'Pair': 'ETHUSDT', 'CounterPair': 'CHZEUR', 'Correlation': 0.795772, 'Window': '1w', 'CalcMethod': 'pearson'}"
"{'Pair': 'ETHUSDT', 'CounterPair': 'CHZEUR', 'Correlation': 0.376768, 'Window': '1m', 'CalcMethod': 'pearson'}"
"{'Pair': 'ETHUSDT', 'CounterPair': 'CHZUSDT', 'Correlation': 0.799727, 'Window': '1w', 'CalcMethod': 'pearson'}"
"{'Pair': 'ETHUSDT', 'CounterPair': 'CHZUSDT', 'Correlation': 0.378429, 'Window': '1m', 'CalcMethod': 'pearson'}"
"{'Pair': 'ETHUSDT', 'CounterPair': 'CKBUSDT', 'Correlation': 0.872655, 'Window': '1w', 'CalcMethod': 'pearson'}"
"{'Pair': 'ETHUSDT', 'CounterPair': 'CKBUSDT', 'Correlation': 0.512305, 'Window': '1m', 'CalcMethod': 'pearson'}"
"{'Pair': 'ETHUSDT', 'CounterPair': 'CLVUSDT', 'Correlation': 0.894811, 'Window': '1w', 'CalcMethod': 'pearson'}"
"{'Pair': 'ETHUSDT', 'CounterPair': 'CLVUSDT', 'Correlation': 0.630084, 'Window': '1m', 'CalcMethod': 'pearson'}"
"{'Pair': 'ETHUSDT', 'CounterPair': 'COMPUSDT', 'Correlation': 0.933269, 'Window': '1w', 'CalcMethod': 'pearson'}"
"{'Pair': 'ETHUSDT', 'CounterPair': 'COMPUSDT', 'Correlation': 0.705118, 'Window': '1m', 'CalcMethod': 'pearson'}"
"{'Pair': 'ETHUSDT', 'CounterPair': 'COSUSDT', 'Correlation': 0.736493, 'Window': '1w', 'CalcMethod': 'pearson'}"
"{'Pair': 'ETHUSDT', 'CounterPair': 'COSUSDT', 'Correlation': 0.248088, 'Window': '1m', 'CalcMethod': 'pearson'}"
"{'Pair': 'ETHUSDT', 'CounterPair': 'COTIUSDT', 'Correlation': 0.845744, 'Window': '1w', 'CalcMethod': 'pearson'}"
"{'Pair': 'ETHUSDT', 'CounterPair': 'COTIUSDT', 'Correlation': 0.544778, 'Window': '1m', 'CalcMethod': 'pearson'}"
"{'Pair': 'ETHUSDT', 'CounterPair': 'CRVUSDT', 'Correlation': 0.646188, 'Window': '1w', 'CalcMethod': 'pearson'}"
"{'Pair': 'ETHUSDT', 'CounterPair': 'CRVUSDT', 'Correlation': 0.606463, 'Window': '1m', 'CalcMethod': 'pearson'}"
"{'Pair': 'ETHUSDT', 'CounterPair': 'CTKUSDT', 'Correlation': 0.0105668, 'Window': '1w', 'CalcMethod': 'pearson'}"
"{'Pair': 'ETHUSDT', 'CounterPair': 'CTKUSDT', 'Correlation': -0.170248, 'Window': '1m', 'CalcMethod': 'pearson'}"
"{'Pair': 'ETHUSDT', 'CounterPair': 'CTSIUSDT', 'Correlation': 0.883578, 'Window': '1w', 'CalcMethod': 'pearson'}"
"{'Pair': 'ETHUSDT', 'CounterPair': 'CTSIUSDT', 'Correlation': 0.411745, 'Window': '1m', 'CalcMethod': 'pearson'}"
"{'Pair': 'ETHUSDT', 'CounterPair': 'CTXCUSDT', 'Correlation': 0.89447, 'Window': '1w', 'CalcMethod': 'pearson'}"
"{'Pair': 'ETHUSDT', 'CounterPair': 'CTXCUSDT', 'Correlation': 0.534503, 'Window': '1m', 'CalcMethod': 'pearson'}"
"{'Pair': 'ETHUSDT', 'CounterPair': 'CVPUSDT', 'Correlation': 0.864163, 'Window': '1w', 'CalcMethod': 'pearson'}"
"{'Pair': 'ETHUSDT', 'CounterPair': 'CVPUSDT', 'Correlation': 0.497356, 'Window': '1m', 'CalcMethod': 'pearson'}"
"{'Pair': 'ETHUSDT', 'CounterPair': 'DASHUSDT', 'Correlation': 0.636621, 'Window': '1w', 'CalcMethod': 'pearson'}"
"{'Pair': 'ETHUSDT', 'CounterPair': 'DASHUSDT', 'Correlation': 0.556737, 'Window': '1m', 'CalcMethod': 'pearson'}"
"{'Pair': 'ETHUSDT', 'CounterPair': 'DATAUSDT', 'Correlation': 0.823793, 'Window': '1w', 'CalcMethod': 'pearson'}"
"{'Pair': 'ETHUSDT', 'CounterPair': 'DATAUSDT', 'Correlation': 0.465736, 'Window': '1m', 'CalcMethod': 'pearson'}"
"{'Pair': 'ETHUSDT', 'CounterPair': 'DCRUSDT', 'Correlation': 0.781029, 'Window': '1w', 'CalcMethod': 'pearson'}"
"{'Pair': 'ETHUSDT', 'CounterPair': 'DCRUSDT', 'Correlation': 0.608847, 'Window': '1m', 'CalcMethod': 'pearson'}"
"{'Pair': 'ETHUSDT', 'CounterPair': 'DEGOUSDT', 'Correlation': 0.90287, 'Window': '1w', 'CalcMethod': 'pearson'}"
"{'Pair': 'ETHUSDT', 'CounterPair': 'DEGOUSDT', 'Correlation': 0.566703, 'Window': '1m', 'CalcMethod': 'pearson'}"
"{'Pair': 'ETHUSDT', 'CounterPair': 'DENTUSDT', 'Correlation': 0.724086, 'Window': '1w', 'CalcMethod': 'pearson'}"
"{'Pair': 'ETHUSDT', 'CounterPair': 'DENTUSDT', 'Correlation': 0.567453, 'Window': '1m', 'CalcMethod': 'pearson'}"
"{'Pair': 'ETHUSDT', 'CounterPair': 'DEXEUSDT', 'Correlation': 0.851132, 'Window': '1w', 'CalcMethod': 'pearson'}"
"{'Pair': 'ETHUSDT', 'CounterPair': 'DEXEUSDT', 'Correlation': 0.591354, 'Window': '1m', 'CalcMethod': 'pearson'}"
"{'Pair': 'ETHUSDT', 'CounterPair': 'DFUSDT', 'Correlation': 0.837675, 'Window': '1w', 'CalcMethod': 'pearson'}"
"{'Pair': 'ETHUSDT', 'CounterPair': 'DFUSDT', 'Correlation': 0.545841, 'Window': '1m', 'CalcMethod': 'pearson'}"
"{'Pair': 'ETHUSDT', 'CounterPair': 'DGBUSDT', 'Correlation': 0.928289, 'Window': '1w', 'CalcMethod': 'pearson'}"
"{'Pair': 'ETHUSDT', 'CounterPair': 'DGBUSDT', 'Correlation': 0.631614, 'Window': '1m', 'CalcMethod': 'pearson'}"
"{'Pair': 'ETHUSDT', 'CounterPair': 'DIAUSDT', 'Correlation': 0.916774, 'Window': '1w', 'CalcMethod': 'pearson'}"
"{'Pair': 'ETHUSDT', 'CounterPair': 'DIAUSDT', 'Correlation': 0.644026, 'Window': '1m', 'CalcMethod': 'pearson'}"
"{'Pair': 'ETHUSDT', 'CounterPair': 'DOCKUSDT', 'Correlation': 0.755869, 'Window': '1w', 'CalcMethod': 'pearson'}"
"{'Pair': 'ETHUSDT', 'CounterPair': 'DOCKUSDT', 'Correlation': 0.596181, 'Window': '1m', 'CalcMethod': 'pearson'}"
"{'Pair': 'ETHUSDT', 'CounterPair': 'DODOUSDT', 'Correlation': 0.901251, 'Window': '1w', 'CalcMethod': 'pearson'}"
"{'Pair': 'ETHUSDT', 'CounterPair': 'DODOUSDT', 'Correlation': 0.515039, 'Window': '1m', 'CalcMethod': 'pearson'}"
"{'Pair': 'ETHUSDT', 'CounterPair': 'DOGEEUR', 'Correlation': 0.848072, 'Window': '1w', 'CalcMethod': 'pearson'}"
"{'Pair': 'ETHUSDT', 'CounterPair': 'DOGEEUR', 'Correlation': 0.591779, 'Window': '1m', 'CalcMethod': 'pearson'}"
"{'Pair': 'ETHUSDT', 'CounterPair': 'DOGEUSDT', 'Correlation': 0.865285, 'Window': '1w', 'CalcMethod': 'pearson'}"
"{'Pair': 'ETHUSDT', 'CounterPair': 'DOGEUSDT', 'Correlation': 0.593172, 'Window': '1m', 'CalcMethod': 'pearson'}"
"{'Pair': 'ETHUSDT', 'CounterPair': 'DOTEUR', 'Correlation': 0.895389, 'Window': '1w', 'CalcMethod': 'pearson'}"
"{'Pair': 'ETHUSDT', 'CounterPair': 'DOTEUR', 'Correlation': 0.671341, 'Window': '1m', 'CalcMethod': 'pearson'}"
"{'Pair': 'ETHUSDT', 'CounterPair': 'DOTUSDT', 'Correlation': 0.890786, 'Window': '1w', 'CalcMethod': 'pearson'}"
"{'Pair': 'ETHUSDT', 'CounterPair': 'DOTUSDT', 'Correlation': 0.666012, 'Window': '1m', 'CalcMethod': 'pearson'}"
"{'Pair': 'ETHUSDT', 'CounterPair': 'DUSKUSDT', 'Correlation': 0.733781, 'Window': '1w', 'CalcMethod': 'pearson'}"
"{'Pair': 'ETHUSDT', 'CounterPair': 'DUSKUSDT', 'Correlation': 0.269492, 'Window': '1m', 'CalcMethod': 'pearson'}"
"{'Pair': 'ETHUSDT', 'CounterPair': 'DYDXUSDT', 'Correlation': 0.881635, 'Window': '1w', 'CalcMethod': 'pearson'}"
"{'Pair': 'ETHUSDT', 'CounterPair': 'DYDXUSDT', 'Correlation': 0.678119, 'Window': '1m', 'CalcMethod': 'pearson'}"
"{'Pair': 'ETHUSDT', 'CounterPair': 'EGLDEUR', 'Correlation': 0.933661, 'Window': '1w', 'CalcMethod': 'pearson'}"
"{'Pair': 'ETHUSDT', 'CounterPair': 'EGLDEUR', 'Correlation': 0.691646, 'Window': '1m', 'CalcMethod': 'pearson'}"
"{'Pair': 'ETHUSDT', 'CounterPair': 'EGLDUSDT', 'Correlation': 0.944527, 'Window': '1w', 'CalcMethod': 'pearson'}"
"{'Pair': 'ETHUSDT', 'CounterPair': 'EGLDUSDT', 'Correlation': 0.682671, 'Window': '1m', 'CalcMethod': 'pearson'}"
"{'Pair': 'ETHUSDT', 'CounterPair': 'ELFUSDT', 'Correlation': -0.0821484, 'Window': '1w', 'CalcMethod': 'pearson'}"
"{'Pair': 'ETHUSDT', 'CounterPair': 'ELFUSDT', 'Correlation': 0.155599, 'Window': '1m', 'CalcMethod': 'pearson'}"
"{'Pair': 'ETHUSDT', 'CounterPair': 'ENJUSDT', 'Correlation': 0.846085, 'Window': '1w', 'CalcMethod': 'pearson'}"
"{'Pair': 'ETHUSDT', 'CounterPair': 'ENJUSDT', 'Correlation': 0.621252, 'Window': '1m', 'CalcMethod': 'pearson'}"
"{'Pair': 'ETHUSDT', 'CounterPair': 'EOSUSDT', 'Correlation': 0.747601, 'Window': '1w', 'CalcMethod': 'pearson'}"
"{'Pair': 'ETHUSDT', 'CounterPair': 'EOSUSDT', 'Correlation': 0.585617, 'Window': '1m', 'CalcMethod': 'pearson'}"
"{'Pair': 'ETHUSDT', 'CounterPair': 'ERNUSDT', 'Correlation': 0.699187, 'Window': '1w', 'CalcMethod': 'pearson'}"
"{'Pair': 'ETHUSDT', 'CounterPair': 'ERNUSDT', 'Correlation': 0.463224, 'Window': '1m', 'CalcMethod': 'pearson'}"
"{'Pair': 'ETHUSDT', 'CounterPair': 'ETCUSDT', 'Correlation': 0.890965, 'Window': '1w', 'CalcMethod': 'pearson'}"
"{'Pair': 'ETHUSDT', 'CounterPair': 'ETCUSDT', 'Correlation': 0.725753, 'Window': '1m', 'CalcMethod': 'pearson'}"
"{'Pair': 'ETHUSDT', 'CounterPair': 'ETHEUR', 'Correlation': 0.991691, 'Window': '1w', 'CalcMethod': 'pearson'}"
"{'Pair': 'ETHUSDT', 'CounterPair': 'ETHEUR', 'Correlation': 0.978971, 'Window': '1m', 'CalcMethod': 'pearson'}"
"{'Pair': 'ETHUSDT', 'CounterPair': 'EURUSDT', 'Correlation': 0.334505, 'Window': '1w', 'CalcMethod': 'pearson'}"
"{'Pair': 'ETHUSDT', 'CounterPair': 'EURUSDT', 'Correlation': 0.263532, 'Window': '1m', 'CalcMethod': 'pearson'}"
"{'Pair': 'ETHUSDT', 'CounterPair': 'FARMUSDT', 'Correlation': 0.922133, 'Window': '1w', 'CalcMethod': 'pearson'}"
"{'Pair': 'ETHUSDT', 'CounterPair': 'FARMUSDT', 'Correlation': 0.643657, 'Window': '1m', 'CalcMethod': 'pearson'}"
"{'Pair': 'ETHUSDT', 'CounterPair': 'FETUSDT', 'Correlation': 0.653855, 'Window': '1w', 'CalcMethod': 'pearson'}"
"{'Pair': 'ETHUSDT', 'CounterPair': 'FETUSDT', 'Correlation': 0.573358, 'Window': '1m', 'CalcMethod': 'pearson'}"
"{'Pair': 'ETHUSDT', 'CounterPair': 'FIDAUSDT', 'Correlation': 0.679566, 'Window': '1w', 'CalcMethod': 'pearson'}"
"{'Pair': 'ETHUSDT', 'CounterPair': 'FIDAUSDT', 'Correlation': 0.511795, 'Window': '1m', 'CalcMethod': 'pearson'}"
"{'Pair': 'ETHUSDT', 'CounterPair': 'FILUSDT', 'Correlation': 0.717157, 'Window': '1w', 'CalcMethod': 'pearson'}"
"{'Pair': 'ETHUSDT', 'CounterPair': 'FILUSDT', 'Correlation': 0.504637, 'Window': '1m', 'CalcMethod': 'pearson'}"
"{'Pair': 'ETHUSDT', 'CounterPair': 'FIOUSDT', 'Correlation': 0.919731, 'Window': '1w', 'CalcMethod': 'pearson'}"
"{'Pair': 'ETHUSDT', 'CounterPair': 'FIOUSDT', 'Correlation': 0.392282, 'Window': '1m', 'CalcMethod': 'pearson'}"
"{'Pair': 'ETHUSDT', 'CounterPair': 'FISUSDT', 'Correlation': 0.851981, 'Window': '1w', 'CalcMethod': 'pearson'}"
"{'Pair': 'ETHUSDT', 'CounterPair': 'FISUSDT', 'Correlation': 0.412476, 'Window': '1m', 'CalcMethod': 'pearson'}"
"{'Pair': 'ETHUSDT', 'CounterPair': 'FLMUSDT', 'Correlation': 0.876272, 'Window': '1w', 'CalcMethod': 'pearson'}"
"{'Pair': 'ETHUSDT', 'CounterPair': 'FLMUSDT', 'Correlation': 0.597325, 'Window': '1m', 'CalcMethod': 'pearson'}"
"{'Pair': 'ETHUSDT', 'CounterPair': 'FLOWUSDT', 'Correlation': 0.89183, 'Window': '1w', 'CalcMethod': 'pearson'}"
"{'Pair': 'ETHUSDT', 'CounterPair': 'FLOWUSDT', 'Correlation': 0.701213, 'Window': '1m', 'CalcMethod': 'pearson'}"
"{'Pair': 'ETHUSDT', 'CounterPair': 'FORTHUSDT', 'Correlation': 0.973438, 'Window': '1w', 'CalcMethod': 'pearson'}"
"{'Pair': 'ETHUSDT', 'CounterPair': 'FORTHUSDT', 'Correlation': 0.548739, 'Window': '1m', 'CalcMethod': 'pearson'}"
"{'Pair': 'ETHUSDT', 'CounterPair': 'FORUSDT', 'Correlation': 0.868283, 'Window': '1w', 'CalcMethod': 'pearson'}"
"{'Pair': 'ETHUSDT', 'CounterPair': 'FORUSDT', 'Correlation': 0.563341, 'Window': '1m', 'CalcMethod': 'pearson'}"
"{'Pair': 'ETHUSDT', 'CounterPair': 'FRONTUSDT', 'Correlation': 0.74023, 'Window': '1w', 'CalcMethod': 'pearson'}"
"{'Pair': 'ETHUSDT', 'CounterPair': 'FRONTUSDT', 'Correlation': 0.498435, 'Window': '1m', 'CalcMethod': 'pearson'}"
"{'Pair': 'ETHUSDT', 'CounterPair': 'FTMUSDT', 'Correlation': 0.909803, 'Window': '1w', 'CalcMethod': 'pearson'}"
"{'Pair': 'ETHUSDT', 'CounterPair': 'FTMUSDT', 'Correlation': 0.607582, 'Window': '1m', 'CalcMethod': 'pearson'}"
"{'Pair': 'ETHUSDT', 'CounterPair': 'FUNUSDT', 'Correlation': 0.729886, 'Window': '1w', 'CalcMethod': 'pearson'}"
"{'Pair': 'ETHUSDT', 'CounterPair': 'FUNUSDT', 'Correlation': 0.532456, 'Window': '1m', 'CalcMethod': 'pearson'}"
"{'Pair': 'ETHUSDT', 'CounterPair': 'GALAUSDT', 'Correlation': 0.892355, 'Window': '1w', 'CalcMethod': 'pearson'}"
"{'Pair': 'ETHUSDT', 'CounterPair': 'GALAUSDT', 'Correlation': 0.570887, 'Window': '1m', 'CalcMethod': 'pearson'}"
"{'Pair': 'ETHUSDT', 'CounterPair': 'GHSTUSDT', 'Correlation': 0.898515, 'Window': '1w', 'CalcMethod': 'pearson'}"
"{'Pair': 'ETHUSDT', 'CounterPair': 'GHSTUSDT', 'Correlation': -0.0625938, 'Window': '1m', 'CalcMethod': 'pearson'}"
"{'Pair': 'ETHUSDT', 'CounterPair': 'GMTUSDT', 'Correlation': 0.841505, 'Window': '1w', 'CalcMethod': 'pearson'}"
"{'Pair': 'ETHUSDT', 'CounterPair': 'GMTUSDT', 'Correlation': 0.694981, 'Window': '1m', 'CalcMethod': 'pearson'}"
"{'Pair': 'ETHUSDT', 'CounterPair': 'GNOUSDT', 'Correlation': 0.95154, 'Window': '1w', 'CalcMethod': 'pearson'}"
"{'Pair': 'ETHUSDT', 'CounterPair': 'GNOUSDT', 'Correlation': 0.38022, 'Window': '1m', 'CalcMethod': 'pearson'}"
"{'Pair': 'ETHUSDT', 'CounterPair': 'GRTEUR', 'Correlation': 0.880803, 'Window': '1w', 'CalcMethod': 'pearson'}"
"{'Pair': 'ETHUSDT', 'CounterPair': 'GRTEUR', 'Correlation': 0.681966, 'Window': '1m', 'CalcMethod': 'pearson'}"
"{'Pair': 'ETHUSDT', 'CounterPair': 'GRTUSDT', 'Correlation': 0.875136, 'Window': '1w', 'CalcMethod': 'pearson'}"
"{'Pair': 'ETHUSDT', 'CounterPair': 'GRTUSDT', 'Correlation': 0.666078, 'Window': '1m', 'CalcMethod': 'pearson'}"
"{'Pair': 'ETHUSDT', 'CounterPair': 'GTCUSDT', 'Correlation': 0.74976, 'Window': '1w', 'CalcMethod': 'pearson'}"
"{'Pair': 'ETHUSDT', 'CounterPair': 'GTCUSDT', 'Correlation': 0.516257, 'Window': '1m', 'CalcMethod': 'pearson'}"
"{'Pair': 'ETHUSDT', 'CounterPair': 'HARDUSDT', 'Correlation': 0.94022, 'Window': '1w', 'CalcMethod': 'pearson'}"
"{'Pair': 'ETHUSDT', 'CounterPair': 'HARDUSDT', 'Correlation': 0.512104, 'Window': '1m', 'CalcMethod': 'pearson'}"
"{'Pair': 'ETHUSDT', 'CounterPair': 'HBARUSDT', 'Correlation': 0.845466, 'Window': '1w', 'CalcMethod': 'pearson'}"
"{'Pair': 'ETHUSDT', 'CounterPair': 'HBARUSDT', 'Correlation': 0.570242, 'Window': '1m', 'CalcMethod': 'pearson'}"
"{'Pair': 'ETHUSDT', 'CounterPair': 'HIVEUSDT', 'Correlation': 0.847359, 'Window': '1w', 'CalcMethod': 'pearson'}"
"{'Pair': 'ETHUSDT', 'CounterPair': 'HIVEUSDT', 'Correlation': 0.548133, 'Window': '1m', 'CalcMethod': 'pearson'}"
"{'Pair': 'ETHUSDT', 'CounterPair': 'HOTUSDT', 'Correlation': 0.786533, 'Window': '1w', 'CalcMethod': 'pearson'}"
"{'Pair': 'ETHUSDT', 'CounterPair': 'HOTUSDT', 'Correlation': 0.612784, 'Window': '1m', 'CalcMethod': 'pearson'}"
"{'Pair': 'ETHUSDT', 'CounterPair': 'ICPEUR', 'Correlation': 0.719687, 'Window': '1w', 'CalcMethod': 'pearson'}"
"{'Pair': 'ETHUSDT', 'CounterPair': 'ICPEUR', 'Correlation': 0.556291, 'Window': '1m', 'CalcMethod': 'pearson'}"
"{'Pair': 'ETHUSDT', 'CounterPair': 'ICPUSDT', 'Correlation': 0.754698, 'Window': '1w', 'CalcMethod': 'pearson'}"
"{'Pair': 'ETHUSDT', 'CounterPair': 'ICPUSDT', 'Correlation': 0.58962, 'Window': '1m', 'CalcMethod': 'pearson'}"
"{'Pair': 'ETHUSDT', 'CounterPair': 'ICXUSDT', 'Correlation': 0.896044, 'Window': '1w', 'CalcMethod': 'pearson'}"
"{'Pair': 'ETHUSDT', 'CounterPair': 'ICXUSDT', 'Correlation': 0.602851, 'Window': '1m', 'CalcMethod': 'pearson'}"
"{'Pair': 'ETHUSDT', 'CounterPair': 'IDEXUSDT', 'Correlation': 0.824956, 'Window': '1w', 'CalcMethod': 'pearson'}"
"{'Pair': 'ETHUSDT', 'CounterPair': 'IDEXUSDT', 'Correlation': 0.447017, 'Window': '1m', 'CalcMethod': 'pearson'}"
"{'Pair': 'ETHUSDT', 'CounterPair': 'ILVUSDT', 'Correlation': 0.91, 'Window': '1w', 'CalcMethod': 'pearson'}"
"{'Pair': 'ETHUSDT', 'CounterPair': 'ILVUSDT', 'Correlation': 0.591741, 'Window': '1m', 'CalcMethod': 'pearson'}"
"{'Pair': 'ETHUSDT', 'CounterPair': 'INJUSDT', 'Correlation': 0.817853, 'Window': '1w', 'CalcMethod': 'pearson'}"
"{'Pair': 'ETHUSDT', 'CounterPair': 'INJUSDT', 'Correlation': 0.375502, 'Window': '1m', 'CalcMethod': 'pearson'}"
"{'Pair': 'ETHUSDT', 'CounterPair': 'IOSTUSDT', 'Correlation': 0.813895, 'Window': '1w', 'CalcMethod': 'pearson'}"
"{'Pair': 'ETHUSDT', 'CounterPair': 'IOSTUSDT', 'Correlation': 0.577199, 'Window': '1m', 'CalcMethod': 'pearson'}"
"{'Pair': 'ETHUSDT', 'CounterPair': 'IOTAUSDT', 'Correlation': 0.910076, 'Window': '1w', 'CalcMethod': 'pearson'}"
"{'Pair': 'ETHUSDT', 'CounterPair': 'IOTAUSDT', 'Correlation': 0.652728, 'Window': '1m', 'CalcMethod': 'pearson'}"
"{'Pair': 'ETHUSDT', 'CounterPair': 'IOTXUSDT', 'Correlation': 0.327004, 'Window': '1w', 'CalcMethod': 'pearson'}"
"{'Pair': 'ETHUSDT', 'CounterPair': 'IOTXUSDT', 'Correlation': 0.461289, 'Window': '1m', 'CalcMethod': 'pearson'}"
"{'Pair': 'ETHUSDT', 'CounterPair': 'IRISUSDT', 'Correlation': 0.872648, 'Window': '1w', 'CalcMethod': 'pearson'}"
"{'Pair': 'ETHUSDT', 'CounterPair': 'IRISUSDT', 'Correlation': 0.621129, 'Window': '1m', 'CalcMethod': 'pearson'}"
"{'Pair': 'ETHUSDT', 'CounterPair': 'JSTUSDT', 'Correlation': 0.769084, 'Window': '1w', 'CalcMethod': 'pearson'}"
"{'Pair': 'ETHUSDT', 'CounterPair': 'JSTUSDT', 'Correlation': 0.534029, 'Window': '1m', 'CalcMethod': 'pearson'}"
"{'Pair': 'ETHUSDT', 'CounterPair': 'JUVUSDT', 'Correlation': 0.869481, 'Window': '1w', 'CalcMethod': 'pearson'}"
"{'Pair': 'ETHUSDT', 'CounterPair': 'JUVUSDT', 'Correlation': 0.561083, 'Window': '1m', 'CalcMethod': 'pearson'}"
"{'Pair': 'ETHUSDT', 'CounterPair': 'KAVAUSDT', 'Correlation': 0.885282, 'Window': '1w', 'CalcMethod': 'pearson'}"
"{'Pair': 'ETHUSDT', 'CounterPair': 'KAVAUSDT', 'Correlation': 0.619332, 'Window': '1m', 'CalcMethod': 'pearson'}"
"{'Pair': 'ETHUSDT', 'CounterPair': 'KLAYUSDT', 'Correlation': 0.893029, 'Window': '1w', 'CalcMethod': 'pearson'}"
"{'Pair': 'ETHUSDT', 'CounterPair': 'KLAYUSDT', 'Correlation': 0.443513, 'Window': '1m', 'CalcMethod': 'pearson'}"
"{'Pair': 'ETHUSDT', 'CounterPair': 'KMDUSDT', 'Correlation': 0.855323, 'Window': '1w', 'CalcMethod': 'pearson'}"
"{'Pair': 'ETHUSDT', 'CounterPair': 'KMDUSDT', 'Correlation': 0.588279, 'Window': '1m', 'CalcMethod': 'pearson'}"
"{'Pair': 'ETHUSDT', 'CounterPair': 'KNCUSDT', 'Correlation': 0.727834, 'Window': '1w', 'CalcMethod': 'pearson'}"
"{'Pair': 'ETHUSDT', 'CounterPair': 'KNCUSDT', 'Correlation': 0.344978, 'Window': '1m', 'CalcMethod': 'pearson'}"
"{'Pair': 'ETHUSDT', 'CounterPair': 'KSMUSDT', 'Correlation': 0.922812, 'Window': '1w', 'CalcMethod': 'pearson'}"
"{'Pair': 'ETHUSDT', 'CounterPair': 'KSMUSDT', 'Correlation': 0.479139, 'Window': '1m', 'CalcMethod': 'pearson'}"
"{'Pair': 'ETHUSDT', 'CounterPair': 'LINAUSDT', 'Correlation': 0.795038, 'Window': '1w', 'CalcMethod': 'pearson'}"
"{'Pair': 'ETHUSDT', 'CounterPair': 'LINAUSDT', 'Correlation': 0.395876, 'Window': '1m', 'CalcMethod': 'pearson'}"
"{'Pair': 'ETHUSDT', 'CounterPair': 'LINKEUR', 'Correlation': 0.917779, 'Window': '1w', 'CalcMethod': 'pearson'}"
"{'Pair': 'ETHUSDT', 'CounterPair': 'LINKEUR', 'Correlation': 0.569376, 'Window': '1m', 'CalcMethod': 'pearson'}"
"{'Pair': 'ETHUSDT', 'CounterPair': 'LINKUSDT', 'Correlation': 0.909408, 'Window': '1w', 'CalcMethod': 'pearson'}"
"{'Pair': 'ETHUSDT', 'CounterPair': 'LINKUSDT', 'Correlation': 0.570072, 'Window': '1m', 'CalcMethod': 'pearson'}"
"{'Pair': 'ETHUSDT', 'CounterPair': 'LITUSDT', 'Correlation': 0.867185, 'Window': '1w', 'CalcMethod': 'pearson'}"
"{'Pair': 'ETHUSDT', 'CounterPair': 'LITUSDT', 'Correlation': 0.520069, 'Window': '1m', 'CalcMethod': 'pearson'}"
"{'Pair': 'ETHUSDT', 'CounterPair': 'LPTUSDT', 'Correlation': 0.522892, 'Window': '1w', 'CalcMethod': 'pearson'}"
"{'Pair': 'ETHUSDT', 'CounterPair': 'LPTUSDT', 'Correlation': 0.258319, 'Window': '1m', 'CalcMethod': 'pearson'}"
"{'Pair': 'ETHUSDT', 'CounterPair': 'LRCUSDT', 'Correlation': 0.869894, 'Window': '1w', 'CalcMethod': 'pearson'}"
"{'Pair': 'ETHUSDT', 'CounterPair': 'LRCUSDT', 'Correlation': 0.674971, 'Window': '1m', 'CalcMethod': 'pearson'}"
"{'Pair': 'ETHUSDT', 'CounterPair': 'LSKUSDT', 'Correlation': 0.944755, 'Window': '1w', 'CalcMethod': 'pearson'}"
"{'Pair': 'ETHUSDT', 'CounterPair': 'LSKUSDT', 'Correlation': 0.505518, 'Window': '1m', 'CalcMethod': 'pearson'}"
"{'Pair': 'ETHUSDT', 'CounterPair': 'LTCEUR', 'Correlation': 0.478246, 'Window': '1w', 'CalcMethod': 'pearson'}"
"{'Pair': 'ETHUSDT', 'CounterPair': 'LTCEUR', 'Correlation': 0.594682, 'Window': '1m', 'CalcMethod': 'pearson'}"
"{'Pair': 'ETHUSDT', 'CounterPair': 'LTCUSDT', 'Correlation': 0.531848, 'Window': '1w', 'CalcMethod': 'pearson'}"
"{'Pair': 'ETHUSDT', 'CounterPair': 'LTCUSDT', 'Correlation': 0.610336, 'Window': '1m', 'CalcMethod': 'pearson'}"
"{'Pair': 'ETHUSDT', 'CounterPair': 'LTOUSDT', 'Correlation': 0.81045, 'Window': '1w', 'CalcMethod': 'pearson'}"
"{'Pair': 'ETHUSDT', 'CounterPair': 'LTOUSDT', 'Correlation': 0.652701, 'Window': '1m', 'CalcMethod': 'pearson'}"
"{'Pair': 'ETHUSDT', 'CounterPair': 'LUNAUSDT', 'Correlation': 0.870128, 'Window': '1w', 'CalcMethod': 'pearson'}"
"{'Pair': 'ETHUSDT', 'CounterPair': 'LUNAUSDT', 'Correlation': 0.460061, 'Window': '1m', 'CalcMethod': 'pearson'}"
"{'Pair': 'ETHUSDT', 'CounterPair': 'MANAUSDT', 'Correlation': 0.879719, 'Window': '1w', 'CalcMethod': 'pearson'}"
"{'Pair': 'ETHUSDT', 'CounterPair': 'MANAUSDT', 'Correlation': 0.613024, 'Window': '1m', 'CalcMethod': 'pearson'}"
"{'Pair': 'ETHUSDT', 'CounterPair': 'MASKUSDT', 'Correlation': 0.891404, 'Window': '1w', 'CalcMethod': 'pearson'}"
"{'Pair': 'ETHUSDT', 'CounterPair': 'MASKUSDT', 'Correlation': 0.59966, 'Window': '1m', 'CalcMethod': 'pearson'}"
"{'Pair': 'ETHUSDT', 'CounterPair': 'MATICEUR', 'Correlation': 0.95486, 'Window': '1w', 'CalcMethod': 'pearson'}"
"{'Pair': 'ETHUSDT', 'CounterPair': 'MATICEUR', 'Correlation': 0.735381, 'Window': '1m', 'CalcMethod': 'pearson'}"
"{'Pair': 'ETHUSDT', 'CounterPair': 'MATICUSDT', 'Correlation': 0.953575, 'Window': '1w', 'CalcMethod': 'pearson'}"
"{'Pair': 'ETHUSDT', 'CounterPair': 'MATICUSDT', 'Correlation': 0.723821, 'Window': '1m', 'CalcMethod': 'pearson'}"
"{'Pair': 'ETHUSDT', 'CounterPair': 'MBLUSDT', 'Correlation': 0.74518, 'Window': '1w', 'CalcMethod': 'pearson'}"
"{'Pair': 'ETHUSDT', 'CounterPair': 'MBLUSDT', 'Correlation': 0.55722, 'Window': '1m', 'CalcMethod': 'pearson'}"
"{'Pair': 'ETHUSDT', 'CounterPair': 'MBOXUSDT', 'Correlation': 0.904639, 'Window': '1w', 'CalcMethod': 'pearson'}"
"{'Pair': 'ETHUSDT', 'CounterPair': 'MBOXUSDT', 'Correlation': 0.464346, 'Window': '1m', 'CalcMethod': 'pearson'}"
"{'Pair': 'ETHUSDT', 'CounterPair': 'MDTUSDT', 'Correlation': 0.655788, 'Window': '1w', 'CalcMethod': 'pearson'}"
"{'Pair': 'ETHUSDT', 'CounterPair': 'MDTUSDT', 'Correlation': 0.557309, 'Window': '1m', 'CalcMethod': 'pearson'}"
"{'Pair': 'ETHUSDT', 'CounterPair': 'MDXUSDT', 'Correlation': 0.687576, 'Window': '1w', 'CalcMethod': 'pearson'}"
"{'Pair': 'ETHUSDT', 'CounterPair': 'MDXUSDT', 'Correlation': 0.520453, 'Window': '1m', 'CalcMethod': 'pearson'}"
"{'Pair': 'ETHUSDT', 'CounterPair': 'MINAUSDT', 'Correlation': 0.869315, 'Window': '1w', 'CalcMethod': 'pearson'}"
"{'Pair': 'ETHUSDT', 'CounterPair': 'MINAUSDT', 'Correlation': 0.566118, 'Window': '1m', 'CalcMethod': 'pearson'}"
"{'Pair': 'ETHUSDT', 'CounterPair': 'MKRUSDT', 'Correlation': 0.818309, 'Window': '1w', 'CalcMethod': 'pearson'}"
"{'Pair': 'ETHUSDT', 'CounterPair': 'MKRUSDT', 'Correlation': 0.607464, 'Window': '1m', 'CalcMethod': 'pearson'}"
"{'Pair': 'ETHUSDT', 'CounterPair': 'MLNUSDT', 'Correlation': 0.914319, 'Window': '1w', 'CalcMethod': 'pearson'}"
"{'Pair': 'ETHUSDT', 'CounterPair': 'MLNUSDT', 'Correlation': 0.645723, 'Window': '1m', 'CalcMethod': 'pearson'}"
"{'Pair': 'ETHUSDT', 'CounterPair': 'MTLUSDT', 'Correlation': 0.856871, 'Window': '1w', 'CalcMethod': 'pearson'}"
"{'Pair': 'ETHUSDT', 'CounterPair': 'MTLUSDT', 'Correlation': 0.546365, 'Window': '1m', 'CalcMethod': 'pearson'}"
"{'Pair': 'ETHUSDT', 'CounterPair': 'NEARUSDT', 'Correlation': 0.872572, 'Window': '1w', 'CalcMethod': 'pearson'}"
"{'Pair': 'ETHUSDT', 'CounterPair': 'NEARUSDT', 'Correlation': 0.465246, 'Window': '1m', 'CalcMethod': 'pearson'}"
"{'Pair': 'ETHUSDT', 'CounterPair': 'NEOUSDT', 'Correlation': 0.866781, 'Window': '1w', 'CalcMethod': 'pearson'}"
"{'Pair': 'ETHUSDT', 'CounterPair': 'NEOUSDT', 'Correlation': 0.604103, 'Window': '1m', 'CalcMethod': 'pearson'}"
"{'Pair': 'ETHUSDT', 'CounterPair': 'NKNUSDT', 'Correlation': 0.804253, 'Window': '1w', 'CalcMethod': 'pearson'}"
"{'Pair': 'ETHUSDT', 'CounterPair': 'NKNUSDT', 'Correlation': 0.570624, 'Window': '1m', 'CalcMethod': 'pearson'}"
"{'Pair': 'ETHUSDT', 'CounterPair': 'NMRUSDT', 'Correlation': 0.865491, 'Window': '1w', 'CalcMethod': 'pearson'}"
"{'Pair': 'ETHUSDT', 'CounterPair': 'NMRUSDT', 'Correlation': 0.659741, 'Window': '1m', 'CalcMethod': 'pearson'}"
"{'Pair': 'ETHUSDT', 'CounterPair': 'NULSUSDT', 'Correlation': 0.835954, 'Window': '1w', 'CalcMethod': 'pearson'}"
"{'Pair': 'ETHUSDT', 'CounterPair': 'NULSUSDT', 'Correlation': 0.665899, 'Window': '1m', 'CalcMethod': 'pearson'}"
"{'Pair': 'ETHUSDT', 'CounterPair': 'OCEANUSDT', 'Correlation': 0.652805, 'Window': '1w', 'CalcMethod': 'pearson'}"
"{'Pair': 'ETHUSDT', 'CounterPair': 'OCEANUSDT', 'Correlation': 0.565009, 'Window': '1m', 'CalcMethod': 'pearson'}"
"{'Pair': 'ETHUSDT', 'CounterPair': 'OGNUSDT', 'Correlation': 0.827595, 'Window': '1w', 'CalcMethod': 'pearson'}"
"{'Pair': 'ETHUSDT', 'CounterPair': 'OGNUSDT', 'Correlation': 0.309131, 'Window': '1m', 'CalcMethod': 'pearson'}"
"{'Pair': 'ETHUSDT', 'CounterPair': 'OGUSDT', 'Correlation': 0.643088, 'Window': '1w', 'CalcMethod': 'pearson'}"
"{'Pair': 'ETHUSDT', 'CounterPair': 'OGUSDT', 'Correlation': 0.32491, 'Window': '1m', 'CalcMethod': 'pearson'}"
"{'Pair': 'ETHUSDT', 'CounterPair': 'OMUSDT', 'Correlation': 0.46091, 'Window': '1w', 'CalcMethod': 'pearson'}"
"{'Pair': 'ETHUSDT', 'CounterPair': 'OMUSDT', 'Correlation': 0.369954, 'Window': '1m', 'CalcMethod': 'pearson'}"
"{'Pair': 'ETHUSDT', 'CounterPair': 'ONEUSDT', 'Correlation': 0.918858, 'Window': '1w', 'CalcMethod': 'pearson'}"
"{'Pair': 'ETHUSDT', 'CounterPair': 'ONEUSDT', 'Correlation': 0.666988, 'Window': '1m', 'CalcMethod': 'pearson'}"
"{'Pair': 'ETHUSDT', 'CounterPair': 'ONGUSDT', 'Correlation': 0.604049, 'Window': '1w', 'CalcMethod': 'pearson'}"
"{'Pair': 'ETHUSDT', 'CounterPair': 'ONGUSDT', 'Correlation': 0.400696, 'Window': '1m', 'CalcMethod': 'pearson'}"
"{'Pair': 'ETHUSDT', 'CounterPair': 'ONTUSDT', 'Correlation': 0.790271, 'Window': '1w', 'CalcMethod': 'pearson'}"
"{'Pair': 'ETHUSDT', 'CounterPair': 'ONTUSDT', 'Correlation': 0.548666, 'Window': '1m', 'CalcMethod': 'pearson'}"
"{'Pair': 'ETHUSDT', 'CounterPair': 'ORNUSDT', 'Correlation': 0.441896, 'Window': '1w', 'CalcMethod': 'pearson'}"
"{'Pair': 'ETHUSDT', 'CounterPair': 'ORNUSDT', 'Correlation': 0.606192, 'Window': '1m', 'CalcMethod': 'pearson'}"
"{'Pair': 'ETHUSDT', 'CounterPair': 'OXTUSDT', 'Correlation': 0.701666, 'Window': '1w', 'CalcMethod': 'pearson'}"
"{'Pair': 'ETHUSDT', 'CounterPair': 'OXTUSDT', 'Correlation': 0.524624, 'Window': '1m', 'CalcMethod': 'pearson'}"
"{'Pair': 'ETHUSDT', 'CounterPair': 'PAXGUSDT', 'Correlation': 0.501232, 'Window': '1w', 'CalcMethod': 'pearson'}"
"{'Pair': 'ETHUSDT', 'CounterPair': 'PAXGUSDT', 'Correlation': 0.391039, 'Window': '1m', 'CalcMethod': 'pearson'}"
"{'Pair': 'ETHUSDT', 'CounterPair': 'PERPUSDT', 'Correlation': 0.825942, 'Window': '1w', 'CalcMethod': 'pearson'}"
"{'Pair': 'ETHUSDT', 'CounterPair': 'PERPUSDT', 'Correlation': 0.504356, 'Window': '1m', 'CalcMethod': 'pearson'}"
"{'Pair': 'ETHUSDT', 'CounterPair': 'PHAUSDT', 'Correlation': 0.862586, 'Window': '1w', 'CalcMethod': 'pearson'}"
"{'Pair': 'ETHUSDT', 'CounterPair': 'PHAUSDT', 'Correlation': 0.407006, 'Window': '1m', 'CalcMethod': 'pearson'}"
"{'Pair': 'ETHUSDT', 'CounterPair': 'POLSUSDT', 'Correlation': 0.918276, 'Window': '1w', 'CalcMethod': 'pearson'}"
"{'Pair': 'ETHUSDT', 'CounterPair': 'POLSUSDT', 'Correlation': 0.608518, 'Window': '1m', 'CalcMethod': 'pearson'}"
"{'Pair': 'ETHUSDT', 'CounterPair': 'PONDUSDT', 'Correlation': 0.805989, 'Window': '1w', 'CalcMethod': 'pearson'}"
"{'Pair': 'ETHUSDT', 'CounterPair': 'PONDUSDT', 'Correlation': 0.683381, 'Window': '1m', 'CalcMethod': 'pearson'}"
"{'Pair': 'ETHUSDT', 'CounterPair': 'PSGUSDT', 'Correlation': 0.567278, 'Window': '1w', 'CalcMethod': 'pearson'}"
"{'Pair': 'ETHUSDT', 'CounterPair': 'PSGUSDT', 'Correlation': 0.499532, 'Window': '1m', 'CalcMethod': 'pearson'}"
"{'Pair': 'ETHUSDT', 'CounterPair': 'PUNDIXUSDT', 'Correlation': 0.878781, 'Window': '1w', 'CalcMethod': 'pearson'}"
"{'Pair': 'ETHUSDT', 'CounterPair': 'PUNDIXUSDT', 'Correlation': 0.636776, 'Window': '1m', 'CalcMethod': 'pearson'}"
"{'Pair': 'ETHUSDT', 'CounterPair': 'QNTUSDT', 'Correlation': 0.909127, 'Window': '1w', 'CalcMethod': 'pearson'}"
"{'Pair': 'ETHUSDT', 'CounterPair': 'QNTUSDT', 'Correlation': 0.475656, 'Window': '1m', 'CalcMethod': 'pearson'}"
"{'Pair': 'ETHUSDT', 'CounterPair': 'QTUMUSDT', 'Correlation': 0.836142, 'Window': '1w', 'CalcMethod': 'pearson'}"
"{'Pair': 'ETHUSDT', 'CounterPair': 'QTUMUSDT', 'Correlation': 0.643922, 'Window': '1m', 'CalcMethod': 'pearson'}"
"{'Pair': 'ETHUSDT', 'CounterPair': 'QUICKUSDT', 'Correlation': 0.934977, 'Window': '1w', 'CalcMethod': 'pearson'}"
"{'Pair': 'ETHUSDT', 'CounterPair': 'QUICKUSDT', 'Correlation': 0.701957, 'Window': '1m', 'CalcMethod': 'pearson'}"
"{'Pair': 'ETHUSDT', 'CounterPair': 'RADUSDT', 'Correlation': 0.753304, 'Window': '1w', 'CalcMethod': 'pearson'}"
"{'Pair': 'ETHUSDT', 'CounterPair': 'RADUSDT', 'Correlation': 0.378112, 'Window': '1m', 'CalcMethod': 'pearson'}"
"{'Pair': 'ETHUSDT', 'CounterPair': 'RAYUSDT', 'Correlation': 0.891497, 'Window': '1w', 'CalcMethod': 'pearson'}"
"{'Pair': 'ETHUSDT', 'CounterPair': 'RAYUSDT', 'Correlation': 0.66574, 'Window': '1m', 'CalcMethod': 'pearson'}"
"{'Pair': 'ETHUSDT', 'CounterPair': 'REEFUSDT', 'Correlation': 0.869029, 'Window': '1w', 'CalcMethod': 'pearson'}"
"{'Pair': 'ETHUSDT', 'CounterPair': 'REEFUSDT', 'Correlation': 0.591479, 'Window': '1m', 'CalcMethod': 'pearson'}"
"{'Pair': 'ETHUSDT', 'CounterPair': 'RENUSDT', 'Correlation': 0.797578, 'Window': '1w', 'CalcMethod': 'pearson'}"
"{'Pair': 'ETHUSDT', 'CounterPair': 'RENUSDT', 'Correlation': 0.323434, 'Window': '1m', 'CalcMethod': 'pearson'}"
"{'Pair': 'ETHUSDT', 'CounterPair': 'REQUSDT', 'Correlation': 0.935564, 'Window': '1w', 'CalcMethod': 'pearson'}"
"{'Pair': 'ETHUSDT', 'CounterPair': 'REQUSDT', 'Correlation': 0.678606, 'Window': '1m', 'CalcMethod': 'pearson'}"
"{'Pair': 'ETHUSDT', 'CounterPair': 'RIFUSDT', 'Correlation': -0.184021, 'Window': '1w', 'CalcMethod': 'pearson'}"
"{'Pair': 'ETHUSDT', 'CounterPair': 'RIFUSDT', 'Correlation': 0.267796, 'Window': '1m', 'CalcMethod': 'pearson'}"
"{'Pair': 'ETHUSDT', 'CounterPair': 'RLCUSDT', 'Correlation': 0.84067, 'Window': '1w', 'CalcMethod': 'pearson'}"
"{'Pair': 'ETHUSDT', 'CounterPair': 'RLCUSDT', 'Correlation': 0.414173, 'Window': '1m', 'CalcMethod': 'pearson'}"
"{'Pair': 'ETHUSDT', 'CounterPair': 'ROSEUSDT', 'Correlation': 0.926254, 'Window': '1w', 'CalcMethod': 'pearson'}"
"{'Pair': 'ETHUSDT', 'CounterPair': 'ROSEUSDT', 'Correlation': 0.364046, 'Window': '1m', 'CalcMethod': 'pearson'}"
"{'Pair': 'ETHUSDT', 'CounterPair': 'RSRUSDT', 'Correlation': 0.871863, 'Window': '1w', 'CalcMethod': 'pearson'}"
"{'Pair': 'ETHUSDT', 'CounterPair': 'RSRUSDT', 'Correlation': 0.426521, 'Window': '1m', 'CalcMethod': 'pearson'}"
"{'Pair': 'ETHUSDT', 'CounterPair': 'RUNEUSDT', 'Correlation': 0.946697, 'Window': '1w', 'CalcMethod': 'pearson'}"
"{'Pair': 'ETHUSDT', 'CounterPair': 'RUNEUSDT', 'Correlation': 0.537413, 'Window': '1m', 'CalcMethod': 'pearson'}"
"{'Pair': 'ETHUSDT', 'CounterPair': 'RVNUSDT', 'Correlation': 0.871801, 'Window': '1w', 'CalcMethod': 'pearson'}"
"{'Pair': 'ETHUSDT', 'CounterPair': 'RVNUSDT', 'Correlation': 0.596403, 'Window': '1m', 'CalcMethod': 'pearson'}"
"{'Pair': 'ETHUSDT', 'CounterPair': 'SANDUSDT', 'Correlation': 0.892725, 'Window': '1w', 'CalcMethod': 'pearson'}"
"{'Pair': 'ETHUSDT', 'CounterPair': 'SANDUSDT', 'Correlation': 0.611697, 'Window': '1m', 'CalcMethod': 'pearson'}"
"{'Pair': 'ETHUSDT', 'CounterPair': 'SCUSDT', 'Correlation': 0.837132, 'Window': '1w', 'CalcMethod': 'pearson'}"
"{'Pair': 'ETHUSDT', 'CounterPair': 'SCUSDT', 'Correlation': 0.620077, 'Window': '1m', 'CalcMethod': 'pearson'}"
"{'Pair': 'ETHUSDT', 'CounterPair': 'SFPUSDT', 'Correlation': 0.788615, 'Window': '1w', 'CalcMethod': 'pearson'}"
"{'Pair': 'ETHUSDT', 'CounterPair': 'SFPUSDT', 'Correlation': 0.457865, 'Window': '1m', 'CalcMethod': 'pearson'}"
"{'Pair': 'ETHUSDT', 'CounterPair': 'SHIBEUR', 'Correlation': 0.884553, 'Window': '1w', 'CalcMethod': 'pearson'}"
"{'Pair': 'ETHUSDT', 'CounterPair': 'SHIBEUR', 'Correlation': 0.533851, 'Window': '1m', 'CalcMethod': 'pearson'}"
"{'Pair': 'ETHUSDT', 'CounterPair': 'SHIBUSDT', 'Correlation': 0.901686, 'Window': '1w', 'CalcMethod': 'pearson'}"
"{'Pair': 'ETHUSDT', 'CounterPair': 'SHIBUSDT', 'Correlation': 0.554781, 'Window': '1m', 'CalcMethod': 'pearson'}"
"{'Pair': 'ETHUSDT', 'CounterPair': 'SKLUSDT', 'Correlation': 0.422564, 'Window': '1w', 'CalcMethod': 'pearson'}"
"{'Pair': 'ETHUSDT', 'CounterPair': 'SKLUSDT', 'Correlation': 0.618839, 'Window': '1m', 'CalcMethod': 'pearson'}"
"{'Pair': 'ETHUSDT', 'CounterPair': 'SLPUSDT', 'Correlation': 0.945482, 'Window': '1w', 'CalcMethod': 'pearson'}"
"{'Pair': 'ETHUSDT', 'CounterPair': 'SLPUSDT', 'Correlation': 0.553091, 'Window': '1m', 'CalcMethod': 'pearson'}"
"{'Pair': 'ETHUSDT', 'CounterPair': 'SNXUSDT', 'Correlation': 0.973508, 'Window': '1w', 'CalcMethod': 'pearson'}"
"{'Pair': 'ETHUSDT', 'CounterPair': 'SNXUSDT', 'Correlation': 0.813397, 'Window': '1m', 'CalcMethod': 'pearson'}"
"{'Pair': 'ETHUSDT', 'CounterPair': 'SOLEUR', 'Correlation': 0.834876, 'Window': '1w', 'CalcMethod': 'pearson'}"
"{'Pair': 'ETHUSDT', 'CounterPair': 'SOLEUR', 'Correlation': 0.575497, 'Window': '1m', 'CalcMethod': 'pearson'}"
"{'Pair': 'ETHUSDT', 'CounterPair': 'SOLUSDT', 'Correlation': 0.826647, 'Window': '1w', 'CalcMethod': 'pearson'}"
"{'Pair': 'ETHUSDT', 'CounterPair': 'SOLUSDT', 'Correlation': 0.577492, 'Window': '1m', 'CalcMethod': 'pearson'}"
"{'Pair': 'ETHUSDT', 'CounterPair': 'STMXUSDT', 'Correlation': 0.62746, 'Window': '1w', 'CalcMethod': 'pearson'}"
"{'Pair': 'ETHUSDT', 'CounterPair': 'STMXUSDT', 'Correlation': 0.522865, 'Window': '1m', 'CalcMethod': 'pearson'}"
"{'Pair': 'ETHUSDT', 'CounterPair': 'STORJUSDT', 'Correlation': 0.88358, 'Window': '1w', 'CalcMethod': 'pearson'}"
"{'Pair': 'ETHUSDT', 'CounterPair': 'STORJUSDT', 'Correlation': 0.622053, 'Window': '1m', 'CalcMethod': 'pearson'}"
"{'Pair': 'ETHUSDT', 'CounterPair': 'STPTUSDT', 'Correlation': 0.910663, 'Window': '1w', 'CalcMethod': 'pearson'}"
"{'Pair': 'ETHUSDT', 'CounterPair': 'STPTUSDT', 'Correlation': 0.571124, 'Window': '1m', 'CalcMethod': 'pearson'}"
"{'Pair': 'ETHUSDT', 'CounterPair': 'STRAXUSDT', 'Correlation': 0.812919, 'Window': '1w', 'CalcMethod': 'pearson'}"
"{'Pair': 'ETHUSDT', 'CounterPair': 'STRAXUSDT', 'Correlation': 0.597576, 'Window': '1m', 'CalcMethod': 'pearson'}"
"{'Pair': 'ETHUSDT', 'CounterPair': 'STXUSDT', 'Correlation': 0.896371, 'Window': '1w', 'CalcMethod': 'pearson'}"
"{'Pair': 'ETHUSDT', 'CounterPair': 'STXUSDT', 'Correlation': 0.551518, 'Window': '1m', 'CalcMethod': 'pearson'}"
"{'Pair': 'ETHUSDT', 'CounterPair': 'SUNUSDT', 'Correlation': 0.573294, 'Window': '1w', 'CalcMethod': 'pearson'}"
"{'Pair': 'ETHUSDT', 'CounterPair': 'SUNUSDT', 'Correlation': 0.483047, 'Window': '1m', 'CalcMethod': 'pearson'}"
"{'Pair': 'ETHUSDT', 'CounterPair': 'SUPERUSDT', 'Correlation': 0.878231, 'Window': '1w', 'CalcMethod': 'pearson'}"
"{'Pair': 'ETHUSDT', 'CounterPair': 'SUPERUSDT', 'Correlation': 0.525259, 'Window': '1m', 'CalcMethod': 'pearson'}"
"{'Pair': 'ETHUSDT', 'CounterPair': 'SUSHIUSDT', 'Correlation': 0.787629, 'Window': '1w', 'CalcMethod': 'pearson'}"
"{'Pair': 'ETHUSDT', 'CounterPair': 'SUSHIUSDT', 'Correlation': 0.701121, 'Window': '1m', 'CalcMethod': 'pearson'}"
"{'Pair': 'ETHUSDT', 'CounterPair': 'SXPUSDT', 'Correlation': 0.860646, 'Window': '1w', 'CalcMethod': 'pearson'}"
"{'Pair': 'ETHUSDT', 'CounterPair': 'SXPUSDT', 'Correlation': 0.549712, 'Window': '1m', 'CalcMethod': 'pearson'}"
"{'Pair': 'ETHUSDT', 'CounterPair': 'SYSUSDT', 'Correlation': 0.873115, 'Window': '1w', 'CalcMethod': 'pearson'}"
"{'Pair': 'ETHUSDT', 'CounterPair': 'SYSUSDT', 'Correlation': 0.637274, 'Window': '1m', 'CalcMethod': 'pearson'}"
"{'Pair': 'ETHUSDT', 'CounterPair': 'TFUELUSDT', 'Correlation': 0.865863, 'Window': '1w', 'CalcMethod': 'pearson'}"
"{'Pair': 'ETHUSDT', 'CounterPair': 'TFUELUSDT', 'Correlation': 0.588021, 'Window': '1m', 'CalcMethod': 'pearson'}"
"{'Pair': 'ETHUSDT', 'CounterPair': 'THETAUSDT', 'Correlation': 0.92476, 'Window': '1w', 'CalcMethod': 'pearson'}"
"{'Pair': 'ETHUSDT', 'CounterPair': 'THETAUSDT', 'Correlation': 0.643377, 'Window': '1m', 'CalcMethod': 'pearson'}"
"{'Pair': 'ETHUSDT', 'CounterPair': 'TKOUSDT', 'Correlation': 0.811259, 'Window': '1w', 'CalcMethod': 'pearson'}"
"{'Pair': 'ETHUSDT', 'CounterPair': 'TKOUSDT', 'Correlation': 0.562549, 'Window': '1m', 'CalcMethod': 'pearson'}"
"{'Pair': 'ETHUSDT', 'CounterPair': 'TLMUSDT', 'Correlation': 0.899143, 'Window': '1w', 'CalcMethod': 'pearson'}"
"{'Pair': 'ETHUSDT', 'CounterPair': 'TLMUSDT', 'Correlation': 0.541901, 'Window': '1m', 'CalcMethod': 'pearson'}"
"{'Pair': 'ETHUSDT', 'CounterPair': 'TRBUSDT', 'Correlation': 0.697053, 'Window': '1w', 'CalcMethod': 'pearson'}"
"{'Pair': 'ETHUSDT', 'CounterPair': 'TRBUSDT', 'Correlation': 0.453409, 'Window': '1m', 'CalcMethod': 'pearson'}"
"{'Pair': 'ETHUSDT', 'CounterPair': 'TROYUSDT', 'Correlation': 0.74802, 'Window': '1w', 'CalcMethod': 'pearson'}"
"{'Pair': 'ETHUSDT', 'CounterPair': 'TROYUSDT', 'Correlation': 0.574636, 'Window': '1m', 'CalcMethod': 'pearson'}"
"{'Pair': 'ETHUSDT', 'CounterPair': 'TRUUSDT', 'Correlation': 0.698165, 'Window': '1w', 'CalcMethod': 'pearson'}"
"{'Pair': 'ETHUSDT', 'CounterPair': 'TRUUSDT', 'Correlation': 0.366286, 'Window': '1m', 'CalcMethod': 'pearson'}"
"{'Pair': 'ETHUSDT', 'CounterPair': 'TRXEUR', 'Correlation': 0.0438397, 'Window': '1w', 'CalcMethod': 'pearson'}"
"{'Pair': 'ETHUSDT', 'CounterPair': 'TRXEUR', 'Correlation': 0.0108171, 'Window': '1m', 'CalcMethod': 'pearson'}"
"{'Pair': 'ETHUSDT', 'CounterPair': 'TRXUSDT', 'Correlation': 0.148588, 'Window': '1w', 'CalcMethod': 'pearson'}"
"{'Pair': 'ETHUSDT', 'CounterPair': 'TRXUSDT', 'Correlation': 0.0884621, 'Window': '1m', 'CalcMethod': 'pearson'}"
"{'Pair': 'ETHUSDT', 'CounterPair': 'TWTUSDT', 'Correlation': 0.808929, 'Window': '1w', 'CalcMethod': 'pearson'}"
"{'Pair': 'ETHUSDT', 'CounterPair': 'TWTUSDT', 'Correlation': 0.412301, 'Window': '1m', 'CalcMethod': 'pearson'}"
"{'Pair': 'ETHUSDT', 'CounterPair': 'UMAUSDT', 'Correlation': 0.845712, 'Window': '1w', 'CalcMethod': 'pearson'}"
"{'Pair': 'ETHUSDT', 'CounterPair': 'UMAUSDT', 'Correlation': 0.36334, 'Window': '1m', 'CalcMethod': 'pearson'}"
"{'Pair': 'ETHUSDT', 'CounterPair': 'UNFIUSDT', 'Correlation': -0.145122, 'Window': '1w', 'CalcMethod': 'pearson'}"
"{'Pair': 'ETHUSDT', 'CounterPair': 'UNFIUSDT', 'Correlation': 0.230196, 'Window': '1m', 'CalcMethod': 'pearson'}"
"{'Pair': 'ETHUSDT', 'CounterPair': 'UNIUSDT', 'Correlation': 0.770405, 'Window': '1w', 'CalcMethod': 'pearson'}"
"{'Pair': 'ETHUSDT', 'CounterPair': 'UNIUSDT', 'Correlation': 0.511901, 'Window': '1m', 'CalcMethod': 'pearson'}"
"{'Pair': 'ETHUSDT', 'CounterPair': 'USDTBRL', 'Correlation': -0.355161, 'Window': '1w', 'CalcMethod': 'pearson'}"
"{'Pair': 'ETHUSDT', 'CounterPair': 'USDTBRL', 'Correlation': -0.177327, 'Window': '1m', 'CalcMethod': 'pearson'}"
"{'Pair': 'ETHUSDT', 'CounterPair': 'USDTDAI', 'Correlation': -0.497705, 'Window': '1w', 'CalcMethod': 'pearson'}"
"{'Pair': 'ETHUSDT', 'CounterPair': 'USDTDAI', 'Correlation': -0.155468, 'Window': '1m', 'CalcMethod': 'pearson'}"
"{'Pair': 'ETHUSDT', 'CounterPair': 'USDTIDRT', 'Correlation': -0.0467793, 'Window': '1w', 'CalcMethod': 'pearson'}"
"{'Pair': 'ETHUSDT', 'CounterPair': 'USDTIDRT', 'Correlation': -0.0207591, 'Window': '1m', 'CalcMethod': 'pearson'}"
"{'Pair': 'ETHUSDT', 'CounterPair': 'USDTTRY', 'Correlation': -0.178242, 'Window': '1w', 'CalcMethod': 'pearson'}"
"{'Pair': 'ETHUSDT', 'CounterPair': 'USDTTRY', 'Correlation': -0.144148, 'Window': '1m', 'CalcMethod': 'pearson'}"
"{'Pair': 'ETHUSDT', 'CounterPair': 'USDTUAH', 'Correlation': -0.526223, 'Window': '1w', 'CalcMethod': 'pearson'}"
"{'Pair': 'ETHUSDT', 'CounterPair': 'USDTUAH', 'Correlation': -0.522225, 'Window': '1m', 'CalcMethod': 'pearson'}"
"{'Pair': 'ETHUSDT', 'CounterPair': 'UTKUSDT', 'Correlation': 0.746924, 'Window': '1w', 'CalcMethod': 'pearson'}"
"{'Pair': 'ETHUSDT', 'CounterPair': 'UTKUSDT', 'Correlation': 0.614622, 'Window': '1m', 'CalcMethod': 'pearson'}"
"{'Pair': 'ETHUSDT', 'CounterPair': 'VETEUR', 'Correlation': 0.875145, 'Window': '1w', 'CalcMethod': 'pearson'}"
"{'Pair': 'ETHUSDT', 'CounterPair': 'VETEUR', 'Correlation': 0.680885, 'Window': '1m', 'CalcMethod': 'pearson'}"
"{'Pair': 'ETHUSDT', 'CounterPair': 'VETUSDT', 'Correlation': 0.881487, 'Window': '1w', 'CalcMethod': 'pearson'}"
"{'Pair': 'ETHUSDT', 'CounterPair': 'VETUSDT', 'Correlation': 0.67882, 'Window': '1m', 'CalcMethod': 'pearson'}"
"{'Pair': 'ETHUSDT', 'CounterPair': 'VIDTUSDT', 'Correlation': 0.887906, 'Window': '1w', 'CalcMethod': 'pearson'}"
"{'Pair': 'ETHUSDT', 'CounterPair': 'VIDTUSDT', 'Correlation': 0.575567, 'Window': '1m', 'CalcMethod': 'pearson'}"
"{'Pair': 'ETHUSDT', 'CounterPair': 'VITEUSDT', 'Correlation': 0.862481, 'Window': '1w', 'CalcMethod': 'pearson'}"
"{'Pair': 'ETHUSDT', 'CounterPair': 'VITEUSDT', 'Correlation': 0.645284, 'Window': '1m', 'CalcMethod': 'pearson'}"
"{'Pair': 'ETHUSDT', 'CounterPair': 'VTHOUSDT', 'Correlation': 0.95607, 'Window': '1w', 'CalcMethod': 'pearson'}"
"{'Pair': 'ETHUSDT', 'CounterPair': 'VTHOUSDT', 'Correlation': 0.576856, 'Window': '1m', 'CalcMethod': 'pearson'}"
"{'Pair': 'ETHUSDT', 'CounterPair': 'WANUSDT', 'Correlation': 0.983753, 'Window': '1w', 'CalcMethod': 'pearson'}"
"{'Pair': 'ETHUSDT', 'CounterPair': 'WANUSDT', 'Correlation': 0.688852, 'Window': '1m', 'CalcMethod': 'pearson'}"
"{'Pair': 'ETHUSDT', 'CounterPair': 'WAXPUSDT', 'Correlation': 0.786153, 'Window': '1w', 'CalcMethod': 'pearson'}"
"{'Pair': 'ETHUSDT', 'CounterPair': 'WAXPUSDT', 'Correlation': 0.605269, 'Window': '1m', 'CalcMethod': 'pearson'}"
"{'Pair': 'ETHUSDT', 'CounterPair': 'WINEUR', 'Correlation': 0.81626, 'Window': '1w', 'CalcMethod': 'pearson'}"
"{'Pair': 'ETHUSDT', 'CounterPair': 'WINEUR', 'Correlation': 0.655369, 'Window': '1m', 'CalcMethod': 'pearson'}"
"{'Pair': 'ETHUSDT', 'CounterPair': 'WINGUSDT', 'Correlation': 0.942178, 'Window': '1w', 'CalcMethod': 'pearson'}"
"{'Pair': 'ETHUSDT', 'CounterPair': 'WINGUSDT', 'Correlation': 0.115904, 'Window': '1m', 'CalcMethod': 'pearson'}"
"{'Pair': 'ETHUSDT', 'CounterPair': 'WINUSDT', 'Correlation': 0.873016, 'Window': '1w', 'CalcMethod': 'pearson'}"
"{'Pair': 'ETHUSDT', 'CounterPair': 'WINUSDT', 'Correlation': 0.686055, 'Window': '1m', 'CalcMethod': 'pearson'}"
"{'Pair': 'ETHUSDT', 'CounterPair': 'WRXUSDT', 'Correlation': 0.871285, 'Window': '1w', 'CalcMethod': 'pearson'}"
"{'Pair': 'ETHUSDT', 'CounterPair': 'WRXUSDT', 'Correlation': 0.637326, 'Window': '1m', 'CalcMethod': 'pearson'}"
"{'Pair': 'ETHUSDT', 'CounterPair': 'XECUSDT', 'Correlation': 0.906528, 'Window': '1w', 'CalcMethod': 'pearson'}"
"{'Pair': 'ETHUSDT', 'CounterPair': 'XECUSDT', 'Correlation': 0.630967, 'Window': '1m', 'CalcMethod': 'pearson'}"
"{'Pair': 'ETHUSDT', 'CounterPair': 'XLMEUR', 'Correlation': 0.739014, 'Window': '1w', 'CalcMethod': 'pearson'}"
"{'Pair': 'ETHUSDT', 'CounterPair': 'XLMEUR', 'Correlation': 0.64079, 'Window': '1m', 'CalcMethod': 'pearson'}"
"{'Pair': 'ETHUSDT', 'CounterPair': 'XLMUSDT', 'Correlation': 0.755543, 'Window': '1w', 'CalcMethod': 'pearson'}"
"{'Pair': 'ETHUSDT', 'CounterPair': 'XLMUSDT', 'Correlation': 0.64866, 'Window': '1m', 'CalcMethod': 'pearson'}"
"{'Pair': 'ETHUSDT', 'CounterPair': 'XRPEUR', 'Correlation': 0.199637, 'Window': '1w', 'CalcMethod': 'pearson'}"
"{'Pair': 'ETHUSDT', 'CounterPair': 'XRPEUR', 'Correlation': 0.462141, 'Window': '1m', 'CalcMethod': 'pearson'}"
"{'Pair': 'ETHUSDT', 'CounterPair': 'XRPUSDT', 'Correlation': 0.252667, 'Window': '1w', 'CalcMethod': 'pearson'}"
"{'Pair': 'ETHUSDT', 'CounterPair': 'XRPUSDT', 'Correlation': 0.478915, 'Window': '1m', 'CalcMethod': 'pearson'}"
"{'Pair': 'ETHUSDT', 'CounterPair': 'XTZUSDT', 'Correlation': 0.919733, 'Window': '1w', 'CalcMethod': 'pearson'}"
"{'Pair': 'ETHUSDT', 'CounterPair': 'XTZUSDT', 'Correlation': 0.584785, 'Window': '1m', 'CalcMethod': 'pearson'}"
"{'Pair': 'ETHUSDT', 'CounterPair': 'XVGUSDT', 'Correlation': 0.801492, 'Window': '1w', 'CalcMethod': 'pearson'}"
"{'Pair': 'ETHUSDT', 'CounterPair': 'XVGUSDT', 'Correlation': 0.506497, 'Window': '1m', 'CalcMethod': 'pearson'}"
"{'Pair': 'ETHUSDT', 'CounterPair': 'XVSUSDT', 'Correlation': 0.839691, 'Window': '1w', 'CalcMethod': 'pearson'}"
"{'Pair': 'ETHUSDT', 'CounterPair': 'XVSUSDT', 'Correlation': 0.558311, 'Window': '1m', 'CalcMethod': 'pearson'}"
"{'Pair': 'ETHUSDT', 'CounterPair': 'YFIUSDT', 'Correlation': 0.894447, 'Window': '1w', 'CalcMethod': 'pearson'}"
"{'Pair': 'ETHUSDT', 'CounterPair': 'YFIUSDT', 'Correlation': 0.655378, 'Window': '1m', 'CalcMethod': 'pearson'}"
"{'Pair': 'ETHUSDT', 'CounterPair': 'YGGUSDT', 'Correlation': 0.743794, 'Window': '1w', 'CalcMethod': 'pearson'}"
"{'Pair': 'ETHUSDT', 'CounterPair': 'YGGUSDT', 'Correlation': 0.428657, 'Window': '1m', 'CalcMethod': 'pearson'}"
"{'Pair': 'ETHUSDT', 'CounterPair': 'ZECUSDT', 'Correlation': 0.727832, 'Window': '1w', 'CalcMethod': 'pearson'}"
"{'Pair': 'ETHUSDT', 'CounterPair': 'ZECUSDT', 'Correlation': 0.284742, 'Window': '1m', 'CalcMethod': 'pearson'}"
"{'Pair': 'ETHUSDT', 'CounterPair': 'ZENUSDT', 'Correlation': 0.858606, 'Window': '1w', 'CalcMethod': 'pearson'}"
"{'Pair': 'ETHUSDT', 'CounterPair': 'ZENUSDT', 'Correlation': 0.524825, 'Window': '1m', 'CalcMethod': 'pearson'}"
"{'Pair': 'ETHUSDT', 'CounterPair': 'ZILUSDT', 'Correlation': 0.948579, 'Window': '1w', 'CalcMethod': 'pearson'}"
"{'Pair': 'ETHUSDT', 'CounterPair': 'ZILUSDT', 'Correlation': 0.668034, 'Window': '1m', 'CalcMethod': 'pearson'}"
"{'Pair': 'ETHUSDT', 'CounterPair': 'ZRXUSDT', 'Correlation': 0.833501, 'Window': '1w', 'CalcMethod': 'pearson'}"
"{'Pair': 'ETHUSDT', 'CounterPair': 'ZRXUSDT', 'Correlation': 0.694571, 'Window': '1m', 'CalcMethod': 'pearson'}"
