result
"{'Pair': 'BTCUSDT', 'CounterPair': '1INCHUSDT', 'Correlation': 0.445618, 'Window': '1w', 'CalcMethod': 'pearson'}"
"{'Pair': 'BTCUSDT', 'CounterPair': '1INCHUSDT', 'Correlation': 0.371298, 'Window': '1m', 'CalcMethod': 'pearson'}"
"{'Pair': 'BTCUSDT', 'CounterPair': 'AAVEUSDT', 'Correlation': 0.689823, 'Window': '1w', 'CalcMethod': 'pearson'}"
"{'Pair': 'BTCUSDT', 'CounterPair': 'AAVEUSDT', 'Correlation': 0.42191, 'Window': '1m', 'CalcMethod': 'pearson'}"
"{'Pair': 'BTCUSDT', 'CounterPair': 'ACMUSDT', 'Correlation': 0.275183, 'Window': '1w', 'CalcMethod': 'pearson'}"
"{'Pair': 'BTCUSDT', 'CounterPair': 'ACMUSDT', 'Correlation': 0.422687, 'Window': '1m', 'CalcMethod': 'pearson'}"
"{'Pair': 'BTCUSDT', 'CounterPair': 'ADAEUR', 'Correlation': 0.770499, 'Window': '1w', 'CalcMethod': 'pearson'}"
"{'Pair': 'BTCUSDT', 'CounterPair': 'ADAEUR', 'Correlation': 0.715837, 'Window': '1m', 'CalcMethod': 'pearson'}"
"{'Pair': 'BTCUSDT', 'CounterPair': 'ADAUSDT', 'Correlation': 0.821334, 'Window': '1w', 'CalcMethod': 'pearson'}"
"{'Pair': 'BTCUSDT', 'CounterPair': 'ADAUSDT', 'Correlation': 0.780169, 'Window': '1m', 'CalcMethod': 'pearson'}"
"{'Pair': 'BTCUSDT', 'CounterPair': 'AGLDUSDT', 'Correlation': 0.468821, 'Window': '1w', 'CalcMethod': 'pearson'}"
"{'Pair': 'BTCUSDT', 'CounterPair': 'AGLDUSDT', 'Correlation': 0.436953, 'Window': '1m', 'CalcMethod': 'pearson'}"
"{'Pair': 'BTCUSDT', 'CounterPair': 'AKROUSDT', 'Correlation': 0.54357, 'Window': '1w', 'CalcMethod': 'pearson'}"
"{'Pair': 'BTCUSDT', 'CounterPair': 'AKROUSDT', 'Correlation': 0.551585, 'Window': '1m', 'CalcMethod': 'pearson'}"
"{'Pair': 'BTCUSDT', 'CounterPair': 'ALGOUSDT', 'Correlation': 0.734248, 'Window': '1w', 'CalcMethod': 'pearson'}"
"{'Pair': 'BTCUSDT', 'CounterPair': 'ALGOUSDT', 'Correlation': 0.695241, 'Window': '1m', 'CalcMethod': 'pearson'}"
"{'Pair': 'BTCUSDT', 'CounterPair': 'ALICEUSDT', 'Correlation': 0.456596, 'Window': '1w', 'CalcMethod': 'pearson'}"
"{'Pair': 'BTCUSDT', 'CounterPair': 'ALICEUSDT', 'Correlation': 0.264624, 'Window': '1m', 'CalcMethod': 'pearson'}"
"{'Pair': 'BTCUSDT', 'CounterPair': 'ALPACAUSDT', 'Correlation': 0.484976, 'Window': '1w', 'CalcMethod': 'pearson'}"
"{'Pair': 'BTCUSDT', 'CounterPair': 'ALPACAUSDT', 'Correlation': 0.491054, 'Window': '1m', 'CalcMethod': 'pearson'}"
"{'Pair': 'BTCUSDT', 'CounterPair': 'ALPHAUSDT', 'Correlation': 0.6773, 'Window': '1w', 'CalcMethod': 'pearson'}"
"{'Pair': 'BTCUSDT', 'CounterPair': 'ALPHAUSDT', 'Correlation': 0.584395, 'Window': '1m', 'CalcMethod': 'pearson'}"
"{'Pair': 'BTCUSDT', 'CounterPair': 'ANKRUSDT', 'Correlation': 0.596595, 'Window': '1w', 'CalcMethod': 'pearson'}"
"{'Pair': 'BTCUSDT', 'CounterPair': 'ANKRUSDT', 'Correlation': 0.623988, 'Window': '1m', 'CalcMethod': 'pearson'}"
"{'Pair': 'BTCUSDT', 'CounterPair': 'ARDRUSDT', 'Correlation': 0.0894452, 'Window': '1w', 'CalcMethod': 'pearson'}"
"{'Pair': 'BTCUSDT', 'CounterPair': 'ARDRUSDT', 'Correlation': 0.411505, 'Window': '1m', 'CalcMethod': 'pearson'}"
"{'Pair': 'BTCUSDT', 'CounterPair': 'ARPAUSDT', 'Correlation': 0.63962, 'Window': '1w', 'CalcMethod': 'pearson'}"
"{'Pair': 'BTCUSDT', 'CounterPair': 'ARPAUSDT', 'Correlation': 0.569248, 'Window': '1m', 'CalcMethod': 'pearson'}"
"{'Pair': 'BTCUSDT', 'CounterPair': 'ARUSDT', 'Correlation': 0.614928, 'Window': '1w', 'CalcMethod': 'pearson'}"
"{'Pair': 'BTCUSDT', 'CounterPair': 'ARUSDT', 'Correlation': 0.639218, 'Window': '1m', 'CalcMethod': 'pearson'}"
"{'Pair': 'BTCUSDT', 'CounterPair': 'ASRUSDT', 'Correlation': 0.0612206, 'Window': '1w', 'CalcMethod': 'pearson'}"
"{'Pair': 'BTCUSDT', 'CounterPair': 'ASRUSDT', 'Correlation': 0.422421, 'Window': '1m', 'CalcMethod': 'pearson'}"
"{'Pair': 'BTCUSDT', 'CounterPair': 'ATAUSDT', 'Correlation': 0.601978, 'Window': '1w', 'CalcMethod': 'pearson'}"
"{'Pair': 'BTCUSDT', 'CounterPair': 'ATAUSDT', 'Correlation': 0.518242, 'Window': '1m', 'CalcMethod': 'pearson'}"
"{'Pair': 'BTCUSDT', 'CounterPair': 'ATMUSDT', 'Correlation': 0.112951, 'Window': '1w', 'CalcMethod': 'pearson'}"
"{'Pair': 'BTCUSDT', 'CounterPair': 'ATMUSDT', 'Correlation': 0.461284, 'Window': '1m', 'CalcMethod': 'pearson'}"
"{'Pair': 'BTCUSDT', 'CounterPair': 'ATOMUSDT', 'Correlation': 0.758191, 'Window': '1w', 'CalcMethod': 'pearson'}"
"{'Pair': 'BTCUSDT', 'CounterPair': 'ATOMUSDT', 'Correlation': 0.760562, 'Window': '1m', 'CalcMethod': 'pearson'}"
"{'Pair': 'BTCUSDT', 'CounterPair': 'AUDIOUSDT', 'Correlation': 0.342013, 'Window': '1w', 'CalcMethod': 'pearson'}"
"{'Pair': 'BTCUSDT', 'CounterPair': 'AUDIOUSDT', 'Correlation': 0.111142, 'Window': '1m', 'CalcMethod': 'pearson'}"
"{'Pair': 'BTCUSDT', 'CounterPair': 'AVAUSDT', 'Correlation': 0.49454, 'Window': '1w', 'CalcMethod': 'pearson'}"
"{'Pair': 'BTCUSDT', 'CounterPair': 'AVAUSDT', 'Correlation': 0.565614, 'Window': '1m', 'CalcMethod': 'pearson'}"
"{'Pair': 'BTCUSDT', 'CounterPair': 'AVAXEUR', 'Correlation': 0.750363, 'Window': '1w', 'CalcMethod': 'pearson'}"
"{'Pair': 'BTCUSDT', 'CounterPair': 'AVAXEUR', 'Correlation': 0.615361, 'Window': '1m', 'CalcMethod': 'pearson'}"
"{'Pair': 'BTCUSDT', 'CounterPair': 'AVAXUSDT', 'Correlation': 0.781811, 'Window': '1w', 'CalcMethod': 'pearson'}"
"{'Pair': 'BTCUSDT', 'CounterPair': 'AVAXUSDT', 'Correlation': 0.66527, 'Window': '1m', 'CalcMethod': 'pearson'}"
"{'Pair': 'BTCUSDT', 'CounterPair': 'AXSUSDT', 'Correlation': 0.506683, 'Window': '1w', 'CalcMethod': 'pearson'}"
"{'Pair': 'BTCUSDT', 'CounterPair': 'AXSUSDT', 'Correlation': 0.486564, 'Window': '1m', 'CalcMethod': 'pearson'}"
"{'Pair': 'BTCUSDT', 'CounterPair': 'BADGERUSDT', 'Correlation': 0.733078, 'Window': '1w', 'CalcMethod': 'pearson'}"
"{'Pair': 'BTCUSDT', 'CounterPair': 'BADGERUSDT', 'Correlation': 0.662987, 'Window': '1m', 'CalcMethod': 'pearson'}"
"{'Pair': 'BTCUSDT', 'CounterPair': 'BAKEUSDT', 'Correlation': -0.0114936, 'Window': '1w', 'CalcMethod': 'pearson'}"
"{'Pair': 'BTCUSDT', 'CounterPair': 'BAKEUSDT', 'Correlation': 0.39214, 'Window': '1m', 'CalcMethod': 'pearson'}"
"{'Pair': 'BTCUSDT', 'CounterPair': 'BALUSDT', 'Correlation': 0.650589, 'Window': '1w', 'CalcMethod': 'pearson'}"
"{'Pair': 'BTCUSDT', 'CounterPair': 'BALUSDT', 'Correlation': 0.531125, 'Window': '1m', 'CalcMethod': 'pearson'}"
"{'Pair': 'BTCUSDT', 'CounterPair': 'BANDUSDT', 'Correlation': 0.776349, 'Window': '1w', 'CalcMethod': 'pearson'}"
"{'Pair': 'BTCUSDT', 'CounterPair': 'BANDUSDT', 'Correlation': 0.556358, 'Window': '1m', 'CalcMethod': 'pearson'}"
"{'Pair': 'BTCUSDT', 'CounterPair': 'BARUSDT', 'Correlation': 0.506798, 'Window': '1w', 'CalcMethod': 'pearson'}"
"{'Pair': 'BTCUSDT', 'CounterPair': 'BARUSDT', 'Correlation': 0.532211, 'Window': '1m', 'CalcMethod': 'pearson'}"
"{'Pair': 'BTCUSDT', 'CounterPair': 'BATUSDT', 'Correlation': 0.606847, 'Window': '1w', 'CalcMethod': 'pearson'}"
"{'Pair': 'BTCUSDT', 'CounterPair': 'BATUSDT', 'Correlation': 0.566251, 'Window': '1m', 'CalcMethod': 'pearson'}"
"{'Pair': 'BTCUSDT', 'CounterPair': 'BCHEUR', 'Correlation': 0.841711, 'Window': '1w', 'CalcMethod': 'pearson'}"
"{'Pair': 'BTCUSDT', 'CounterPair': 'BCHEUR', 'Correlation': 0.748632, 'Window': '1m', 'CalcMethod': 'pearson'}"
"{'Pair': 'BTCUSDT', 'CounterPair': 'BCHUSDT', 'Correlation': 0.882117, 'Window': '1w', 'CalcMethod': 'pearson'}"
"{'Pair': 'BTCUSDT', 'CounterPair': 'BCHUSDT', 'Correlation': 0.827125, 'Window': '1m', 'CalcMethod': 'pearson'}"
"{'Pair': 'BTCUSDT', 'CounterPair': 'BELUSDT', 'Correlation': 0.506359, 'Window': '1w', 'CalcMethod': 'pearson'}"
"{'Pair': 'BTCUSDT', 'CounterPair': 'BELUSDT', 'Correlation': 0.505672, 'Window': '1m', 'CalcMethod': 'pearson'}"
"{'Pair': 'BTCUSDT', 'CounterPair': 'BLZUSDT', 'Correlation': 0.579025, 'Window': '1w', 'CalcMethod': 'pearson'}"
"{'Pair': 'BTCUSDT', 'CounterPair': 'BLZUSDT', 'Correlation': 0.469647, 'Window': '1m', 'CalcMethod': 'pearson'}"
"{'Pair': 'BTCUSDT', 'CounterPair': 'BNBEUR', 'Correlation': 0.691864, 'Window': '1w', 'CalcMethod': 'pearson'}"
"{'Pair': 'BTCUSDT', 'CounterPair': 'BNBEUR', 'Correlation': 0.535365, 'Window': '1m', 'CalcMethod': 'pearson'}"
"{'Pair': 'BTCUSDT', 'CounterPair': 'BNBUSDT', 'Correlation': 0.769245, 'Window': '1w', 'CalcMethod': 'pearson'}"
"{'Pair': 'BTCUSDT', 'CounterPair': 'BNBUSDT', 'Correlation': 0.614378, 'Window': '1m', 'CalcMethod': 'pearson'}"
"{'Pair': 'BTCUSDT', 'CounterPair': 'BNTUSDT', 'Correlation': 0.644478, 'Window': '1w', 'CalcMethod': 'pearson'}"
"{'Pair': 'BTCUSDT', 'CounterPair': 'BNTUSDT', 'Correlation': 0.641427, 'Window': '1m', 'CalcMethod': 'pearson'}"
"{'Pair': 'BTCUSDT', 'CounterPair': 'BONDUSDT', 'Correlation': 0.361488, 'Window': '1w', 'CalcMethod': 'pearson'}"
"{'Pair': 'BTCUSDT', 'CounterPair': 'BONDUSDT', 'Correlation': 0.550914, 'Window': '1m', 'CalcMethod': 'pearson'}"
"{'Pair': 'BTCUSDT', 'CounterPair': 'BTCEUR', 'Correlation': 0.968713, 'Window': '1w', 'CalcMethod': 'pearson'}"
"{'Pair': 'BTCUSDT', 'CounterPair': 'BTCEUR', 'Correlation': 0.964332, 'Window': '1m', 'CalcMethod': 'pearson'}"
"{'Pair': 'BTCUSDT', 'CounterPair': 'BURGERUSDT', 'Correlation': 0.789009, 'Window': '1w', 'CalcMethod': 'pearson'}"
"{'Pair': 'BTCUSDT', 'CounterPair': 'BURGERUSDT', 'Correlation': 0.463413, 'Window': '1m', 'CalcMethod': 'pearson'}"
"{'Pair': 'BTCUSDT', 'CounterPair': 'C98USDT', 'Correlation': 0.643488, 'Window': '1w', 'CalcMethod': 'pearson'}"
"{'Pair': 'BTCUSDT', 'CounterPair': 'C98USDT', 'Correlation': 0.678373, 'Window': '1m', 'CalcMethod': 'pearson'}"
"{'Pair': 'BTCUSDT', 'CounterPair': 'CAKEUSDT', 'Correlation': 0.726345, 'Window': '1w', 'CalcMethod': 'pearson'}"
"{'Pair': 'BTCUSDT', 'CounterPair': 'CAKEUSDT', 'Correlation': 0.565714, 'Window': '1m', 'CalcMethod': 'pearson'}"
"{'Pair': 'BTCUSDT', 'CounterPair': 'CELOUSDT', 'Correlation': 0.406324, 'Window': '1w', 'CalcMethod': 'pearson'}"
"{'Pair': 'BTCUSDT', 'CounterPair': 'CELOUSDT', 'Correlation': 0.672857, 'Window': '1m', 'CalcMethod': 'pearson'}"
"{'Pair': 'BTCUSDT', 'CounterPair': 'CELRUSDT', 'Correlation': 0.62094, 'Window': '1w', 'CalcMethod': 'pearson'}"
"{'Pair': 'BTCUSDT', 'CounterPair': 'CELRUSDT', 'Correlation': 0.463617, 'Window': '1m', 'CalcMethod': 'pearson'}"
"{'Pair': 'BTCUSDT', 'CounterPair': 'CFXUSDT', 'Correlation': 0.584415, 'Window': '1w', 'CalcMethod': 'pearson'}"
"{'Pair': 'BTCUSDT', 'CounterPair': 'CFXUSDT', 'Correlation': 0.579348, 'Window': '1m', 'CalcMethod': 'pearson'}"
"{'Pair': 'BTCUSDT', 'CounterPair': 'CHRUSDT', 'Correlation': 0.713489, 'Window': '1w', 'CalcMethod': 'pearson'}"
"{'Pair': 'BTCUSDT', 'CounterPair': 'CHRUSDT', 'Correlation': 0.5856, 'Window': '1m', 'CalcMethod': 'pearson'}"
"{'Pair': 'BTCUSDT', 'CounterPair': 'CHZEUR', 'Correlation': 0.424036, 'Window': '1w', 'CalcMethod': 'pearson'}"
"{'Pair': 'BTCUSDT', 'CounterPair': 'CHZEUR', 'Correlation': 0.366441, 'Window': '1m', 'CalcMethod': 'pearson'}"
"{'Pair': 'BTCUSDT', 'CounterPair': 'CHZUSDT', 'Correlation': 0.46086, 'Window': '1w', 'CalcMethod': 'pearson'}"
"{'Pair': 'BTCUSDT', 'CounterPair': 'CHZUSDT', 'Correlation': 0.402142, 'Window': '1m', 'CalcMethod': 'pearson'}"
"{'Pair': 'BTCUSDT', 'CounterPair': 'CKBUSDT', 'Correlation': 0.638729, 'Window': '1w', 'CalcMethod': 'pearson'}"
"{'Pair': 'BTCUSDT', 'CounterPair': 'CKBUSDT', 'Correlation': 0.678191, 'Window': '1m', 'CalcMethod': 'pearson'}"
"{'Pair': 'BTCUSDT', 'CounterPair': 'CLVUSDT', 'Correlation': 0.529412, 'Window': '1w', 'CalcMethod': 'pearson'}"
"{'Pair': 'BTCUSDT', 'CounterPair': 'CLVUSDT', 'Correlation': 0.538334, 'Window': '1m', 'CalcMethod': 'pearson'}"
"{'Pair': 'BTCUSDT', 'CounterPair': 'COMPUSDT', 'Correlation': 0.564591, 'Window': '1w', 'CalcMethod': 'pearson'}"
"{'Pair': 'BTCUSDT', 'CounterPair': 'COMPUSDT', 'Correlation': 0.490834, 'Window': '1m', 'CalcMethod': 'pearson'}"
"{'Pair': 'BTCUSDT', 'CounterPair': 'COSUSDT', 'Correlation': 0.38318, 'Window': '1w', 'CalcMethod': 'pearson'}"
"{'Pair': 'BTCUSDT', 'CounterPair': 'COSUSDT', 'Correlation': 0.157239, 'Window': '1m', 'CalcMethod': 'pearson'}"
"{'Pair': 'BTCUSDT', 'CounterPair': 'COTIUSDT', 'Correlation': 0.615551, 'Window': '1w', 'CalcMethod': 'pearson'}"
"{'Pair': 'BTCUSDT', 'CounterPair': 'COTIUSDT', 'Correlation': 0.556435, 'Window': '1m', 'CalcMethod': 'pearson'}"
"{'Pair': 'BTCUSDT', 'CounterPair': 'CRVUSDT', 'Correlation': 0.565975, 'Window': '1w', 'CalcMethod': 'pearson'}"
"{'Pair': 'BTCUSDT', 'CounterPair': 'CRVUSDT', 'Correlation': 0.479133, 'Window': '1m', 'CalcMethod': 'pearson'}"
"{'Pair': 'BTCUSDT', 'CounterPair': 'CTKUSDT', 'Correlation': -0.633153, 'Window': '1w', 'CalcMethod': 'pearson'}"
"{'Pair': 'BTCUSDT', 'CounterPair': 'CTKUSDT', 'Correlation': -0.247245, 'Window': '1m', 'CalcMethod': 'pearson'}"
"{'Pair': 'BTCUSDT', 'CounterPair': 'CTSIUSDT', 'Correlation': 0.719277, 'Window': '1w', 'CalcMethod': 'pearson'}"
"{'Pair': 'BTCUSDT', 'CounterPair': 'CTSIUSDT', 'Correlation': 0.615442, 'Window': '1m', 'CalcMethod': 'pearson'}"
"{'Pair': 'BTCUSDT', 'CounterPair': 'CTXCUSDT', 'Correlation': 0.54719, 'Window': '1w', 'CalcMethod': 'pearson'}"
"{'Pair': 'BTCUSDT', 'CounterPair': 'CTXCUSDT', 'Correlation': 0.516176, 'Window': '1m', 'CalcMethod': 'pearson'}"
"{'Pair': 'BTCUSDT', 'CounterPair': 'CVPUSDT', 'Correlation': 0.406109, 'Window': '1w', 'CalcMethod': 'pearson'}"
"{'Pair': 'BTCUSDT', 'CounterPair': 'CVPUSDT', 'Correlation': 0.685765, 'Window': '1m', 'CalcMethod': 'pearson'}"
"{'Pair': 'BTCUSDT', 'CounterPair': 'DASHUSDT', 'Correlation': 0.551731, 'Window': '1w', 'CalcMethod': 'pearson'}"
"{'Pair': 'BTCUSDT', 'CounterPair': 'DASHUSDT', 'Correlation': 0.586183, 'Window': '1m', 'CalcMethod': 'pearson'}"
"{'Pair': 'BTCUSDT', 'CounterPair': 'DATAUSDT', 'Correlation': 0.50655, 'Window': '1w', 'CalcMethod': 'pearson'}"
"{'Pair': 'BTCUSDT', 'CounterPair': 'DATAUSDT', 'Correlation': 0.509303, 'Window': '1m', 'CalcMethod': 'pearson'}"
"{'Pair': 'BTCUSDT', 'CounterPair': 'DCRUSDT', 'Correlation': 0.105734, 'Window': '1w', 'CalcMethod': 'pearson'}"
"{'Pair': 'BTCUSDT', 'CounterPair': 'DCRUSDT', 'Correlation': 0.411601, 'Window': '1m', 'CalcMethod': 'pearson'}"
"{'Pair': 'BTCUSDT', 'CounterPair': 'DEGOUSDT', 'Correlation': 0.36465, 'Window': '1w', 'CalcMethod': 'pearson'}"
"{'Pair': 'BTCUSDT', 'CounterPair': 'DEGOUSDT', 'Correlation': 0.562815, 'Window': '1m', 'CalcMethod': 'pearson'}"
"{'Pair': 'BTCUSDT', 'CounterPair': 'DENTUSDT', 'Correlation': 0.588345, 'Window': '1w', 'CalcMethod': 'pearson'}"
"{'Pair': 'BTCUSDT', 'CounterPair': 'DENTUSDT', 'Correlation': 0.564432, 'Window': '1m', 'CalcMethod': 'pearson'}"
"{'Pair': 'BTCUSDT', 'CounterPair': 'DEXEUSDT', 'Correlation': 0.411642, 'Window': '1w', 'CalcMethod': 'pearson'}"
"{'Pair': 'BTCUSDT', 'CounterPair': 'DEXEUSDT', 'Correlation': 0.494327, 'Window': '1m', 'CalcMethod': 'pearson'}"
"{'Pair': 'BTCUSDT', 'CounterPair': 'DFUSDT', 'Correlation': 0.231457, 'Window': '1w', 'CalcMethod': 'pearson'}"
"{'Pair': 'BTCUSDT', 'CounterPair': 'DFUSDT', 'Correlation': 0.497265, 'Window': '1m', 'CalcMethod': 'pearson'}"
"{'Pair': 'BTCUSDT', 'CounterPair': 'DGBUSDT', 'Correlation': 0.609479, 'Window': '1w', 'CalcMethod': 'pearson'}"
"{'Pair': 'BTCUSDT', 'CounterPair': 'DGBUSDT', 'Correlation': 0.579792, 'Window': '1m', 'CalcMethod': 'pearson'}"
"{'Pair': 'BTCUSDT', 'CounterPair': 'DIAUSDT', 'Correlation': 0.364231, 'Window': '1w', 'CalcMethod': 'pearson'}"
"{'Pair': 'BTCUSDT', 'CounterPair': 'DIAUSDT', 'Correlation': 0.382168, 'Window': '1m', 'CalcMethod': 'pearson'}"
"{'Pair': 'BTCUSDT', 'CounterPair': 'DOCKUSDT', 'Correlation': 0.408482, 'Window': '1w', 'CalcMethod': 'pearson'}"
"{'Pair': 'BTCUSDT', 'CounterPair': 'DOCKUSDT', 'Correlation': 0.526865, 'Window': '1m', 'CalcMethod': 'pearson'}"
"{'Pair': 'BTCUSDT', 'CounterPair': 'DODOUSDT', 'Correlation': 0.69952, 'Window': '1w', 'CalcMethod': 'pearson'}"
"{'Pair': 'BTCUSDT', 'CounterPair': 'DODOUSDT', 'Correlation': 0.663724, 'Window': '1m', 'CalcMethod': 'pearson'}"
"{'Pair': 'BTCUSDT', 'CounterPair': 'DOGEEUR', 'Correlation': 0.581266, 'Window': '1w', 'CalcMethod': 'pearson'}"
"{'Pair': 'BTCUSDT', 'CounterPair': 'DOGEEUR', 'Correlation': 0.61818, 'Window': '1m', 'CalcMethod': 'pearson'}"
"{'Pair': 'BTCUSDT', 'CounterPair': 'DOGEUSDT', 'Correlation': 0.639481, 'Window': '1w', 'CalcMethod': 'pearson'}"
"{'Pair': 'BTCUSDT', 'CounterPair': 'DOGEUSDT', 'Correlation': 0.671968, 'Window': '1m', 'CalcMethod': 'pearson'}"
"{'Pair': 'BTCUSDT', 'CounterPair': 'DOTEUR', 'Correlation': 0.809007, 'Window': '1w', 'CalcMethod': 'pearson'}"
"{'Pair': 'BTCUSDT', 'CounterPair': 'DOTEUR', 'Correlation': 0.609245, 'Window': '1m', 'CalcMethod': 'pearson'}"
"{'Pair': 'BTCUSDT', 'CounterPair': 'DOTUSDT', 'Correlation': 0.827637, 'Window': '1w', 'CalcMethod': 'pearson'}"
"{'Pair': 'BTCUSDT', 'CounterPair': 'DOTUSDT', 'Correlation': 0.655773, 'Window': '1m', 'CalcMethod': 'pearson'}"
"{'Pair': 'BTCUSDT', 'CounterPair': 'DUSKUSDT', 'Correlation': 0.577877, 'Window': '1w', 'CalcMethod': 'pearson'}"
"{'Pair': 'BTCUSDT', 'CounterPair': 'DUSKUSDT', 'Correlation': 0.525063, 'Window': '1m', 'CalcMethod': 'pearson'}"
"{'Pair': 'BTCUSDT', 'CounterPair': 'DYDXUSDT', 'Correlation': 0.558239, 'Window': '1w', 'CalcMethod': 'pearson'}"
"{'Pair': 'BTCUSDT', 'CounterPair': 'DYDXUSDT', 'Correlation': 0.670543, 'Window': '1m', 'CalcMethod': 'pearson'}"
"{'Pair': 'BTCUSDT', 'CounterPair': 'EGLDEUR', 'Correlation': 0.604676, 'Window': '1w', 'CalcMethod': 'pearson'}"
"{'Pair': 'BTCUSDT', 'CounterPair': 'EGLDEUR', 'Correlation': 0.614023, 'Window': '1m', 'CalcMethod': 'pearson'}"
"{'Pair': 'BTCUSDT', 'CounterPair': 'EGLDUSDT', 'Correlation': 0.654062, 'Window': '1w', 'CalcMethod': 'pearson'}"
"{'Pair': 'BTCUSDT', 'CounterPair': 'EGLDUSDT', 'Correlation': 0.683792, 'Window': '1m', 'CalcMethod': 'pearson'}"
"{'Pair': 'BTCUSDT', 'CounterPair': 'ELFUSDT', 'Correlation': -0.677005, 'Window': '1w', 'CalcMethod': 'pearson'}"
"{'Pair': 'BTCUSDT', 'CounterPair': 'ELFUSDT', 'Correlation': -0.0146374, 'Window': '1m', 'CalcMethod': 'pearson'}"
"{'Pair': 'BTCUSDT', 'CounterPair': 'ENJUSDT', 'Correlation': 0.776303, 'Window': '1w', 'CalcMethod': 'pearson'}"
"{'Pair': 'BTCUSDT', 'CounterPair': 'ENJUSDT', 'Correlation': 0.532837, 'Window': '1m', 'CalcMethod': 'pearson'}"
"{'Pair': 'BTCUSDT', 'CounterPair': 'EOSUSDT', 'Correlation': 0.655914, 'Window': '1w', 'CalcMethod': 'pearson'}"
"{'Pair': 'BTCUSDT', 'CounterPair': 'EOSUSDT', 'Correlation': 0.610459, 'Window': '1m', 'CalcMethod': 'pearson'}"
"{'Pair': 'BTCUSDT', 'CounterPair': 'ERNUSDT', 'Correlation': 0.585822, 'Window': '1w', 'CalcMethod': 'pearson'}"
"{'Pair': 'BTCUSDT', 'CounterPair': 'ERNUSDT', 'Correlation': 0.486827, 'Window': '1m', 'CalcMethod': 'pearson'}"
"{'Pair': 'BTCUSDT', 'CounterPair': 'ETCUSDT', 'Correlation': 0.478998, 'Window': '1w', 'CalcMethod': 'pearson'}"
"{'Pair': 'BTCUSDT', 'CounterPair': 'ETCUSDT', 'Correlation': 0.414806, 'Window': '1m', 'CalcMethod': 'pearson'}"
"{'Pair': 'BTCUSDT', 'CounterPair': 'ETHEUR', 'Correlation': 0.519339, 'Window': '1w', 'CalcMethod': 'pearson'}"
"{'Pair': 'BTCUSDT', 'CounterPair': 'ETHEUR', 'Correlation': 0.318797, 'Window': '1m', 'CalcMethod': 'pearson'}"
"{'Pair': 'BTCUSDT', 'CounterPair': 'ETHUSDT', 'Correlation': 0.589349, 'Window': '1w', 'CalcMethod': 'pearson'}"
"{'Pair': 'BTCUSDT', 'CounterPair': 'ETHUSDT', 'Correlation': 0.441138, 'Window': '1m', 'CalcMethod': 'pearson'}"
"{'Pair': 'BTCUSDT', 'CounterPair': 'EURUSDT', 'Correlation': 0.736957, 'Window': '1w', 'CalcMethod': 'pearson'}"
"{'Pair': 'BTCUSDT', 'CounterPair': 'EURUSDT', 'Correlation': 0.668718, 'Window': '1m', 'CalcMethod': 'pearson'}"
"{'Pair': 'BTCUSDT', 'CounterPair': 'FARMUSDT', 'Correlation': 0.361458, 'Window': '1w', 'CalcMethod': 'pearson'}"
"{'Pair': 'BTCUSDT', 'CounterPair': 'FARMUSDT', 'Correlation': 0.578504, 'Window': '1m', 'CalcMethod': 'pearson'}"
"{'Pair': 'BTCUSDT', 'CounterPair': 'FETUSDT', 'Correlation': 0.377311, 'Window': '1w', 'CalcMethod': 'pearson'}"
"{'Pair': 'BTCUSDT', 'CounterPair': 'FETUSDT', 'Correlation': 0.392706, 'Window': '1m', 'CalcMethod': 'pearson'}"
"{'Pair': 'BTCUSDT', 'CounterPair': 'FIDAUSDT', 'Correlation': 0.799661, 'Window': '1w', 'CalcMethod': 'pearson'}"
"{'Pair': 'BTCUSDT', 'CounterPair': 'FIDAUSDT', 'Correlation': 0.563422, 'Window': '1m', 'CalcMethod': 'pearson'}"
"{'Pair': 'BTCUSDT', 'CounterPair': 'FILUSDT', 'Correlation': 0.74871, 'Window': '1w', 'CalcMethod': 'pearson'}"
"{'Pair': 'BTCUSDT', 'CounterPair': 'FILUSDT', 'Correlation': 0.661024, 'Window': '1m', 'CalcMethod': 'pearson'}"
"{'Pair': 'BTCUSDT', 'CounterPair': 'FIOUSDT', 'Correlation': 0.518349, 'Window': '1w', 'CalcMethod': 'pearson'}"
"{'Pair': 'BTCUSDT', 'CounterPair': 'FIOUSDT', 'Correlation': 0.592658, 'Window': '1m', 'CalcMethod': 'pearson'}"
"{'Pair': 'BTCUSDT', 'CounterPair': 'FISUSDT', 'Correlation': 0.471398, 'Window': '1w', 'CalcMethod': 'pearson'}"
"{'Pair': 'BTCUSDT', 'CounterPair': 'FISUSDT', 'Correlation': 0.571949, 'Window': '1m', 'CalcMethod': 'pearson'}"
"{'Pair': 'BTCUSDT', 'CounterPair': 'FLMUSDT', 'Correlation': 0.641756, 'Window': '1w', 'CalcMethod': 'pearson'}"
"{'Pair': 'BTCUSDT', 'CounterPair': 'FLMUSDT', 'Correlation': 0.657946, 'Window': '1m', 'CalcMethod': 'pearson'}"
"{'Pair': 'BTCUSDT', 'CounterPair': 'FLOWUSDT', 'Correlation': 0.659582, 'Window': '1w', 'CalcMethod': 'pearson'}"
"{'Pair': 'BTCUSDT', 'CounterPair': 'FLOWUSDT', 'Correlation': 0.667761, 'Window': '1m', 'CalcMethod': 'pearson'}"
"{'Pair': 'BTCUSDT', 'CounterPair': 'FORTHUSDT', 'Correlation': 0.620903, 'Window': '1w', 'CalcMethod': 'pearson'}"
"{'Pair': 'BTCUSDT', 'CounterPair': 'FORTHUSDT', 'Correlation': 0.504697, 'Window': '1m', 'CalcMethod': 'pearson'}"
"{'Pair': 'BTCUSDT', 'CounterPair': 'FORUSDT', 'Correlation': 0.528534, 'Window': '1w', 'CalcMethod': 'pearson'}"
"{'Pair': 'BTCUSDT', 'CounterPair': 'FORUSDT', 'Correlation': 0.644162, 'Window': '1m', 'CalcMethod': 'pearson'}"
"{'Pair': 'BTCUSDT', 'CounterPair': 'FRONTUSDT', 'Correlation': 0.750295, 'Window': '1w', 'CalcMethod': 'pearson'}"
"{'Pair': 'BTCUSDT', 'CounterPair': 'FRONTUSDT', 'Correlation': 0.512496, 'Window': '1m', 'CalcMethod': 'pearson'}"
"{'Pair': 'BTCUSDT', 'CounterPair': 'FTMUSDT', 'Correlation': 0.540523, 'Window': '1w', 'CalcMethod': 'pearson'}"
"{'Pair': 'BTCUSDT', 'CounterPair': 'FTMUSDT', 'Correlation': 0.665852, 'Window': '1m', 'CalcMethod': 'pearson'}"
"{'Pair': 'BTCUSDT', 'CounterPair': 'FUNUSDT', 'Correlation': 0.362254, 'Window': '1w', 'CalcMethod': 'pearson'}"
"{'Pair': 'BTCUSDT', 'CounterPair': 'FUNUSDT', 'Correlation': 0.60206, 'Window': '1m', 'CalcMethod': 'pearson'}"
"{'Pair': 'BTCUSDT', 'CounterPair': 'GALAUSDT', 'Correlation': 0.478984, 'Window': '1w', 'CalcMethod': 'pearson'}"
"{'Pair': 'BTCUSDT', 'CounterPair': 'GALAUSDT', 'Correlation': 0.552046, 'Window': '1m', 'CalcMethod': 'pearson'}"
"{'Pair': 'BTCUSDT', 'CounterPair': 'GHSTUSDT', 'Correlation': 0.698503, 'Window': '1w', 'CalcMethod': 'pearson'}"
"{'Pair': 'BTCUSDT', 'CounterPair': 'GHSTUSDT', 'Correlation': 0.11043, 'Window': '1m', 'CalcMethod': 'pearson'}"
"{'Pair': 'BTCUSDT', 'CounterPair': 'GMTUSDT', 'Correlation': 0.395989, 'Window': '1w', 'CalcMethod': 'pearson'}"
"{'Pair': 'BTCUSDT', 'CounterPair': 'GMTUSDT', 'Correlation': 0.531398, 'Window': '1m', 'CalcMethod': 'pearson'}"
"{'Pair': 'BTCUSDT', 'CounterPair': 'GNOUSDT', 'Correlation': 0.617794, 'Window': '1w', 'CalcMethod': 'pearson'}"
"{'Pair': 'BTCUSDT', 'CounterPair': 'GNOUSDT', 'Correlation': 0.406577, 'Window': '1m', 'CalcMethod': 'pearson'}"
"{'Pair': 'BTCUSDT', 'CounterPair': 'GRTEUR', 'Correlation': 0.434905, 'Window': '1w', 'CalcMethod': 'pearson'}"
"{'Pair': 'BTCUSDT', 'CounterPair': 'GRTEUR', 'Correlation': 0.54194, 'Window': '1m', 'CalcMethod': 'pearson'}"
"{'Pair': 'BTCUSDT', 'CounterPair': 'GRTUSDT', 'Correlation': 0.464534, 'Window': '1w', 'CalcMethod': 'pearson'}"
"{'Pair': 'BTCUSDT', 'CounterPair': 'GRTUSDT', 'Correlation': 0.581718, 'Window': '1m', 'CalcMethod': 'pearson'}"
"{'Pair': 'BTCUSDT', 'CounterPair': 'GTCUSDT', 'Correlation': 0.5481, 'Window': '1w', 'CalcMethod': 'pearson'}"
"{'Pair': 'BTCUSDT', 'CounterPair': 'GTCUSDT', 'Correlation': 0.43243, 'Window': '1m', 'CalcMethod': 'pearson'}"
"{'Pair': 'BTCUSDT', 'CounterPair': 'HARDUSDT', 'Correlation': 0.533308, 'Window': '1w', 'CalcMethod': 'pearson'}"
"{'Pair': 'BTCUSDT', 'CounterPair': 'HARDUSDT', 'Correlation': 0.525726, 'Window': '1m', 'CalcMethod': 'pearson'}"
"{'Pair': 'BTCUSDT', 'CounterPair': 'HBARUSDT', 'Correlation': 0.40993, 'Window': '1w', 'CalcMethod': 'pearson'}"
"{'Pair': 'BTCUSDT', 'CounterPair': 'HBARUSDT', 'Correlation': 0.581154, 'Window': '1m', 'CalcMethod': 'pearson'}"
"{'Pair': 'BTCUSDT', 'CounterPair': 'HIVEUSDT', 'Correlation': 0.139061, 'Window': '1w', 'CalcMethod': 'pearson'}"
"{'Pair': 'BTCUSDT', 'CounterPair': 'HIVEUSDT', 'Correlation': 0.513426, 'Window': '1m', 'CalcMethod': 'pearson'}"
"{'Pair': 'BTCUSDT', 'CounterPair': 'HOTUSDT', 'Correlation': 0.662408, 'Window': '1w', 'CalcMethod': 'pearson'}"
"{'Pair': 'BTCUSDT', 'CounterPair': 'HOTUSDT', 'Correlation': 0.540551, 'Window': '1m', 'CalcMethod': 'pearson'}"
"{'Pair': 'BTCUSDT', 'CounterPair': 'ICPEUR', 'Correlation': 0.681715, 'Window': '1w', 'CalcMethod': 'pearson'}"
"{'Pair': 'BTCUSDT', 'CounterPair': 'ICPEUR', 'Correlation': 0.657504, 'Window': '1m', 'CalcMethod': 'pearson'}"
"{'Pair': 'BTCUSDT', 'CounterPair': 'ICPUSDT', 'Correlation': 0.717737, 'Window': '1w', 'CalcMethod': 'pearson'}"
"{'Pair': 'BTCUSDT', 'CounterPair': 'ICPUSDT', 'Correlation': 0.733722, 'Window': '1m', 'CalcMethod': 'pearson'}"
"{'Pair': 'BTCUSDT', 'CounterPair': 'ICXUSDT', 'Correlation': 0.304209, 'Window': '1w', 'CalcMethod': 'pearson'}"
"{'Pair': 'BTCUSDT', 'CounterPair': 'ICXUSDT', 'Correlation': 0.533515, 'Window': '1m', 'CalcMethod': 'pearson'}"
"{'Pair': 'BTCUSDT', 'CounterPair': 'IDEXUSDT', 'Correlation': 0.535081, 'Window': '1w', 'CalcMethod': 'pearson'}"
"{'Pair': 'BTCUSDT', 'CounterPair': 'IDEXUSDT', 'Correlation': 0.476144, 'Window': '1m', 'CalcMethod': 'pearson'}"
"{'Pair': 'BTCUSDT', 'CounterPair': 'ILVUSDT', 'Correlation': 0.597863, 'Window': '1w', 'CalcMethod': 'pearson'}"
"{'Pair': 'BTCUSDT', 'CounterPair': 'ILVUSDT', 'Correlation': 0.453911, 'Window': '1m', 'CalcMethod': 'pearson'}"
"{'Pair': 'BTCUSDT', 'CounterPair': 'INJUSDT', 'Correlation': 0.337192, 'Window': '1w', 'CalcMethod': 'pearson'}"
"{'Pair': 'BTCUSDT', 'CounterPair': 'INJUSDT', 'Correlation': 0.459664, 'Window': '1m', 'CalcMethod': 'pearson'}"
"{'Pair': 'BTCUSDT', 'CounterPair': 'IOSTUSDT', 'Correlation': 0.362693, 'Window': '1w', 'CalcMethod': 'pearson'}"
"{'Pair': 'BTCUSDT', 'CounterPair': 'IOSTUSDT', 'Correlation': 0.495866, 'Window': '1m', 'CalcMethod': 'pearson'}"
"{'Pair': 'BTCUSDT', 'CounterPair': 'IOTAUSDT', 'Correlation': 0.52033, 'Window': '1w', 'CalcMethod': 'pearson'}"
"{'Pair': 'BTCUSDT', 'CounterPair': 'IOTAUSDT', 'Correlation': 0.641262, 'Window': '1m', 'CalcMethod': 'pearson'}"
"{'Pair': 'BTCUSDT', 'CounterPair': 'IOTXUSDT', 'Correlation': 0.84093, 'Window': '1w', 'CalcMethod': 'pearson'}"
"{'Pair': 'BTCUSDT', 'CounterPair': 'IOTXUSDT', 'Correlation': 0.675265, 'Window': '1m', 'CalcMethod': 'pearson'}"
"{'Pair': 'BTCUSDT', 'CounterPair': 'IRISUSDT', 'Correlation': 0.276688, 'Window': '1w', 'CalcMethod': 'pearson'}"
"{'Pair': 'BTCUSDT', 'CounterPair': 'IRISUSDT', 'Correlation': 0.506474, 'Window': '1m', 'CalcMethod': 'pearson'}"
"{'Pair': 'BTCUSDT', 'CounterPair': 'JSTUSDT', 'Correlation': 0.258641, 'Window': '1w', 'CalcMethod': 'pearson'}"
"{'Pair': 'BTCUSDT', 'CounterPair': 'JSTUSDT', 'Correlation': 0.620486, 'Window': '1m', 'CalcMethod': 'pearson'}"
"{'Pair': 'BTCUSDT', 'CounterPair': 'JUVUSDT', 'Correlation': 0.47742, 'Window': '1w', 'CalcMethod': 'pearson'}"
"{'Pair': 'BTCUSDT', 'CounterPair': 'JUVUSDT', 'Correlation': 0.629551, 'Window': '1m', 'CalcMethod': 'pearson'}"
"{'Pair': 'BTCUSDT', 'CounterPair': 'KAVAUSDT', 'Correlation': 0.597619, 'Window': '1w', 'CalcMethod': 'pearson'}"
"{'Pair': 'BTCUSDT', 'CounterPair': 'KAVAUSDT', 'Correlation': 0.715408, 'Window': '1m', 'CalcMethod': 'pearson'}"
"{'Pair': 'BTCUSDT', 'CounterPair': 'KLAYUSDT', 'Correlation': 0.303183, 'Window': '1w', 'CalcMethod': 'pearson'}"
"{'Pair': 'BTCUSDT', 'CounterPair': 'KLAYUSDT', 'Correlation': 0.337716, 'Window': '1m', 'CalcMethod': 'pearson'}"
"{'Pair': 'BTCUSDT', 'CounterPair': 'KMDUSDT', 'Correlation': 0.502422, 'Window': '1w', 'CalcMethod': 'pearson'}"
"{'Pair': 'BTCUSDT', 'CounterPair': 'KMDUSDT', 'Correlation': 0.633087, 'Window': '1m', 'CalcMethod': 'pearson'}"
"{'Pair': 'BTCUSDT', 'CounterPair': 'KNCUSDT', 'Correlation': -0.0351646, 'Window': '1w', 'CalcMethod': 'pearson'}"
"{'Pair': 'BTCUSDT', 'CounterPair': 'KNCUSDT', 'Correlation': 0.233018, 'Window': '1m', 'CalcMethod': 'pearson'}"
"{'Pair': 'BTCUSDT', 'CounterPair': 'KSMUSDT', 'Correlation': 0.645484, 'Window': '1w', 'CalcMethod': 'pearson'}"
"{'Pair': 'BTCUSDT', 'CounterPair': 'KSMUSDT', 'Correlation': 0.653945, 'Window': '1m', 'CalcMethod': 'pearson'}"
"{'Pair': 'BTCUSDT', 'CounterPair': 'LINAUSDT', 'Correlation': 0.620321, 'Window': '1w', 'CalcMethod': 'pearson'}"
"{'Pair': 'BTCUSDT', 'CounterPair': 'LINAUSDT', 'Correlation': 0.590388, 'Window': '1m', 'CalcMethod': 'pearson'}"
"{'Pair': 'BTCUSDT', 'CounterPair': 'LINKEUR', 'Correlation': 0.792068, 'Window': '1w', 'CalcMethod': 'pearson'}"
"{'Pair': 'BTCUSDT', 'CounterPair': 'LINKEUR', 'Correlation': 0.53569, 'Window': '1m', 'CalcMethod': 'pearson'}"
"{'Pair': 'BTCUSDT', 'CounterPair': 'LINKUSDT', 'Correlation': 0.780404, 'Window': '1w', 'CalcMethod': 'pearson'}"
"{'Pair': 'BTCUSDT', 'CounterPair': 'LINKUSDT', 'Correlation': 0.576601, 'Window': '1m', 'CalcMethod': 'pearson'}"
"{'Pair': 'BTCUSDT', 'CounterPair': 'LITUSDT', 'Correlation': 0.578996, 'Window': '1w', 'CalcMethod': 'pearson'}"
"{'Pair': 'BTCUSDT', 'CounterPair': 'LITUSDT', 'Correlation': 0.552454, 'Window': '1m', 'CalcMethod': 'pearson'}"
"{'Pair': 'BTCUSDT', 'CounterPair': 'LPTUSDT', 'Correlation': 0.389145, 'Window': '1w', 'CalcMethod': 'pearson'}"
"{'Pair': 'BTCUSDT', 'CounterPair': 'LPTUSDT', 'Correlation': 0.251272, 'Window': '1m', 'CalcMethod': 'pearson'}"
"{'Pair': 'BTCUSDT', 'CounterPair': 'LRCUSDT', 'Correlation': 0.497661, 'Window': '1w', 'CalcMethod': 'pearson'}"
"{'Pair': 'BTCUSDT', 'CounterPair': 'LRCUSDT', 'Correlation': 0.405445, 'Window': '1m', 'CalcMethod': 'pearson'}"
"{'Pair': 'BTCUSDT', 'CounterPair': 'LSKUSDT', 'Correlation': 0.648773, 'Window': '1w', 'CalcMethod': 'pearson'}"
"{'Pair': 'BTCUSDT', 'CounterPair': 'LSKUSDT', 'Correlation': 0.695506, 'Window': '1m', 'CalcMethod': 'pearson'}"
"{'Pair': 'BTCUSDT', 'CounterPair': 'LTCEUR', 'Correlation': 0.312499, 'Window': '1w', 'CalcMethod': 'pearson'}"
"{'Pair': 'BTCUSDT', 'CounterPair': 'LTCEUR', 'Correlation': 0.526571, 'Window': '1m', 'CalcMethod': 'pearson'}"
"{'Pair': 'BTCUSDT', 'CounterPair': 'LTCUSDT', 'Correlation': 0.407614, 'Window': '1w', 'CalcMethod': 'pearson'}"
"{'Pair': 'BTCUSDT', 'CounterPair': 'LTCUSDT', 'Correlation': 0.633456, 'Window': '1m', 'CalcMethod': 'pearson'}"
"{'Pair': 'BTCUSDT', 'CounterPair': 'LTOUSDT', 'Correlation': 0.621381, 'Window': '1w', 'CalcMethod': 'pearson'}"
"{'Pair': 'BTCUSDT', 'CounterPair': 'LTOUSDT', 'Correlation': 0.460523, 'Window': '1m', 'CalcMethod': 'pearson'}"
"{'Pair': 'BTCUSDT', 'CounterPair': 'LUNAUSDT', 'Correlation': 0.737861, 'Window': '1w', 'CalcMethod': 'pearson'}"
"{'Pair': 'BTCUSDT', 'CounterPair': 'LUNAUSDT', 'Correlation': 0.603356, 'Window': '1m', 'CalcMethod': 'pearson'}"
"{'Pair': 'BTCUSDT', 'CounterPair': 'MANAUSDT', 'Correlation': 0.486613, 'Window': '1w', 'CalcMethod': 'pearson'}"
"{'Pair': 'BTCUSDT', 'CounterPair': 'MANAUSDT', 'Correlation': 0.67056, 'Window': '1m', 'CalcMethod': 'pearson'}"
"{'Pair': 'BTCUSDT', 'CounterPair': 'MASKUSDT', 'Correlation': 0.631579, 'Window': '1w', 'CalcMethod': 'pearson'}"
"{'Pair': 'BTCUSDT', 'CounterPair': 'MASKUSDT', 'Correlation': 0.641225, 'Window': '1m', 'CalcMethod': 'pearson'}"
"{'Pair': 'BTCUSDT', 'CounterPair': 'MATICEUR', 'Correlation': 0.656932, 'Window': '1w', 'CalcMethod': 'pearson'}"
"{'Pair': 'BTCUSDT', 'CounterPair': 'MATICEUR', 'Correlation': 0.568284, 'Window': '1m', 'CalcMethod': 'pearson'}"
"{'Pair': 'BTCUSDT', 'CounterPair': 'MATICUSDT', 'Correlation': 0.689831, 'Window': '1w', 'CalcMethod': 'pearson'}"
"{'Pair': 'BTCUSDT', 'CounterPair': 'MATICUSDT', 'Correlation': 0.614963, 'Window': '1m', 'CalcMethod': 'pearson'}"
"{'Pair': 'BTCUSDT', 'CounterPair': 'MBLUSDT', 'Correlation': -0.000834877, 'Window': '1w', 'CalcMethod': 'pearson'}"
"{'Pair': 'BTCUSDT', 'CounterPair': 'MBLUSDT', 'Correlation': 0.359396, 'Window': '1m', 'CalcMethod': 'pearson'}"
"{'Pair': 'BTCUSDT', 'CounterPair': 'MBOXUSDT', 'Correlation': 0.717306, 'Window': '1w', 'CalcMethod': 'pearson'}"
"{'Pair': 'BTCUSDT', 'CounterPair': 'MBOXUSDT', 'Correlation': 0.604886, 'Window': '1m', 'CalcMethod': 'pearson'}"
"{'Pair': 'BTCUSDT', 'CounterPair': 'MDTUSDT', 'Correlation': 0.56589, 'Window': '1w', 'CalcMethod': 'pearson'}"
"{'Pair': 'BTCUSDT', 'CounterPair': 'MDTUSDT', 'Correlation': 0.430896, 'Window': '1m', 'CalcMethod': 'pearson'}"
"{'Pair': 'BTCUSDT', 'CounterPair': 'MDXUSDT', 'Correlation': 0.144138, 'Window': '1w', 'CalcMethod': 'pearson'}"
"{'Pair': 'BTCUSDT', 'CounterPair': 'MDXUSDT', 'Correlation': 0.412773, 'Window': '1m', 'CalcMethod': 'pearson'}"
"{'Pair': 'BTCUSDT', 'CounterPair': 'MINAUSDT', 'Correlation': 0.602753, 'Window': '1w', 'CalcMethod': 'pearson'}"
"{'Pair': 'BTCUSDT', 'CounterPair': 'MINAUSDT', 'Correlation': 0.572496, 'Window': '1m', 'CalcMethod': 'pearson'}"
"{'Pair': 'BTCUSDT', 'CounterPair': 'MKRUSDT', 'Correlation': 0.464734, 'Window': '1w', 'CalcMethod': 'pearson'}"
"{'Pair': 'BTCUSDT', 'CounterPair': 'MKRUSDT', 'Correlation': 0.414084, 'Window': '1m', 'CalcMethod': 'pearson'}"
"{'Pair': 'BTCUSDT', 'CounterPair': 'MLNUSDT', 'Correlation': 0.460101, 'Window': '1w', 'CalcMethod': 'pearson'}"
"{'Pair': 'BTCUSDT', 'CounterPair': 'MLNUSDT', 'Correlation': 0.587862, 'Window': '1m', 'CalcMethod': 'pearson'}"
"{'Pair': 'BTCUSDT', 'CounterPair': 'MTLUSDT', 'Correlation': 0.440059, 'Window': '1w', 'CalcMethod': 'pearson'}"
"{'Pair': 'BTCUSDT', 'CounterPair': 'MTLUSDT', 'Correlation': 0.489132, 'Window': '1m', 'CalcMethod': 'pearson'}"
"{'Pair': 'BTCUSDT', 'CounterPair': 'NEARUSDT', 'Correlation': 0.674262, 'Window': '1w', 'CalcMethod': 'pearson'}"
"{'Pair': 'BTCUSDT', 'CounterPair': 'NEARUSDT', 'Correlation': 0.655454, 'Window': '1m', 'CalcMethod': 'pearson'}"
"{'Pair': 'BTCUSDT', 'CounterPair': 'NEOUSDT', 'Correlation': 0.598062, 'Window': '1w', 'CalcMethod': 'pearson'}"
"{'Pair': 'BTCUSDT', 'CounterPair': 'NEOUSDT', 'Correlation': 0.734017, 'Window': '1m', 'CalcMethod': 'pearson'}"
"{'Pair': 'BTCUSDT', 'CounterPair': 'NKNUSDT', 'Correlation': 0.671162, 'Window': '1w', 'CalcMethod': 'pearson'}"
"{'Pair': 'BTCUSDT', 'CounterPair': 'NKNUSDT', 'Correlation': 0.639673, 'Window': '1m', 'CalcMethod': 'pearson'}"
"{'Pair': 'BTCUSDT', 'CounterPair': 'NMRUSDT', 'Correlation': 0.522483, 'Window': '1w', 'CalcMethod': 'pearson'}"
"{'Pair': 'BTCUSDT', 'CounterPair': 'NMRUSDT', 'Correlation': 0.596708, 'Window': '1m', 'CalcMethod': 'pearson'}"
"{'Pair': 'BTCUSDT', 'CounterPair': 'NULSUSDT', 'Correlation': 0.707612, 'Window': '1w', 'CalcMethod': 'pearson'}"
"{'Pair': 'BTCUSDT', 'CounterPair': 'NULSUSDT', 'Correlation': 0.579308, 'Window': '1m', 'CalcMethod': 'pearson'}"
"{'Pair': 'BTCUSDT', 'CounterPair': 'OCEANUSDT', 'Correlation': 0.332032, 'Window': '1w', 'CalcMethod': 'pearson'}"
"{'Pair': 'BTCUSDT', 'CounterPair': 'OCEANUSDT', 'Correlation': 0.366366, 'Window': '1m', 'CalcMethod': 'pearson'}"
"{'Pair': 'BTCUSDT', 'CounterPair': 'OGNUSDT', 'Correlation': 0.51108, 'Window': '1w', 'CalcMethod': 'pearson'}"
"{'Pair': 'BTCUSDT', 'CounterPair': 'OGNUSDT', 'Correlation': 0.388733, 'Window': '1m', 'CalcMethod': 'pearson'}"
"{'Pair': 'BTCUSDT', 'CounterPair': 'OGUSDT', 'Correlation': 0.01909, 'Window': '1w', 'CalcMethod': 'pearson'}"
"{'Pair': 'BTCUSDT', 'CounterPair': 'OGUSDT', 'Correlation': 0.392712, 'Window': '1m', 'CalcMethod': 'pearson'}"
"{'Pair': 'BTCUSDT', 'CounterPair': 'OMUSDT', 'Correlation': 0.228583, 'Window': '1w', 'CalcMethod': 'pearson'}"
"{'Pair': 'BTCUSDT', 'CounterPair': 'OMUSDT', 'Correlation': 0.456937, 'Window': '1m', 'CalcMethod': 'pearson'}"
"{'Pair': 'BTCUSDT', 'CounterPair': 'ONEUSDT', 'Correlation': 0.619426, 'Window': '1w', 'CalcMethod': 'pearson'}"
"{'Pair': 'BTCUSDT', 'CounterPair': 'ONEUSDT', 'Correlation': 0.467591, 'Window': '1m', 'CalcMethod': 'pearson'}"
"{'Pair': 'BTCUSDT', 'CounterPair': 'ONGUSDT', 'Correlation': 0.213166, 'Window': '1w', 'CalcMethod': 'pearson'}"
"{'Pair': 'BTCUSDT', 'CounterPair': 'ONGUSDT', 'Correlation': 0.49285, 'Window': '1m', 'CalcMethod': 'pearson'}"
"{'Pair': 'BTCUSDT', 'CounterPair': 'ONTUSDT', 'Correlation': 0.753723, 'Window': '1w', 'CalcMethod': 'pearson'}"
"{'Pair': 'BTCUSDT', 'CounterPair': 'ONTUSDT', 'Correlation': 0.715208, 'Window': '1m', 'CalcMethod': 'pearson'}"
"{'Pair': 'BTCUSDT', 'CounterPair': 'ORNUSDT', 'Correlation': 0.962354, 'Window': '1w', 'CalcMethod': 'pearson'}"
"{'Pair': 'BTCUSDT', 'CounterPair': 'ORNUSDT', 'Correlation': 0.617345, 'Window': '1m', 'CalcMethod': 'pearson'}"
"{'Pair': 'BTCUSDT', 'CounterPair': 'OXTUSDT', 'Correlation': 0.49685, 'Window': '1w', 'CalcMethod': 'pearson'}"
"{'Pair': 'BTCUSDT', 'CounterPair': 'OXTUSDT', 'Correlation': 0.385851, 'Window': '1m', 'CalcMethod': 'pearson'}"
"{'Pair': 'BTCUSDT', 'CounterPair': 'PAXGUSDT', 'Correlation': 0.0525807, 'Window': '1w', 'CalcMethod': 'pearson'}"
"{'Pair': 'BTCUSDT', 'CounterPair': 'PAXGUSDT', 'Correlation': 0.413161, 'Window': '1m', 'CalcMethod': 'pearson'}"
"{'Pair': 'BTCUSDT', 'CounterPair': 'PERPUSDT', 'Correlation': 0.632746, 'Window': '1w', 'CalcMethod': 'pearson'}"
"{'Pair': 'BTCUSDT', 'CounterPair': 'PERPUSDT', 'Correlation': 0.617368, 'Window': '1m', 'CalcMethod': 'pearson'}"
"{'Pair': 'BTCUSDT', 'CounterPair': 'PHAUSDT', 'Correlation': 0.719142, 'Window': '1w', 'CalcMethod': 'pearson'}"
"{'Pair': 'BTCUSDT', 'CounterPair': 'PHAUSDT', 'Correlation': 0.498778, 'Window': '1m', 'CalcMethod': 'pearson'}"
"{'Pair': 'BTCUSDT', 'CounterPair': 'POLSUSDT', 'Correlation': 0.509804, 'Window': '1w', 'CalcMethod': 'pearson'}"
"{'Pair': 'BTCUSDT', 'CounterPair': 'POLSUSDT', 'Correlation': 0.619426, 'Window': '1m', 'CalcMethod': 'pearson'}"
"{'Pair': 'BTCUSDT', 'CounterPair': 'PONDUSDT', 'Correlation': 0.437854, 'Window': '1w', 'CalcMethod': 'pearson'}"
"{'Pair': 'BTCUSDT', 'CounterPair': 'PONDUSDT', 'Correlation': 0.445644, 'Window': '1m', 'CalcMethod': 'pearson'}"
"{'Pair': 'BTCUSDT', 'CounterPair': 'PSGUSDT', 'Correlation': 0.23904, 'Window': '1w', 'CalcMethod': 'pearson'}"
"{'Pair': 'BTCUSDT', 'CounterPair': 'PSGUSDT', 'Correlation': 0.404942, 'Window': '1m', 'CalcMethod': 'pearson'}"
"{'Pair': 'BTCUSDT', 'CounterPair': 'PUNDIXUSDT', 'Correlation': 0.21824, 'Window': '1w', 'CalcMethod': 'pearson'}"
"{'Pair': 'BTCUSDT', 'CounterPair': 'PUNDIXUSDT', 'Correlation': 0.469736, 'Window': '1m', 'CalcMethod': 'pearson'}"
"{'Pair': 'BTCUSDT', 'CounterPair': 'QNTUSDT', 'Correlation': 0.744439, 'Window': '1w', 'CalcMethod': 'pearson'}"
"{'Pair': 'BTCUSDT', 'CounterPair': 'QNTUSDT', 'Correlation': 0.596617, 'Window': '1m', 'CalcMethod': 'pearson'}"
"{'Pair': 'BTCUSDT', 'CounterPair': 'QTUMUSDT', 'Correlation': 0.605571, 'Window': '1w', 'CalcMethod': 'pearson'}"
"{'Pair': 'BTCUSDT', 'CounterPair': 'QTUMUSDT', 'Correlation': 0.670161, 'Window': '1m', 'CalcMethod': 'pearson'}"
"{'Pair': 'BTCUSDT', 'CounterPair': 'QUICKUSDT', 'Correlation': 0.581086, 'Window': '1w', 'CalcMethod': 'pearson'}"
"{'Pair': 'BTCUSDT', 'CounterPair': 'QUICKUSDT', 'Correlation': 0.638704, 'Window': '1m', 'CalcMethod': 'pearson'}"
"{'Pair': 'BTCUSDT', 'CounterPair': 'RADUSDT', 'Correlation': 0.628877, 'Window': '1w', 'CalcMethod': 'pearson'}"
"{'Pair': 'BTCUSDT', 'CounterPair': 'RADUSDT', 'Correlation': 0.553903, 'Window': '1m', 'CalcMethod': 'pearson'}"
"{'Pair': 'BTCUSDT', 'CounterPair': 'RAYUSDT', 'Correlation': 0.441343, 'Window': '1w', 'CalcMethod': 'pearson'}"
"{'Pair': 'BTCUSDT', 'CounterPair': 'RAYUSDT', 'Correlation': 0.554536, 'Window': '1m', 'CalcMethod': 'pearson'}"
"{'Pair': 'BTCUSDT', 'CounterPair': 'REEFUSDT', 'Correlation': 0.655295, 'Window': '1w', 'CalcMethod': 'pearson'}"
"{'Pair': 'BTCUSDT', 'CounterPair': 'REEFUSDT', 'Correlation': 0.596539, 'Window': '1m', 'CalcMethod': 'pearson'}"
"{'Pair': 'BTCUSDT', 'CounterPair': 'RENUSDT', 'Correlation': 0.695831, 'Window': '1w', 'CalcMethod': 'pearson'}"
"{'Pair': 'BTCUSDT', 'CounterPair': 'RENUSDT', 'Correlation': 0.560441, 'Window': '1m', 'CalcMethod': 'pearson'}"
"{'Pair': 'BTCUSDT', 'CounterPair': 'REQUSDT', 'Correlation': 0.57546, 'Window': '1w', 'CalcMethod': 'pearson'}"
"{'Pair': 'BTCUSDT', 'CounterPair': 'REQUSDT', 'Correlation': 0.36788, 'Window': '1m', 'CalcMethod': 'pearson'}"
"{'Pair': 'BTCUSDT', 'CounterPair': 'RIFUSDT', 'Correlation': 0.149278, 'Window': '1w', 'CalcMethod': 'pearson'}"
"{'Pair': 'BTCUSDT', 'CounterPair': 'RIFUSDT', 'Correlation': 0.620814, 'Window': '1m', 'CalcMethod': 'pearson'}"
"{'Pair': 'BTCUSDT', 'CounterPair': 'RLCUSDT', 'Correlation': 0.645409, 'Window': '1w', 'CalcMethod': 'pearson'}"
"{'Pair': 'BTCUSDT', 'CounterPair': 'RLCUSDT', 'Correlation': 0.551514, 'Window': '1m', 'CalcMethod': 'pearson'}"
"{'Pair': 'BTCUSDT', 'CounterPair': 'ROSEUSDT', 'Correlation': 0.358309, 'Window': '1w', 'CalcMethod': 'pearson'}"
"{'Pair': 'BTCUSDT', 'CounterPair': 'ROSEUSDT', 'Correlation': 0.632492, 'Window': '1m', 'CalcMethod': 'pearson'}"
"{'Pair': 'BTCUSDT', 'CounterPair': 'RSRUSDT', 'Correlation': 0.603146, 'Window': '1w', 'CalcMethod': 'pearson'}"
"{'Pair': 'BTCUSDT', 'CounterPair': 'RSRUSDT', 'Correlation': 0.548726, 'Window': '1m', 'CalcMethod': 'pearson'}"
"{'Pair': 'BTCUSDT', 'CounterPair': 'RUNEUSDT', 'Correlation': 0.660548, 'Window': '1w', 'CalcMethod': 'pearson'}"
"{'Pair': 'BTCUSDT', 'CounterPair': 'RUNEUSDT', 'Correlation': 0.78782, 'Window': '1m', 'CalcMethod': 'pearson'}"
"{'Pair': 'BTCUSDT', 'CounterPair': 'RVNUSDT', 'Correlation': 0.554629, 'Window': '1w', 'CalcMethod': 'pearson'}"
"{'Pair': 'BTCUSDT', 'CounterPair': 'RVNUSDT', 'Correlation': 0.719211, 'Window': '1m', 'CalcMethod': 'pearson'}"
"{'Pair': 'BTCUSDT', 'CounterPair': 'SANDUSDT', 'Correlation': 0.417924, 'Window': '1w', 'CalcMethod': 'pearson'}"
"{'Pair': 'BTCUSDT', 'CounterPair': 'SANDUSDT', 'Correlation': 0.650055, 'Window': '1m', 'CalcMethod': 'pearson'}"
"{'Pair': 'BTCUSDT', 'CounterPair': 'SCUSDT', 'Correlation': 0.340665, 'Window': '1w', 'CalcMethod': 'pearson'}"
"{'Pair': 'BTCUSDT', 'CounterPair': 'SCUSDT', 'Correlation': 0.479632, 'Window': '1m', 'CalcMethod': 'pearson'}"
"{'Pair': 'BTCUSDT', 'CounterPair': 'SFPUSDT', 'Correlation': 0.824407, 'Window': '1w', 'CalcMethod': 'pearson'}"
"{'Pair': 'BTCUSDT', 'CounterPair': 'SFPUSDT', 'Correlation': 0.369555, 'Window': '1m', 'CalcMethod': 'pearson'}"
"{'Pair': 'BTCUSDT', 'CounterPair': 'SHIBEUR', 'Correlation': 0.600328, 'Window': '1w', 'CalcMethod': 'pearson'}"
"{'Pair': 'BTCUSDT', 'CounterPair': 'SHIBEUR', 'Correlation': 0.402499, 'Window': '1m', 'CalcMethod': 'pearson'}"
"{'Pair': 'BTCUSDT', 'CounterPair': 'SHIBUSDT', 'Correlation': 0.658484, 'Window': '1w', 'CalcMethod': 'pearson'}"
"{'Pair': 'BTCUSDT', 'CounterPair': 'SHIBUSDT', 'Correlation': 0.482974, 'Window': '1m', 'CalcMethod': 'pearson'}"
"{'Pair': 'BTCUSDT', 'CounterPair': 'SKLUSDT', 'Correlation': 0.273311, 'Window': '1w', 'CalcMethod': 'pearson'}"
"{'Pair': 'BTCUSDT', 'CounterPair': 'SKLUSDT', 'Correlation': 0.15942, 'Window': '1m', 'CalcMethod': 'pearson'}"
"{'Pair': 'BTCUSDT', 'CounterPair': 'SLPUSDT', 'Correlation': 0.521641, 'Window': '1w', 'CalcMethod': 'pearson'}"
"{'Pair': 'BTCUSDT', 'CounterPair': 'SLPUSDT', 'Correlation': 0.495305, 'Window': '1m', 'CalcMethod': 'pearson'}"
"{'Pair': 'BTCUSDT', 'CounterPair': 'SNXUSDT', 'Correlation': 0.546507, 'Window': '1w', 'CalcMethod': 'pearson'}"
"{'Pair': 'BTCUSDT', 'CounterPair': 'SNXUSDT', 'Correlation': 0.536609, 'Window': '1m', 'CalcMethod': 'pearson'}"
"{'Pair': 'BTCUSDT', 'CounterPair': 'SOLEUR', 'Correlation': 0.758206, 'Window': '1w', 'CalcMethod': 'pearson'}"
"{'Pair': 'BTCUSDT', 'CounterPair': 'SOLEUR', 'Correlation': 0.674955, 'Window': '1m', 'CalcMethod': 'pearson'}"
"{'Pair': 'BTCUSDT', 'CounterPair': 'SOLUSDT', 'Correlation': 0.784217, 'Window': '1w', 'CalcMethod': 'pearson'}"
"{'Pair': 'BTCUSDT', 'CounterPair': 'SOLUSDT', 'Correlation': 0.720397, 'Window': '1m', 'CalcMethod': 'pearson'}"
"{'Pair': 'BTCUSDT', 'CounterPair': 'STMXUSDT', 'Correlation': 0.302242, 'Window': '1w', 'CalcMethod': 'pearson'}"
"{'Pair': 'BTCUSDT', 'CounterPair': 'STMXUSDT', 'Correlation': 0.311095, 'Window': '1m', 'CalcMethod': 'pearson'}"
"{'Pair': 'BTCUSDT', 'CounterPair': 'STORJUSDT', 'Correlation': 0.235296, 'Window': '1w', 'CalcMethod': 'pearson'}"
"{'Pair': 'BTCUSDT', 'CounterPair': 'STORJUSDT', 'Correlation': 0.501959, 'Window': '1m', 'CalcMethod': 'pearson'}"
"{'Pair': 'BTCUSDT', 'CounterPair': 'STPTUSDT', 'Correlation': 0.258288, 'Window': '1w', 'CalcMethod': 'pearson'}"
"{'Pair': 'BTCUSDT', 'CounterPair': 'STPTUSDT', 'Correlation': 0.429676, 'Window': '1m', 'CalcMethod': 'pearson'}"
"{'Pair': 'BTCUSDT', 'CounterPair': 'STRAXUSDT', 'Correlation': 0.161539, 'Window': '1w', 'CalcMethod': 'pearson'}"
"{'Pair': 'BTCUSDT', 'CounterPair': 'STRAXUSDT', 'Correlation': 0.420564, 'Window': '1m', 'CalcMethod': 'pearson'}"
"{'Pair': 'BTCUSDT', 'CounterPair': 'STXUSDT', 'Correlation': 0.787154, 'Window': '1w', 'CalcMethod': 'pearson'}"
"{'Pair': 'BTCUSDT', 'CounterPair': 'STXUSDT', 'Correlation': 0.706089, 'Window': '1m', 'CalcMethod': 'pearson'}"
"{'Pair': 'BTCUSDT', 'CounterPair': 'SUNUSDT', 'Correlation': 0.478109, 'Window': '1w', 'CalcMethod': 'pearson'}"
"{'Pair': 'BTCUSDT', 'CounterPair': 'SUNUSDT', 'Correlation': 0.610539, 'Window': '1m', 'CalcMethod': 'pearson'}"
"{'Pair': 'BTCUSDT', 'CounterPair': 'SUPERUSDT', 'Correlation': 0.66543, 'Window': '1w', 'CalcMethod': 'pearson'}"
"{'Pair': 'BTCUSDT', 'CounterPair': 'SUPERUSDT', 'Correlation': 0.705867, 'Window': '1m', 'CalcMethod': 'pearson'}"
"{'Pair': 'BTCUSDT', 'CounterPair': 'SUSHIUSDT', 'Correlation': 0.608979, 'Window': '1w', 'CalcMethod': 'pearson'}"
"{'Pair': 'BTCUSDT', 'CounterPair': 'SUSHIUSDT', 'Correlation': 0.679422, 'Window': '1m', 'CalcMethod': 'pearson'}"
"{'Pair': 'BTCUSDT', 'CounterPair': 'SXPUSDT', 'Correlation': 0.377037, 'Window': '1w', 'CalcMethod': 'pearson'}"
"{'Pair': 'BTCUSDT', 'CounterPair': 'SXPUSDT', 'Correlation': 0.657928, 'Window': '1m', 'CalcMethod': 'pearson'}"
"{'Pair': 'BTCUSDT', 'CounterPair': 'SYSUSDT', 'Correlation': 0.319076, 'Window': '1w', 'CalcMethod': 'pearson'}"
"{'Pair': 'BTCUSDT', 'CounterPair': 'SYSUSDT', 'Correlation': 0.476841, 'Window': '1m', 'CalcMethod': 'pearson'}"
"{'Pair': 'BTCUSDT', 'CounterPair': 'TFUELUSDT', 'Correlation': 0.802527, 'Window': '1w', 'CalcMethod': 'pearson'}"
"{'Pair': 'BTCUSDT', 'CounterPair': 'TFUELUSDT', 'Correlation': 0.602556, 'Window': '1m', 'CalcMethod': 'pearson'}"
"{'Pair': 'BTCUSDT', 'CounterPair': 'THETAUSDT', 'Correlation': 0.711981, 'Window': '1w', 'CalcMethod': 'pearson'}"
"{'Pair': 'BTCUSDT', 'CounterPair': 'THETAUSDT', 'Correlation': 0.720496, 'Window': '1m', 'CalcMethod': 'pearson'}"
"{'Pair': 'BTCUSDT', 'CounterPair': 'TKOUSDT', 'Correlation': 0.455741, 'Window': '1w', 'CalcMethod': 'pearson'}"
"{'Pair': 'BTCUSDT', 'CounterPair': 'TKOUSDT', 'Correlation': 0.604574, 'Window': '1m', 'CalcMethod': 'pearson'}"
"{'Pair': 'BTCUSDT', 'CounterPair': 'TLMUSDT', 'Correlation': 0.650838, 'Window': '1w', 'CalcMethod': 'pearson'}"
"{'Pair': 'BTCUSDT', 'CounterPair': 'TLMUSDT', 'Correlation': 0.535076, 'Window': '1m', 'CalcMethod': 'pearson'}"
"{'Pair': 'BTCUSDT', 'CounterPair': 'TRBUSDT', 'Correlation': 0.788174, 'Window': '1w', 'CalcMethod': 'pearson'}"
"{'Pair': 'BTCUSDT', 'CounterPair': 'TRBUSDT', 'Correlation': 0.567834, 'Window': '1m', 'CalcMethod': 'pearson'}"
"{'Pair': 'BTCUSDT', 'CounterPair': 'TROYUSDT', 'Correlation': 0.465647, 'Window': '1w', 'CalcMethod': 'pearson'}"
"{'Pair': 'BTCUSDT', 'CounterPair': 'TROYUSDT', 'Correlation': 0.62308, 'Window': '1m', 'CalcMethod': 'pearson'}"
"{'Pair': 'BTCUSDT', 'CounterPair': 'TRUUSDT', 'Correlation': 0.171653, 'Window': '1w', 'CalcMethod': 'pearson'}"
"{'Pair': 'BTCUSDT', 'CounterPair': 'TRUUSDT', 'Correlation': 0.312727, 'Window': '1m', 'CalcMethod': 'pearson'}"
"{'Pair': 'BTCUSDT', 'CounterPair': 'TRXEUR', 'Correlation': 0.132579, 'Window': '1w', 'CalcMethod': 'pearson'}"
"{'Pair': 'BTCUSDT', 'CounterPair': 'TRXEUR', 'Correlation': 0.194205, 'Window': '1m', 'CalcMethod': 'pearson'}"
"{'Pair': 'BTCUSDT', 'CounterPair': 'TRXUSDT', 'Correlation': 0.359066, 'Window': '1w', 'CalcMethod': 'pearson'}"
"{'Pair': 'BTCUSDT', 'CounterPair': 'TRXUSDT', 'Correlation': 0.374195, 'Window': '1m', 'CalcMethod': 'pearson'}"
"{'Pair': 'BTCUSDT', 'CounterPair': 'TWTUSDT', 'Correlation': 0.649243, 'Window': '1w', 'CalcMethod': 'pearson'}"
"{'Pair': 'BTCUSDT', 'CounterPair': 'TWTUSDT', 'Correlation': 0.585239, 'Window': '1m', 'CalcMethod': 'pearson'}"
"{'Pair': 'BTCUSDT', 'CounterPair': 'UMAUSDT', 'Correlation': 0.644287, 'Window': '1w', 'CalcMethod': 'pearson'}"
"{'Pair': 'BTCUSDT', 'CounterPair': 'UMAUSDT', 'Correlation': 0.450001, 'Window': '1m', 'CalcMethod': 'pearson'}"
"{'Pair': 'BTCUSDT', 'CounterPair': 'UNFIUSDT', 'Correlation': 0.539984, 'Window': '1w', 'CalcMethod': 'pearson'}"
"{'Pair': 'BTCUSDT', 'CounterPair': 'UNFIUSDT', 'Correlation': 0.239637, 'Window': '1m', 'CalcMethod': 'pearson'}"
"{'Pair': 'BTCUSDT', 'CounterPair': 'UNIUSDT', 'Correlation': 0.3983, 'Window': '1w', 'CalcMethod': 'pearson'}"
"{'Pair': 'BTCUSDT', 'CounterPair': 'UNIUSDT', 'Correlation': 0.652497, 'Window': '1m', 'CalcMethod': 'pearson'}"
"{'Pair': 'BTCUSDT', 'CounterPair': 'USDTBRL', 'Correlation': -0.18614, 'Window': '1w', 'CalcMethod': 'pearson'}"
"{'Pair': 'BTCUSDT', 'CounterPair': 'USDTBRL', 'Correlation': -0.430996, 'Window': '1m', 'CalcMethod': 'pearson'}"
"{'Pair': 'BTCUSDT', 'CounterPair': 'USDTDAI', 'Correlation': -0.388925, 'Window': '1w', 'CalcMethod': 'pearson'}"
"{'Pair': 'BTCUSDT', 'CounterPair': 'USDTDAI', 'Correlation': 0.36332, 'Window': '1m', 'CalcMethod': 'pearson'}"
"{'Pair': 'BTCUSDT', 'CounterPair': 'USDTIDRT', 'Correlation': -0.258526, 'Window': '1w', 'CalcMethod': 'pearson'}"
"{'Pair': 'BTCUSDT', 'CounterPair': 'USDTIDRT', 'Correlation': -0.327399, 'Window': '1m', 'CalcMethod': 'pearson'}"
"{'Pair': 'BTCUSDT', 'CounterPair': 'USDTTRY', 'Correlation': -0.220992, 'Window': '1w', 'CalcMethod': 'pearson'}"
"{'Pair': 'BTCUSDT', 'CounterPair': 'USDTTRY', 'Correlation': -0.301866, 'Window': '1m', 'CalcMethod': 'pearson'}"
"{'Pair': 'BTCUSDT', 'CounterPair': 'USDTUAH', 'Correlation': -0.313595, 'Window': '1w', 'CalcMethod': 'pearson'}"
"{'Pair': 'BTCUSDT', 'CounterPair': 'USDTUAH', 'Correlation': -0.367302, 'Window': '1m', 'CalcMethod': 'pearson'}"
"{'Pair': 'BTCUSDT', 'CounterPair': 'UTKUSDT', 'Correlation': 0.531498, 'Window': '1w', 'CalcMethod': 'pearson'}"
"{'Pair': 'BTCUSDT', 'CounterPair': 'UTKUSDT', 'Correlation': 0.64015, 'Window': '1m', 'CalcMethod': 'pearson'}"
"{'Pair': 'BTCUSDT', 'CounterPair': 'VETEUR', 'Correlation': 0.686553, 'Window': '1w', 'CalcMethod': 'pearson'}"
"{'Pair': 'BTCUSDT', 'CounterPair': 'VETEUR', 'Correlation': 0.622461, 'Window': '1m', 'CalcMethod': 'pearson'}"
"{'Pair': 'BTCUSDT', 'CounterPair': 'VETUSDT', 'Correlation': 0.728166, 'Window': '1w', 'CalcMethod': 'pearson'}"
"{'Pair': 'BTCUSDT', 'CounterPair': 'VETUSDT', 'Correlation': 0.678308, 'Window': '1m', 'CalcMethod': 'pearson'}"
"{'Pair': 'BTCUSDT', 'CounterPair': 'VIDTUSDT', 'Correlation': 0.41123, 'Window': '1w', 'CalcMethod': 'pearson'}"
"{'Pair': 'BTCUSDT', 'CounterPair': 'VIDTUSDT', 'Correlation': 0.526556, 'Window': '1m', 'CalcMethod': 'pearson'}"
"{'Pair': 'BTCUSDT', 'CounterPair': 'VITEUSDT', 'Correlation': 0.454918, 'Window': '1w', 'CalcMethod': 'pearson'}"
"{'Pair': 'BTCUSDT', 'CounterPair': 'VITEUSDT', 'Correlation': 0.56045, 'Window': '1m', 'CalcMethod': 'pearson'}"
"{'Pair': 'BTCUSDT', 'CounterPair': 'VTHOUSDT', 'Correlation': 0.559824, 'Window': '1w', 'CalcMethod': 'pearson'}"
"{'Pair': 'BTCUSDT', 'CounterPair': 'VTHOUSDT', 'Correlation': 0.458854, 'Window': '1m', 'CalcMethod': 'pearson'}"
"{'Pair': 'BTCUSDT', 'CounterPair': 'WANUSDT', 'Correlation': 0.605578, 'Window': '1w', 'CalcMethod': 'pearson'}"
"{'Pair': 'BTCUSDT', 'CounterPair': 'WANUSDT', 'Correlation': 0.489014, 'Window': '1m', 'CalcMethod': 'pearson'}"
"{'Pair': 'BTCUSDT', 'CounterPair': 'WAXPUSDT', 'Correlation': 0.0185415, 'Window': '1w', 'CalcMethod': 'pearson'}"
"{'Pair': 'BTCUSDT', 'CounterPair': 'WAXPUSDT', 'Correlation': 0.474282, 'Window': '1m', 'CalcMethod': 'pearson'}"
"{'Pair': 'BTCUSDT', 'CounterPair': 'WINEUR', 'Correlation': 0.554028, 'Window': '1w', 'CalcMethod': 'pearson'}"
"{'Pair': 'BTCUSDT', 'CounterPair': 'WINEUR', 'Correlation': 0.461517, 'Window': '1m', 'CalcMethod': 'pearson'}"
"{'Pair': 'BTCUSDT', 'CounterPair': 'WINGUSDT', 'Correlation': 0.549681, 'Window': '1w', 'CalcMethod': 'pearson'}"
"{'Pair': 'BTCUSDT', 'CounterPair': 'WINGUSDT', 'Correlation': 0.0412414, 'Window': '1m', 'CalcMethod': 'pearson'}"
"{'Pair': 'BTCUSDT', 'CounterPair': 'WINUSDT', 'Correlation': 0.586409, 'Window': '1w', 'CalcMethod': 'pearson'}"
"{'Pair': 'BTCUSDT', 'CounterPair': 'WINUSDT', 'Correlation': 0.593482, 'Window': '1m', 'CalcMethod': 'pearson'}"
"{'Pair': 'BTCUSDT', 'CounterPair': 'WRXUSDT', 'Correlation': 0.410576, 'Window': '1w', 'CalcMethod': 'pearson'}"
"{'Pair': 'BTCUSDT', 'CounterPair': 'WRXUSDT', 'Correlation': 0.450247, 'Window': '1m', 'CalcMethod': 'pearson'}"
"{'Pair': 'BTCUSDT', 'CounterPair': 'XECUSDT', 'Correlation': 0.427883, 'Window': '1w', 'CalcMethod': 'pearson'}"
"{'Pair': 'BTCUSDT', 'CounterPair': 'XECUSDT', 'Correlation': 0.708038, 'Window': '1m', 'CalcMethod': 'pearson'}"
"{'Pair': 'BTCUSDT', 'CounterPair': 'XLMEUR', 'Correlation': 0.729924, 'Window': '1w', 'CalcMethod': 'pearson'}"
"{'Pair': 'BTCUSDT', 'CounterPair': 'XLMEUR', 'Correlation': 0.670663, 'Window': '1m', 'CalcMethod': 'pearson'}"
"{'Pair': 'BTCUSDT', 'CounterPair': 'XLMUSDT', 'Correlation': 0.770683, 'Window': '1w', 'CalcMethod': 'pearson'}"
"{'Pair': 'BTCUSDT', 'CounterPair': 'XLMUSDT', 'Correlation': 0.743821, 'Window': '1m', 'CalcMethod': 'pearson'}"
"{'Pair': 'BTCUSDT', 'CounterPair': 'XRPEUR', 'Correlation': 0.711448, 'Window': '1w', 'CalcMethod': 'pearson'}"
"{'Pair': 'BTCUSDT', 'CounterPair': 'XRPEUR', 'Correlation': 0.603514, 'Window': '1m', 'CalcMethod': 'pearson'}"
"{'Pair': 'BTCUSDT', 'CounterPair': 'XRPUSDT', 'Correlation': 0.753123, 'Window': '1w', 'CalcMethod': 'pearson'}"
"{'Pair': 'BTCUSDT', 'CounterPair': 'XRPUSDT', 'Correlation': 0.682259, 'Window': '1m', 'CalcMethod': 'pearson'}"
"{'Pair': 'BTCUSDT', 'CounterPair': 'XTZUSDT', 'Correlation': 0.291543, 'Window': '1w', 'CalcMethod': 'pearson'}"
"{'Pair': 'BTCUSDT', 'CounterPair': 'XTZUSDT', 'Correlation': 0.635606, 'Window': '1m', 'CalcMethod': 'pearson'}"
"{'Pair': 'BTCUSDT', 'CounterPair': 'XVGUSDT', 'Correlation': 0.621838, 'Window': '1w', 'CalcMethod': 'pearson'}"
"{'Pair': 'BTCUSDT', 'CounterPair': 'XVGUSDT', 'Correlation': 0.536885, 'Window': '1m', 'CalcMethod': 'pearson'}"
"{'Pair': 'BTCUSDT', 'CounterPair': 'XVSUSDT', 'Correlation': 0.615083, 'Window': '1w', 'CalcMethod': 'pearson'}"
"{'Pair': 'BTCUSDT', 'CounterPair': 'XVSUSDT', 'Correlation': 0.585415, 'Window': '1m', 'CalcMethod': 'pearson'}"
"{'Pair': 'BTCUSDT', 'CounterPair': 'YFIUSDT', 'Correlation': 0.534068, 'Window': '1w', 'CalcMethod': 'pearson'}"
"{'Pair': 'BTCUSDT', 'CounterPair': 'YFIUSDT', 'Correlation': 0.68676, 'Window': '1m', 'CalcMethod': 'pearson'}"
"{'Pair': 'BTCUSDT', 'CounterPair': 'YGGUSDT', 'Correlation': 0.768285, 'Window': '1w', 'CalcMethod': 'pearson'}"
"{'Pair': 'BTCUSDT', 'CounterPair': 'YGGUSDT', 'Correlation': 0.562084, 'Window': '1m', 'CalcMethod': 'pearson'}"
"{'Pair': 'BTCUSDT', 'CounterPair': 'ZECUSDT', 'Correlation': 0.619328, 'Window': '1w', 'CalcMethod': 'pearson'}"
"{'Pair': 'BTCUSDT', 'CounterPair': 'ZECUSDT', 'Correlation': 0.440003, 'Window': '1m', 'CalcMethod': 'pearson'}"
"{'Pair': 'BTCUSDT', 'CounterPair': 'ZENUSDT', 'Correlation': 0.694655, 'Window': '1w', 'CalcMethod': 'pearson'}"
"{'Pair': 'BTCUSDT', 'CounterPair': 'ZENUSDT', 'Correlation': 0.444521, 'Window': '1m', 'CalcMethod': 'pearson'}"
"{'Pair': 'BTCUSDT', 'CounterPair': 'ZILUSDT', 'Correlation': 0.543733, 'Window': '1w', 'CalcMethod': 'pearson'}"
"{'Pair': 'BTCUSDT', 'CounterPair': 'ZILUSDT', 'Correlation': 0.62081, 'Window': '1m', 'CalcMethod': 'pearson'}"
"{'Pair': 'BTCUSDT', 'CounterPair': 'ZRXUSDT', 'Correlation': 0.575258, 'Window': '1w', 'CalcMethod': 'pearson'}"
"{'Pair': 'BTCUSDT', 'CounterPair': 'ZRXUSDT', 'Correlation': 0.566823, 'Window': '1m', 'CalcMethod': 'pearson'}"
