result
"{'date': '2023-10-23', 'underlying': 'BTCUSDT', 'total_calls_oi': 6816.85, 'total_puts_oi': 5561.95}"
"{'date': '2023-10-22', 'underlying': 'BTCUSDT', 'total_calls_oi': 6255.37, 'total_puts_oi': 5129.39}"
"{'date': '2023-10-21', 'underlying': 'BTCUSDT', 'total_calls_oi': 6199.53, 'total_puts_oi': 5059.13}"
"{'date': '2023-10-20', 'underlying': 'BTCUSDT', 'total_calls_oi': 6103.66, 'total_puts_oi': 4746.51}"
"{'date': '2023-10-19', 'underlying': 'BTCUSDT', 'total_calls_oi': 7001.21, 'total_puts_oi': 6193.16}"
"{'date': '2023-10-18', 'underlying': 'BTCUSDT', 'total_calls_oi': 6785.06, 'total_puts_oi': 5773.08}"
"{'date': '2023-10-17', 'underlying': 'BTCUSDT', 'total_calls_oi': 6620.17, 'total_puts_oi': 5191.86}"
"{'date': '2023-10-16', 'underlying': 'BTCUSDT', 'total_calls_oi': 6457.32, 'total_puts_oi': 4993.56}"
"{'date': '2023-10-15', 'underlying': 'BTCUSDT', 'total_calls_oi': 6332.98, 'total_puts_oi': 5067.92}"
"{'date': '2023-10-14', 'underlying': 'BTCUSDT', 'total_calls_oi': 6778.44, 'total_puts_oi': 5441.37}"
"{'date': '2023-10-13', 'underlying': 'BTCUSDT', 'total_calls_oi': 8166.9, 'total_puts_oi': 6692.16}"
"{'date': '2023-10-12', 'underlying': 'BTCUSDT', 'total_calls_oi': 8252.07, 'total_puts_oi': 5905.53}"
"{'date': '2023-10-11', 'underlying': 'BTCUSDT', 'total_calls_oi': 7834.05, 'total_puts_oi': 5816.84}"
"{'date': '2023-10-10', 'underlying': 'BTCUSDT', 'total_calls_oi': 7389.33, 'total_puts_oi': 5476.49}"
"{'date': '2023-10-09', 'underlying': 'BTCUSDT', 'total_calls_oi': 7169.62, 'total_puts_oi': 5025.54}"
"{'date': '2023-10-08', 'underlying': 'BTCUSDT', 'total_calls_oi': 5719.04, 'total_puts_oi': 3931.27}"
"{'date': '2023-10-07', 'underlying': 'BTCUSDT', 'total_calls_oi': 5710.8, 'total_puts_oi': 3843.2}"
"{'date': '2023-10-06', 'underlying': 'BTCUSDT', 'total_calls_oi': 6976.55, 'total_puts_oi': 5495.55}"
"{'date': '2023-10-05', 'underlying': 'BTCUSDT', 'total_calls_oi': 6471.88, 'total_puts_oi': 5141.88}"
"{'date': '2023-10-04', 'underlying': 'BTCUSDT', 'total_calls_oi': 6241.68, 'total_puts_oi': 4521.13}"
"{'date': '2023-10-03', 'underlying': 'BTCUSDT', 'total_calls_oi': 5949.25, 'total_puts_oi': 4175.31}"
"{'date': '2023-10-02', 'underlying': 'BTCUSDT', 'total_calls_oi': 5504.6, 'total_puts_oi': 3693.35}"
"{'date': '2023-10-01', 'underlying': 'BTCUSDT', 'total_calls_oi': 5191.17, 'total_puts_oi': 3388.35}"
"{'date': '2023-09-30', 'underlying': 'BTCUSDT', 'total_calls_oi': 5097.29, 'total_puts_oi': 3315.27}"
"{'date': '2023-09-29', 'underlying': 'BTCUSDT', 'total_calls_oi': 5033.24, 'total_puts_oi': 3304.63}"
"{'date': '2023-09-28', 'underlying': 'BTCUSDT', 'total_calls_oi': 7079.56, 'total_puts_oi': 5918.35}"
"{'date': '2023-09-27', 'underlying': 'BTCUSDT', 'total_calls_oi': 6348.82, 'total_puts_oi': 5072.6}"
"{'date': '2023-09-26', 'underlying': 'BTCUSDT', 'total_calls_oi': 5874.11, 'total_puts_oi': 4622.99}"
"{'date': '2023-09-24', 'underlying': 'BTCUSDT', 'total_calls_oi': 5874.97, 'total_puts_oi': 4425.15}"
"{'date': '2023-09-23', 'underlying': 'BTCUSDT', 'total_calls_oi': 6039.61, 'total_puts_oi': 4810.43}"
"{'date': '2023-09-22', 'underlying': 'BTCUSDT', 'total_calls_oi': 7088.03, 'total_puts_oi': 6300.95}"
"{'date': '2023-09-21', 'underlying': 'BTCUSDT', 'total_calls_oi': 6950.71, 'total_puts_oi': 6166.26}"
"{'date': '2023-09-20', 'underlying': 'BTCUSDT', 'total_calls_oi': 6863.24, 'total_puts_oi': 6288.36}"
"{'date': '2023-09-19', 'underlying': 'BTCUSDT', 'total_calls_oi': 6476.46, 'total_puts_oi': 5613.07}"
"{'date': '2023-09-07', 'underlying': 'BTCUSDT', 'total_calls_oi': 6012.38, 'total_puts_oi': 4586.46}"
"{'date': '2023-09-06', 'underlying': 'BTCUSDT', 'total_calls_oi': 5830.85, 'total_puts_oi': 4535.8}"
"{'date': '2023-09-05', 'underlying': 'BTCUSDT', 'total_calls_oi': 5350.36, 'total_puts_oi': 4360.77}"
"{'date': '2023-09-04', 'underlying': 'BTCUSDT', 'total_calls_oi': 5170.5, 'total_puts_oi': 4132.05}"
"{'date': '2023-09-03', 'underlying': 'BTCUSDT', 'total_calls_oi': 4989.73, 'total_puts_oi': 4138.81}"
"{'date': '2023-09-02', 'underlying': 'BTCUSDT', 'total_calls_oi': 5256.54, 'total_puts_oi': 4211.37}"
"{'date': '2023-09-01', 'underlying': 'BTCUSDT', 'total_calls_oi': 5202.52, 'total_puts_oi': 3926.61}"
"{'date': '2023-08-31', 'underlying': 'BTCUSDT', 'total_calls_oi': 5524.59, 'total_puts_oi': 4930.59}"
"{'date': '2023-08-30', 'underlying': 'BTCUSDT', 'total_calls_oi': 5372.03, 'total_puts_oi': 4914.41}"
"{'date': '2023-08-29', 'underlying': 'BTCUSDT', 'total_calls_oi': 2736.28, 'total_puts_oi': 2372.55}"
"{'date': '2023-08-28', 'underlying': 'BTCUSDT', 'total_calls_oi': 2606.35, 'total_puts_oi': 2228.56}"
"{'date': '2023-08-27', 'underlying': 'BTCUSDT', 'total_calls_oi': 2527.24, 'total_puts_oi': 2213.37}"
"{'date': '2023-08-26', 'underlying': 'BTCUSDT', 'total_calls_oi': 2503.5, 'total_puts_oi': 2207.52}"
"{'date': '2023-08-25', 'underlying': 'BTCUSDT', 'total_calls_oi': 2492.95, 'total_puts_oi': 2154.4}"
"{'date': '2023-08-24', 'underlying': 'BTCUSDT', 'total_calls_oi': 4341.43, 'total_puts_oi': 3848.84}"
"{'date': '2023-08-23', 'underlying': 'BTCUSDT', 'total_calls_oi': 4181.25, 'total_puts_oi': 3547.36}"
"{'date': '2023-08-22', 'underlying': 'BTCUSDT', 'total_calls_oi': 3944.04, 'total_puts_oi': 3188.38}"
"{'date': '2023-08-21', 'underlying': 'BTCUSDT', 'total_calls_oi': 3782.42, 'total_puts_oi': 3154.9}"
"{'date': '2023-08-20', 'underlying': 'BTCUSDT', 'total_calls_oi': 3741.11, 'total_puts_oi': 3163.58}"
"{'date': '2023-08-19', 'underlying': 'BTCUSDT', 'total_calls_oi': 3651.0, 'total_puts_oi': 3134.56}"
"{'date': '2023-08-18', 'underlying': 'BTCUSDT', 'total_calls_oi': 3545.55, 'total_puts_oi': 3209.44}"
"{'date': '2023-08-17', 'underlying': 'BTCUSDT', 'total_calls_oi': 4915.37, 'total_puts_oi': 3892.88}"
"{'date': '2023-08-16', 'underlying': 'BTCUSDT', 'total_calls_oi': 3903.14, 'total_puts_oi': 3373.12}"
"{'date': '2023-08-15', 'underlying': 'BTCUSDT', 'total_calls_oi': 3625.29, 'total_puts_oi': 3035.4}"
"{'date': '2023-08-14', 'underlying': 'BTCUSDT', 'total_calls_oi': 3508.72, 'total_puts_oi': 2935.44}"
"{'date': '2023-08-13', 'underlying': 'BTCUSDT', 'total_calls_oi': 3430.37, 'total_puts_oi': 2829.58}"
"{'date': '2023-08-12', 'underlying': 'BTCUSDT', 'total_calls_oi': 3424.67, 'total_puts_oi': 2778.53}"
"{'date': '2023-08-11', 'underlying': 'BTCUSDT', 'total_calls_oi': 3330.79, 'total_puts_oi': 2780.13}"
"{'date': '2023-08-10', 'underlying': 'BTCUSDT', 'total_calls_oi': 4382.29, 'total_puts_oi': 3300.97}"
"{'date': '2023-08-09', 'underlying': 'BTCUSDT', 'total_calls_oi': 4203.37, 'total_puts_oi': 3117.59}"
"{'date': '2023-08-08', 'underlying': 'BTCUSDT', 'total_calls_oi': 3928.44, 'total_puts_oi': 3084.4}"
"{'date': '2023-08-07', 'underlying': 'BTCUSDT', 'total_calls_oi': 3644.58, 'total_puts_oi': 2788.59}"
"{'date': '2023-08-06', 'underlying': 'BTCUSDT', 'total_calls_oi': 3693.29, 'total_puts_oi': 3169.73}"
"{'date': '2023-08-05', 'underlying': 'BTCUSDT', 'total_calls_oi': 3659.54, 'total_puts_oi': 3116.94}"
"{'date': '2023-08-04', 'underlying': 'BTCUSDT', 'total_calls_oi': 3666.48, 'total_puts_oi': 2984.04}"
"{'date': '2023-08-03', 'underlying': 'BTCUSDT', 'total_calls_oi': 3501.77, 'total_puts_oi': 2579.08}"
"{'date': '2023-08-02', 'underlying': 'BTCUSDT', 'total_calls_oi': 3317.89, 'total_puts_oi': 2423.52}"
"{'date': '2023-08-01', 'underlying': 'BTCUSDT', 'total_calls_oi': 2930.94, 'total_puts_oi': 2332.65}"
"{'date': '2023-07-31', 'underlying': 'BTCUSDT', 'total_calls_oi': 2664.05, 'total_puts_oi': 2275.85}"
"{'date': '2023-07-30', 'underlying': 'BTCUSDT', 'total_calls_oi': 2572.9, 'total_puts_oi': 2140.57}"
"{'date': '2023-07-29', 'underlying': 'BTCUSDT', 'total_calls_oi': 2475.5, 'total_puts_oi': 2126.27}"
"{'date': '2023-07-28', 'underlying': 'BTCUSDT', 'total_calls_oi': 2392.03, 'total_puts_oi': 2080.44}"
"{'date': '2023-07-27', 'underlying': 'BTCUSDT', 'total_calls_oi': 4035.46, 'total_puts_oi': 3113.11}"
"{'date': '2023-07-26', 'underlying': 'BTCUSDT', 'total_calls_oi': 3729.09, 'total_puts_oi': 2895.13}"
"{'date': '2023-07-25', 'underlying': 'BTCUSDT', 'total_calls_oi': 3484.69, 'total_puts_oi': 2829.64}"
"{'date': '2023-07-24', 'underlying': 'BTCUSDT', 'total_calls_oi': 3232.34, 'total_puts_oi': 2651.88}"
"{'date': '2023-07-23', 'underlying': 'BTCUSDT', 'total_calls_oi': 2965.06, 'total_puts_oi': 2576.51}"
"{'date': '2023-07-22', 'underlying': 'BTCUSDT', 'total_calls_oi': 2849.2, 'total_puts_oi': 2531.25}"
"{'date': '2023-07-21', 'underlying': 'BTCUSDT', 'total_calls_oi': 2754.54, 'total_puts_oi': 2435.25}"
"{'date': '2023-07-20', 'underlying': 'BTCUSDT', 'total_calls_oi': 3537.44, 'total_puts_oi': 2975.7}"
"{'date': '2023-07-19', 'underlying': 'BTCUSDT', 'total_calls_oi': 3395.28, 'total_puts_oi': 2924.77}"
"{'date': '2023-07-18', 'underlying': 'BTCUSDT', 'total_calls_oi': 3247.74, 'total_puts_oi': 2823.3}"
"{'date': '2023-07-17', 'underlying': 'BTCUSDT', 'total_calls_oi': 3277.6, 'total_puts_oi': 3159.55}"
"{'date': '2023-07-16', 'underlying': 'BTCUSDT', 'total_calls_oi': 2900.87, 'total_puts_oi': 2698.14}"
"{'date': '2023-07-15', 'underlying': 'BTCUSDT', 'total_calls_oi': 3071.62, 'total_puts_oi': 2837.25}"
"{'date': '2023-07-14', 'underlying': 'BTCUSDT', 'total_calls_oi': 4338.82, 'total_puts_oi': 3542.75}"
"{'date': '2023-07-13', 'underlying': 'BTCUSDT', 'total_calls_oi': 4062.43, 'total_puts_oi': 3044.0}"
"{'date': '2023-07-12', 'underlying': 'BTCUSDT', 'total_calls_oi': 3563.6, 'total_puts_oi': 2492.81}"
"{'date': '2023-07-11', 'underlying': 'BTCUSDT', 'total_calls_oi': 3592.09, 'total_puts_oi': 2552.71}"
"{'date': '2023-07-10', 'underlying': 'BTCUSDT', 'total_calls_oi': 3402.32, 'total_puts_oi': 2417.94}"
"{'date': '2023-07-09', 'underlying': 'BTCUSDT', 'total_calls_oi': 3338.89, 'total_puts_oi': 2318.19}"
"{'date': '2023-07-08', 'underlying': 'BTCUSDT', 'total_calls_oi': 3268.56, 'total_puts_oi': 2243.11}"
"{'date': '2023-07-07', 'underlying': 'BTCUSDT', 'total_calls_oi': 3231.13, 'total_puts_oi': 3212.18}"
"{'date': '2023-07-06', 'underlying': 'BTCUSDT', 'total_calls_oi': 2625.47, 'total_puts_oi': 3008.85}"
"{'date': '2023-07-05', 'underlying': 'BTCUSDT', 'total_calls_oi': 2654.39, 'total_puts_oi': 2951.72}"
"{'date': '2023-07-04', 'underlying': 'BTCUSDT', 'total_calls_oi': 2642.22, 'total_puts_oi': 2860.19}"
"{'date': '2023-07-03', 'underlying': 'BTCUSDT', 'total_calls_oi': 2630.62, 'total_puts_oi': 2694.91}"
"{'date': '2023-07-02', 'underlying': 'BTCUSDT', 'total_calls_oi': 2430.48, 'total_puts_oi': 2299.01}"
"{'date': '2023-07-01', 'underlying': 'BTCUSDT', 'total_calls_oi': 2426.15, 'total_puts_oi': 2285.78}"
"{'date': '2023-06-30', 'underlying': 'BTCUSDT', 'total_calls_oi': 4181.95, 'total_puts_oi': 4404.94}"
"{'date': '2023-06-29', 'underlying': 'BTCUSDT', 'total_calls_oi': 3921.9, 'total_puts_oi': 4179.9}"
"{'date': '2023-06-28', 'underlying': 'BTCUSDT', 'total_calls_oi': 3812.44, 'total_puts_oi': 3996.43}"
"{'date': '2023-06-27', 'underlying': 'BTCUSDT', 'total_calls_oi': 3628.72, 'total_puts_oi': 3771.84}"
"{'date': '2023-06-26', 'underlying': 'BTCUSDT', 'total_calls_oi': 3393.37, 'total_puts_oi': 3443.59}"
"{'date': '2023-06-25', 'underlying': 'BTCUSDT', 'total_calls_oi': 3547.21, 'total_puts_oi': 3505.6}"
"{'date': '2023-06-24', 'underlying': 'BTCUSDT', 'total_calls_oi': 3590.12, 'total_puts_oi': 3727.43}"
"{'date': '2023-06-23', 'underlying': 'BTCUSDT', 'total_calls_oi': 4314.03, 'total_puts_oi': 4132.28}"
"{'date': '2023-06-22', 'underlying': 'BTCUSDT', 'total_calls_oi': 4257.99, 'total_puts_oi': 4002.67}"
"{'date': '2023-06-21', 'underlying': 'BTCUSDT', 'total_calls_oi': 4092.24, 'total_puts_oi': 3981.53}"
"{'date': '2023-06-20', 'underlying': 'BTCUSDT', 'total_calls_oi': 3999.2, 'total_puts_oi': 3189.04}"
"{'date': '2023-06-19', 'underlying': 'BTCUSDT', 'total_calls_oi': 3877.79, 'total_puts_oi': 2834.4}"
"{'date': '2023-06-18', 'underlying': 'BTCUSDT', 'total_calls_oi': 3624.27, 'total_puts_oi': 2789.18}"
"{'date': '2023-06-17', 'underlying': 'BTCUSDT', 'total_calls_oi': 3756.38, 'total_puts_oi': 2927.92}"
"{'date': '2023-06-16', 'underlying': 'BTCUSDT', 'total_calls_oi': 4274.6, 'total_puts_oi': 3453.39}"
"{'date': '2023-06-15', 'underlying': 'BTCUSDT', 'total_calls_oi': 3992.47, 'total_puts_oi': 3236.73}"
"{'date': '2023-06-14', 'underlying': 'BTCUSDT', 'total_calls_oi': 4151.76, 'total_puts_oi': 3447.69}"
"{'date': '2023-06-13', 'underlying': 'BTCUSDT', 'total_calls_oi': 3977.75, 'total_puts_oi': 3364.17}"
"{'date': '2023-06-12', 'underlying': 'BTCUSDT', 'total_calls_oi': 3875.37, 'total_puts_oi': 3500.87}"
"{'date': '2023-06-11', 'underlying': 'BTCUSDT', 'total_calls_oi': 3737.71, 'total_puts_oi': 3553.42}"
"{'date': '2023-06-10', 'underlying': 'BTCUSDT', 'total_calls_oi': 3683.4, 'total_puts_oi': 3458.99}"
"{'date': '2023-06-09', 'underlying': 'BTCUSDT', 'total_calls_oi': 3431.98, 'total_puts_oi': 2880.91}"
"{'date': '2023-06-08', 'underlying': 'BTCUSDT', 'total_calls_oi': 4476.85, 'total_puts_oi': 3936.63}"
"{'date': '2023-06-07', 'underlying': 'BTCUSDT', 'total_calls_oi': 4528.06, 'total_puts_oi': 4019.35}"
"{'date': '2023-06-06', 'underlying': 'BTCUSDT', 'total_calls_oi': 3904.12, 'total_puts_oi': 3157.79}"
"{'date': '2023-06-05', 'underlying': 'BTCUSDT', 'total_calls_oi': 3582.74, 'total_puts_oi': 2834.87}"
"{'date': '2023-06-04', 'underlying': 'BTCUSDT', 'total_calls_oi': 3544.83, 'total_puts_oi': 2835.82}"
"{'date': '2023-06-03', 'underlying': 'BTCUSDT', 'total_calls_oi': 3655.42, 'total_puts_oi': 2936.5}"
"{'date': '2023-06-02', 'underlying': 'BTCUSDT', 'total_calls_oi': 4458.26, 'total_puts_oi': 3434.9}"
"{'date': '2023-06-01', 'underlying': 'BTCUSDT', 'total_calls_oi': 4318.25, 'total_puts_oi': 3337.85}"
"{'date': '2023-05-31', 'underlying': 'BTCUSDT', 'total_calls_oi': 3898.68, 'total_puts_oi': 3000.07}"
"{'date': '2023-05-30', 'underlying': 'BTCUSDT', 'total_calls_oi': 3805.65, 'total_puts_oi': 3175.23}"
"{'date': '2023-05-29', 'underlying': 'BTCUSDT', 'total_calls_oi': 3524.11, 'total_puts_oi': 2842.4}"
"{'date': '2023-05-28', 'underlying': 'BTCUSDT', 'total_calls_oi': 3262.95, 'total_puts_oi': 2341.7}"
"{'date': '2023-05-27', 'underlying': 'BTCUSDT', 'total_calls_oi': 3228.66, 'total_puts_oi': 2483.42}"
"{'date': '2023-05-26', 'underlying': 'BTCUSDT', 'total_calls_oi': 5195.9, 'total_puts_oi': 4186.25}"
"{'date': '2023-05-25', 'underlying': 'BTCUSDT', 'total_calls_oi': 4981.56, 'total_puts_oi': 4043.38}"
"{'date': '2023-05-24', 'underlying': 'BTCUSDT', 'total_calls_oi': 4793.53, 'total_puts_oi': 3859.0}"
"{'date': '2023-05-23', 'underlying': 'BTCUSDT', 'total_calls_oi': 4489.61, 'total_puts_oi': 3529.44}"
"{'date': '2023-05-22', 'underlying': 'BTCUSDT', 'total_calls_oi': 4342.56, 'total_puts_oi': 3298.27}"
"{'date': '2023-05-21', 'underlying': 'BTCUSDT', 'total_calls_oi': 3883.49, 'total_puts_oi': 2725.18}"
"{'date': '2023-05-20', 'underlying': 'BTCUSDT', 'total_calls_oi': 3740.5, 'total_puts_oi': 2498.81}"
"{'date': '2023-05-19', 'underlying': 'BTCUSDT', 'total_calls_oi': 3640.26, 'total_puts_oi': 2345.53}"
"{'date': '2023-05-18', 'underlying': 'BTCUSDT', 'total_calls_oi': 4373.28, 'total_puts_oi': 3053.06}"
