result
"{'Unix': 1740758400000, 'Date': '2025-02-28T16:00:00', 'Symbol': 'BTCUSDT', 'funding_interval_hours': 8, 'last_funding_rate': -3.73e-06}"
"{'Unix': 1740729600000, 'Date': '2025-02-28T08:00:00', 'Symbol': 'BTCUSDT', 'funding_interval_hours': 8, 'last_funding_rate': 9.521e-05}"
"{'Unix': 1740700800001, 'Date': '2025-02-28T00:00:00', 'Symbol': 'BTCUSDT', 'funding_interval_hours': 8, 'last_funding_rate': 9.444e-05}"
"{'Unix': 1740672000000, 'Date': '2025-02-27T16:00:00', 'Symbol': 'BTCUSDT', 'funding_interval_hours': 8, 'last_funding_rate': 9.433e-05}"
"{'Unix': 1740643200000, 'Date': '2025-02-27T08:00:00', 'Symbol': 'BTCUSDT', 'funding_interval_hours': 8, 'last_funding_rate': -6.17e-06}"
"{'Unix': 1740614400001, 'Date': '2025-02-27T00:00:00', 'Symbol': 'BTCUSDT', 'funding_interval_hours': 8, 'last_funding_rate': 9.305e-05}"
"{'Unix': 1740585600000, 'Date': '2025-02-26T16:00:00', 'Symbol': 'BTCUSDT', 'funding_interval_hours': 8, 'last_funding_rate': 0.0001}"
"{'Unix': 1740556800000, 'Date': '2025-02-26T08:00:00', 'Symbol': 'BTCUSDT', 'funding_interval_hours': 8, 'last_funding_rate': 6.005e-05}"
"{'Unix': 1740528000000, 'Date': '2025-02-26T00:00:00', 'Symbol': 'BTCUSDT', 'funding_interval_hours': 8, 'last_funding_rate': 3.521e-05}"
"{'Unix': 1740499200000, 'Date': '2025-02-25T16:00:00', 'Symbol': 'BTCUSDT', 'funding_interval_hours': 8, 'last_funding_rate': 1.385e-05}"
"{'Unix': 1740470400000, 'Date': '2025-02-25T08:00:00', 'Symbol': 'BTCUSDT', 'funding_interval_hours': 8, 'last_funding_rate': 5.245e-05}"
"{'Unix': 1740441600000, 'Date': '2025-02-25T00:00:00', 'Symbol': 'BTCUSDT', 'funding_interval_hours': 8, 'last_funding_rate': 0.0001}"
"{'Unix': 1740412800000, 'Date': '2025-02-24T16:00:00', 'Symbol': 'BTCUSDT', 'funding_interval_hours': 8, 'last_funding_rate': 2.05e-05}"
"{'Unix': 1740384000000, 'Date': '2025-02-24T08:00:00', 'Symbol': 'BTCUSDT', 'funding_interval_hours': 8, 'last_funding_rate': 6.881e-05}"
"{'Unix': 1740355200000, 'Date': '2025-02-24T00:00:00', 'Symbol': 'BTCUSDT', 'funding_interval_hours': 8, 'last_funding_rate': -2.97e-05}"
"{'Unix': 1740326400000, 'Date': '2025-02-23T16:00:00', 'Symbol': 'BTCUSDT', 'funding_interval_hours': 8, 'last_funding_rate': 1.478e-05}"
"{'Unix': 1740297600000, 'Date': '2025-02-23T08:00:00', 'Symbol': 'BTCUSDT', 'funding_interval_hours': 8, 'last_funding_rate': 3.14e-05}"
"{'Unix': 1740268800000, 'Date': '2025-02-23T00:00:00', 'Symbol': 'BTCUSDT', 'funding_interval_hours': 8, 'last_funding_rate': 4.112e-05}"
"{'Unix': 1740240000000, 'Date': '2025-02-22T16:00:00', 'Symbol': 'BTCUSDT', 'funding_interval_hours': 8, 'last_funding_rate': 2.318e-05}"
"{'Unix': 1740211200000, 'Date': '2025-02-22T08:00:00', 'Symbol': 'BTCUSDT', 'funding_interval_hours': 8, 'last_funding_rate': 6.466e-05}"
"{'Unix': 1740182400000, 'Date': '2025-02-22T00:00:00', 'Symbol': 'BTCUSDT', 'funding_interval_hours': 8, 'last_funding_rate': 0.0001}"
"{'Unix': 1740153600000, 'Date': '2025-02-21T16:00:00', 'Symbol': 'BTCUSDT', 'funding_interval_hours': 8, 'last_funding_rate': -9.7e-07}"
"{'Unix': 1740124800000, 'Date': '2025-02-21T08:00:00', 'Symbol': 'BTCUSDT', 'funding_interval_hours': 8, 'last_funding_rate': 2.286e-05}"
"{'Unix': 1740096000001, 'Date': '2025-02-21T00:00:00', 'Symbol': 'BTCUSDT', 'funding_interval_hours': 8, 'last_funding_rate': 1.23e-06}"
"{'Unix': 1740067200000, 'Date': '2025-02-20T16:00:00', 'Symbol': 'BTCUSDT', 'funding_interval_hours': 8, 'last_funding_rate': 7.346e-05}"
"{'Unix': 1740038400000, 'Date': '2025-02-20T08:00:00', 'Symbol': 'BTCUSDT', 'funding_interval_hours': 8, 'last_funding_rate': 3.269e-05}"
"{'Unix': 1740009600000, 'Date': '2025-02-20T00:00:00', 'Symbol': 'BTCUSDT', 'funding_interval_hours': 8, 'last_funding_rate': 2.42e-05}"
"{'Unix': 1739980800000, 'Date': '2025-02-19T16:00:00', 'Symbol': 'BTCUSDT', 'funding_interval_hours': 8, 'last_funding_rate': 8.96e-05}"
"{'Unix': 1739952000000, 'Date': '2025-02-19T08:00:00', 'Symbol': 'BTCUSDT', 'funding_interval_hours': 8, 'last_funding_rate': 7.779e-05}"
"{'Unix': 1739923200000, 'Date': '2025-02-19T00:00:00', 'Symbol': 'BTCUSDT', 'funding_interval_hours': 8, 'last_funding_rate': 7.007e-05}"
"{'Unix': 1739894400000, 'Date': '2025-02-18T16:00:00', 'Symbol': 'BTCUSDT', 'funding_interval_hours': 8, 'last_funding_rate': 0.0001}"
"{'Unix': 1739865600000, 'Date': '2025-02-18T08:00:00', 'Symbol': 'BTCUSDT', 'funding_interval_hours': 8, 'last_funding_rate': 0.0001}"
"{'Unix': 1739836800000, 'Date': '2025-02-18T00:00:00', 'Symbol': 'BTCUSDT', 'funding_interval_hours': 8, 'last_funding_rate': 9.488e-05}"
"{'Unix': 1739808000000, 'Date': '2025-02-17T16:00:00', 'Symbol': 'BTCUSDT', 'funding_interval_hours': 8, 'last_funding_rate': 2.009e-05}"
"{'Unix': 1739779200000, 'Date': '2025-02-17T08:00:00', 'Symbol': 'BTCUSDT', 'funding_interval_hours': 8, 'last_funding_rate': 6.397e-05}"
"{'Unix': 1739750400000, 'Date': '2025-02-17T00:00:00', 'Symbol': 'BTCUSDT', 'funding_interval_hours': 8, 'last_funding_rate': 6.239e-05}"
"{'Unix': 1739721600000, 'Date': '2025-02-16T16:00:00', 'Symbol': 'BTCUSDT', 'funding_interval_hours': 8, 'last_funding_rate': 3.799e-05}"
"{'Unix': 1739692800000, 'Date': '2025-02-16T08:00:00', 'Symbol': 'BTCUSDT', 'funding_interval_hours': 8, 'last_funding_rate': 1.82e-06}"
"{'Unix': 1739664000000, 'Date': '2025-02-16T00:00:00', 'Symbol': 'BTCUSDT', 'funding_interval_hours': 8, 'last_funding_rate': 3.39e-05}"
"{'Unix': 1739635200000, 'Date': '2025-02-15T16:00:00', 'Symbol': 'BTCUSDT', 'funding_interval_hours': 8, 'last_funding_rate': 3.735e-05}"
"{'Unix': 1739606400000, 'Date': '2025-02-15T08:00:00', 'Symbol': 'BTCUSDT', 'funding_interval_hours': 8, 'last_funding_rate': 3.297e-05}"
"{'Unix': 1739577600000, 'Date': '2025-02-15T00:00:00', 'Symbol': 'BTCUSDT', 'funding_interval_hours': 8, 'last_funding_rate': 5.5e-07}"
"{'Unix': 1739548800000, 'Date': '2025-02-14T16:00:00', 'Symbol': 'BTCUSDT', 'funding_interval_hours': 8, 'last_funding_rate': 7.093e-05}"
"{'Unix': 1739520000001, 'Date': '2025-02-14T08:00:00', 'Symbol': 'BTCUSDT', 'funding_interval_hours': 8, 'last_funding_rate': 5.51e-05}"
"{'Unix': 1739491200000, 'Date': '2025-02-14T00:00:00', 'Symbol': 'BTCUSDT', 'funding_interval_hours': 8, 'last_funding_rate': 4.1e-05}"
"{'Unix': 1739462400001, 'Date': '2025-02-13T16:00:00', 'Symbol': 'BTCUSDT', 'funding_interval_hours': 8, 'last_funding_rate': 8.05e-06}"
"{'Unix': 1739433600000, 'Date': '2025-02-13T08:00:00', 'Symbol': 'BTCUSDT', 'funding_interval_hours': 8, 'last_funding_rate': 4.117e-05}"
"{'Unix': 1739404800001, 'Date': '2025-02-13T00:00:00', 'Symbol': 'BTCUSDT', 'funding_interval_hours': 8, 'last_funding_rate': 0.0001}"
"{'Unix': 1739376000001, 'Date': '2025-02-12T16:00:00', 'Symbol': 'BTCUSDT', 'funding_interval_hours': 8, 'last_funding_rate': 4.96e-05}"
"{'Unix': 1739347200000, 'Date': '2025-02-12T08:00:00', 'Symbol': 'BTCUSDT', 'funding_interval_hours': 8, 'last_funding_rate': 4.899e-05}"
"{'Unix': 1739318400000, 'Date': '2025-02-12T00:00:00', 'Symbol': 'BTCUSDT', 'funding_interval_hours': 8, 'last_funding_rate': 1.298e-05}"
"{'Unix': 1739289600000, 'Date': '2025-02-11T16:00:00', 'Symbol': 'BTCUSDT', 'funding_interval_hours': 8, 'last_funding_rate': -2.446e-05}"
"{'Unix': 1739260800000, 'Date': '2025-02-11T08:00:00', 'Symbol': 'BTCUSDT', 'funding_interval_hours': 8, 'last_funding_rate': 7.09e-05}"
"{'Unix': 1739232000000, 'Date': '2025-02-11T00:00:00', 'Symbol': 'BTCUSDT', 'funding_interval_hours': 8, 'last_funding_rate': 4.218e-05}"
"{'Unix': 1739203200000, 'Date': '2025-02-10T16:00:00', 'Symbol': 'BTCUSDT', 'funding_interval_hours': 8, 'last_funding_rate': 7.457e-05}"
"{'Unix': 1739174400000, 'Date': '2025-02-10T08:00:00', 'Symbol': 'BTCUSDT', 'funding_interval_hours': 8, 'last_funding_rate': 9.176e-05}"
"{'Unix': 1739145600000, 'Date': '2025-02-10T00:00:00', 'Symbol': 'BTCUSDT', 'funding_interval_hours': 8, 'last_funding_rate': 1.802e-05}"
"{'Unix': 1739116800000, 'Date': '2025-02-09T16:00:00', 'Symbol': 'BTCUSDT', 'funding_interval_hours': 8, 'last_funding_rate': 2.839e-05}"
"{'Unix': 1739088000000, 'Date': '2025-02-09T08:00:00', 'Symbol': 'BTCUSDT', 'funding_interval_hours': 8, 'last_funding_rate': 9.6e-05}"
"{'Unix': 1739059200000, 'Date': '2025-02-09T00:00:00', 'Symbol': 'BTCUSDT', 'funding_interval_hours': 8, 'last_funding_rate': 3.873e-05}"
"{'Unix': 1739030400000, 'Date': '2025-02-08T16:00:00', 'Symbol': 'BTCUSDT', 'funding_interval_hours': 8, 'last_funding_rate': 3.24e-06}"
"{'Unix': 1739001600000, 'Date': '2025-02-08T08:00:00', 'Symbol': 'BTCUSDT', 'funding_interval_hours': 8, 'last_funding_rate': 1.137e-05}"
"{'Unix': 1738972800000, 'Date': '2025-02-08T00:00:00', 'Symbol': 'BTCUSDT', 'funding_interval_hours': 8, 'last_funding_rate': -4.1e-05}"
"{'Unix': 1738944000000, 'Date': '2025-02-07T16:00:00', 'Symbol': 'BTCUSDT', 'funding_interval_hours': 8, 'last_funding_rate': 5.167e-05}"
"{'Unix': 1738915200000, 'Date': '2025-02-07T08:00:00', 'Symbol': 'BTCUSDT', 'funding_interval_hours': 8, 'last_funding_rate': 6.989e-05}"
"{'Unix': 1738886400000, 'Date': '2025-02-07T00:00:00', 'Symbol': 'BTCUSDT', 'funding_interval_hours': 8, 'last_funding_rate': 7.983e-05}"
"{'Unix': 1738857600000, 'Date': '2025-02-06T16:00:00', 'Symbol': 'BTCUSDT', 'funding_interval_hours': 8, 'last_funding_rate': 5.903e-05}"
"{'Unix': 1738828800001, 'Date': '2025-02-06T08:00:00', 'Symbol': 'BTCUSDT', 'funding_interval_hours': 8, 'last_funding_rate': -2.38e-06}"
"{'Unix': 1738800000001, 'Date': '2025-02-06T00:00:00', 'Symbol': 'BTCUSDT', 'funding_interval_hours': 8, 'last_funding_rate': 2.186e-05}"
"{'Unix': 1738771200000, 'Date': '2025-02-05T16:00:00', 'Symbol': 'BTCUSDT', 'funding_interval_hours': 8, 'last_funding_rate': 1.61e-05}"
"{'Unix': 1738742400001, 'Date': '2025-02-05T08:00:00', 'Symbol': 'BTCUSDT', 'funding_interval_hours': 8, 'last_funding_rate': 4.774e-05}"
"{'Unix': 1738713600001, 'Date': '2025-02-05T00:00:00', 'Symbol': 'BTCUSDT', 'funding_interval_hours': 8, 'last_funding_rate': -4.61e-06}"
"{'Unix': 1738684800000, 'Date': '2025-02-04T16:00:00', 'Symbol': 'BTCUSDT', 'funding_interval_hours': 8, 'last_funding_rate': 4.138e-05}"
"{'Unix': 1738656000001, 'Date': '2025-02-04T08:00:00', 'Symbol': 'BTCUSDT', 'funding_interval_hours': 8, 'last_funding_rate': 6.8e-05}"
"{'Unix': 1738627200000, 'Date': '2025-02-04T00:00:00', 'Symbol': 'BTCUSDT', 'funding_interval_hours': 8, 'last_funding_rate': 2.612e-05}"
"{'Unix': 1738598400000, 'Date': '2025-02-03T16:00:00', 'Symbol': 'BTCUSDT', 'funding_interval_hours': 8, 'last_funding_rate': 4.845e-05}"
"{'Unix': 1738569600000, 'Date': '2025-02-03T08:00:00', 'Symbol': 'BTCUSDT', 'funding_interval_hours': 8, 'last_funding_rate': 0.0001}"
"{'Unix': 1738540800000, 'Date': '2025-02-03T00:00:00', 'Symbol': 'BTCUSDT', 'funding_interval_hours': 8, 'last_funding_rate': 0.0001}"
"{'Unix': 1738512000000, 'Date': '2025-02-02T16:00:00', 'Symbol': 'BTCUSDT', 'funding_interval_hours': 8, 'last_funding_rate': -8.61e-06}"
"{'Unix': 1738483200000, 'Date': '2025-02-02T08:00:00', 'Symbol': 'BTCUSDT', 'funding_interval_hours': 8, 'last_funding_rate': 3.38e-05}"
"{'Unix': 1738454400001, 'Date': '2025-02-02T00:00:00', 'Symbol': 'BTCUSDT', 'funding_interval_hours': 8, 'last_funding_rate': 5.824e-05}"
"{'Unix': 1738425600000, 'Date': '2025-02-01T16:00:00', 'Symbol': 'BTCUSDT', 'funding_interval_hours': 8, 'last_funding_rate': 5.968e-05}"
"{'Unix': 1738396800000, 'Date': '2025-02-01T08:00:00', 'Symbol': 'BTCUSDT', 'funding_interval_hours': 8, 'last_funding_rate': 5.369e-05}"
"{'Unix': 1738368000000, 'Date': '2025-02-01T00:00:00', 'Symbol': 'BTCUSDT', 'funding_interval_hours': 8, 'last_funding_rate': 8.098e-05}"
"{'Unix': 1738339200000, 'Date': '2025-01-31T16:00:00', 'Symbol': 'BTCUSDT', 'funding_interval_hours': 8, 'last_funding_rate': 0.0001}"
"{'Unix': 1738310400000, 'Date': '2025-01-31T08:00:00', 'Symbol': 'BTCUSDT', 'funding_interval_hours': 8, 'last_funding_rate': 0.0001}"
"{'Unix': 1738281600000, 'Date': '2025-01-31T00:00:00', 'Symbol': 'BTCUSDT', 'funding_interval_hours': 8, 'last_funding_rate': 1.225e-05}"
"{'Unix': 1738252800000, 'Date': '2025-01-30T16:00:00', 'Symbol': 'BTCUSDT', 'funding_interval_hours': 8, 'last_funding_rate': 9.499e-05}"
"{'Unix': 1738224000000, 'Date': '2025-01-30T08:00:00', 'Symbol': 'BTCUSDT', 'funding_interval_hours': 8, 'last_funding_rate': 0.0001}"
"{'Unix': 1738195200000, 'Date': '2025-01-30T00:00:00', 'Symbol': 'BTCUSDT', 'funding_interval_hours': 8, 'last_funding_rate': 7.59e-05}"
"{'Unix': 1738166400000, 'Date': '2025-01-29T16:00:00', 'Symbol': 'BTCUSDT', 'funding_interval_hours': 8, 'last_funding_rate': 9.949e-05}"
"{'Unix': 1738137600000, 'Date': '2025-01-29T08:00:00', 'Symbol': 'BTCUSDT', 'funding_interval_hours': 8, 'last_funding_rate': 0.0001}"
"{'Unix': 1738108800000, 'Date': '2025-01-29T00:00:00', 'Symbol': 'BTCUSDT', 'funding_interval_hours': 8, 'last_funding_rate': 0.0001}"
"{'Unix': 1738080000000, 'Date': '2025-01-28T16:00:00', 'Symbol': 'BTCUSDT', 'funding_interval_hours': 8, 'last_funding_rate': 9.848e-05}"
"{'Unix': 1738051200000, 'Date': '2025-01-28T08:00:00', 'Symbol': 'BTCUSDT', 'funding_interval_hours': 8, 'last_funding_rate': 3.714e-05}"
"{'Unix': 1738022400000, 'Date': '2025-01-28T00:00:00', 'Symbol': 'BTCUSDT', 'funding_interval_hours': 8, 'last_funding_rate': 0.0001}"
"{'Unix': 1737993600000, 'Date': '2025-01-27T16:00:00', 'Symbol': 'BTCUSDT', 'funding_interval_hours': 8, 'last_funding_rate': 9.8e-07}"
"{'Unix': 1737964800000, 'Date': '2025-01-27T08:00:00', 'Symbol': 'BTCUSDT', 'funding_interval_hours': 8, 'last_funding_rate': 3.712e-05}"
"{'Unix': 1737936000000, 'Date': '2025-01-27T00:00:00', 'Symbol': 'BTCUSDT', 'funding_interval_hours': 8, 'last_funding_rate': 9.084e-05}"
"{'Unix': 1737907200000, 'Date': '2025-01-26T16:00:00', 'Symbol': 'BTCUSDT', 'funding_interval_hours': 8, 'last_funding_rate': 8.443e-05}"
"{'Unix': 1737878400000, 'Date': '2025-01-26T08:00:00', 'Symbol': 'BTCUSDT', 'funding_interval_hours': 8, 'last_funding_rate': 0.0001}"
"{'Unix': 1737849600000, 'Date': '2025-01-26T00:00:00', 'Symbol': 'BTCUSDT', 'funding_interval_hours': 8, 'last_funding_rate': 8.363e-05}"
"{'Unix': 1737820800001, 'Date': '2025-01-25T16:00:00', 'Symbol': 'BTCUSDT', 'funding_interval_hours': 8, 'last_funding_rate': 7.782e-05}"
"{'Unix': 1737792000000, 'Date': '2025-01-25T08:00:00', 'Symbol': 'BTCUSDT', 'funding_interval_hours': 8, 'last_funding_rate': 8.495e-05}"
"{'Unix': 1737763200000, 'Date': '2025-01-25T00:00:00', 'Symbol': 'BTCUSDT', 'funding_interval_hours': 8, 'last_funding_rate': 5.702e-05}"
"{'Unix': 1737734400000, 'Date': '2025-01-24T16:00:00', 'Symbol': 'BTCUSDT', 'funding_interval_hours': 8, 'last_funding_rate': 9.54e-05}"
"{'Unix': 1737705600000, 'Date': '2025-01-24T08:00:00', 'Symbol': 'BTCUSDT', 'funding_interval_hours': 8, 'last_funding_rate': 7.537e-05}"
"{'Unix': 1737676800000, 'Date': '2025-01-24T00:00:00', 'Symbol': 'BTCUSDT', 'funding_interval_hours': 8, 'last_funding_rate': 3.34e-06}"
"{'Unix': 1737648000000, 'Date': '2025-01-23T16:00:00', 'Symbol': 'BTCUSDT', 'funding_interval_hours': 8, 'last_funding_rate': 8.616e-05}"
"{'Unix': 1737619200000, 'Date': '2025-01-23T08:00:00', 'Symbol': 'BTCUSDT', 'funding_interval_hours': 8, 'last_funding_rate': 0.0001}"
"{'Unix': 1737590400001, 'Date': '2025-01-23T00:00:00', 'Symbol': 'BTCUSDT', 'funding_interval_hours': 8, 'last_funding_rate': 8.654e-05}"
"{'Unix': 1737561600000, 'Date': '2025-01-22T16:00:00', 'Symbol': 'BTCUSDT', 'funding_interval_hours': 8, 'last_funding_rate': 0.0001}"
"{'Unix': 1737532800000, 'Date': '2025-01-22T08:00:00', 'Symbol': 'BTCUSDT', 'funding_interval_hours': 8, 'last_funding_rate': 0.0001}"
"{'Unix': 1737504000000, 'Date': '2025-01-22T00:00:00', 'Symbol': 'BTCUSDT', 'funding_interval_hours': 8, 'last_funding_rate': 0.0001}"
"{'Unix': 1737475200000, 'Date': '2025-01-21T16:00:00', 'Symbol': 'BTCUSDT', 'funding_interval_hours': 8, 'last_funding_rate': 0.0001}"
"{'Unix': 1737446400000, 'Date': '2025-01-21T08:00:00', 'Symbol': 'BTCUSDT', 'funding_interval_hours': 8, 'last_funding_rate': 0.0001}"
"{'Unix': 1737417600000, 'Date': '2025-01-21T00:00:00', 'Symbol': 'BTCUSDT', 'funding_interval_hours': 8, 'last_funding_rate': 0.0001}"
"{'Unix': 1737388800000, 'Date': '2025-01-20T16:00:00', 'Symbol': 'BTCUSDT', 'funding_interval_hours': 8, 'last_funding_rate': 0.0001}"
"{'Unix': 1737360000009, 'Date': '2025-01-20T08:00:00', 'Symbol': 'BTCUSDT', 'funding_interval_hours': 8, 'last_funding_rate': 0.0001}"
"{'Unix': 1737331200000, 'Date': '2025-01-20T00:00:00', 'Symbol': 'BTCUSDT', 'funding_interval_hours': 8, 'last_funding_rate': 0.0001}"
"{'Unix': 1737302400000, 'Date': '2025-01-19T16:00:00', 'Symbol': 'BTCUSDT', 'funding_interval_hours': 8, 'last_funding_rate': 0.0001}"
"{'Unix': 1737273600000, 'Date': '2025-01-19T08:00:00', 'Symbol': 'BTCUSDT', 'funding_interval_hours': 8, 'last_funding_rate': 0.0001}"
"{'Unix': 1737244800000, 'Date': '2025-01-19T00:00:00', 'Symbol': 'BTCUSDT', 'funding_interval_hours': 8, 'last_funding_rate': 0.0001}"
"{'Unix': 1737216000000, 'Date': '2025-01-18T16:00:00', 'Symbol': 'BTCUSDT', 'funding_interval_hours': 8, 'last_funding_rate': 0.0001}"
"{'Unix': 1737187200007, 'Date': '2025-01-18T08:00:00', 'Symbol': 'BTCUSDT', 'funding_interval_hours': 8, 'last_funding_rate': 0.0001}"
"{'Unix': 1737158400000, 'Date': '2025-01-18T00:00:00', 'Symbol': 'BTCUSDT', 'funding_interval_hours': 8, 'last_funding_rate': 6.707e-05}"
"{'Unix': 1737129600008, 'Date': '2025-01-17T16:00:00', 'Symbol': 'BTCUSDT', 'funding_interval_hours': 8, 'last_funding_rate': 3.432e-05}"
"{'Unix': 1737100800000, 'Date': '2025-01-17T08:00:00', 'Symbol': 'BTCUSDT', 'funding_interval_hours': 8, 'last_funding_rate': 9.386e-05}"
"{'Unix': 1737072000004, 'Date': '2025-01-17T00:00:00', 'Symbol': 'BTCUSDT', 'funding_interval_hours': 8, 'last_funding_rate': 4.597e-05}"
"{'Unix': 1737043200000, 'Date': '2025-01-16T16:00:00', 'Symbol': 'BTCUSDT', 'funding_interval_hours': 8, 'last_funding_rate': 4.598e-05}"
"{'Unix': 1737014400000, 'Date': '2025-01-16T08:00:00', 'Symbol': 'BTCUSDT', 'funding_interval_hours': 8, 'last_funding_rate': 7.568e-05}"
"{'Unix': 1736985600000, 'Date': '2025-01-16T00:00:00', 'Symbol': 'BTCUSDT', 'funding_interval_hours': 8, 'last_funding_rate': 7.28e-06}"
"{'Unix': 1736956800000, 'Date': '2025-01-15T16:00:00', 'Symbol': 'BTCUSDT', 'funding_interval_hours': 8, 'last_funding_rate': 5.844e-05}"
"{'Unix': 1736928000000, 'Date': '2025-01-15T08:00:00', 'Symbol': 'BTCUSDT', 'funding_interval_hours': 8, 'last_funding_rate': 8.795e-05}"
"{'Unix': 1736899200000, 'Date': '2025-01-15T00:00:00', 'Symbol': 'BTCUSDT', 'funding_interval_hours': 8, 'last_funding_rate': 4.989e-05}"
"{'Unix': 1736870400000, 'Date': '2025-01-14T16:00:00', 'Symbol': 'BTCUSDT', 'funding_interval_hours': 8, 'last_funding_rate': 9.496e-05}"
"{'Unix': 1736841600000, 'Date': '2025-01-14T08:00:00', 'Symbol': 'BTCUSDT', 'funding_interval_hours': 8, 'last_funding_rate': 0.0001}"
"{'Unix': 1736812800000, 'Date': '2025-01-14T00:00:00', 'Symbol': 'BTCUSDT', 'funding_interval_hours': 8, 'last_funding_rate': 0.0001}"
"{'Unix': 1736784000000, 'Date': '2025-01-13T16:00:00', 'Symbol': 'BTCUSDT', 'funding_interval_hours': 8, 'last_funding_rate': 8.81e-06}"
"{'Unix': 1736755200000, 'Date': '2025-01-13T08:00:00', 'Symbol': 'BTCUSDT', 'funding_interval_hours': 8, 'last_funding_rate': 6.989e-05}"
"{'Unix': 1736726400000, 'Date': '2025-01-13T00:00:00', 'Symbol': 'BTCUSDT', 'funding_interval_hours': 8, 'last_funding_rate': 5.266e-05}"
"{'Unix': 1736697600000, 'Date': '2025-01-12T16:00:00', 'Symbol': 'BTCUSDT', 'funding_interval_hours': 8, 'last_funding_rate': 6.647e-05}"
"{'Unix': 1736668800000, 'Date': '2025-01-12T08:00:00', 'Symbol': 'BTCUSDT', 'funding_interval_hours': 8, 'last_funding_rate': 3.21e-05}"
"{'Unix': 1736640000000, 'Date': '2025-01-12T00:00:00', 'Symbol': 'BTCUSDT', 'funding_interval_hours': 8, 'last_funding_rate': 5.009e-05}"
"{'Unix': 1736611200000, 'Date': '2025-01-11T16:00:00', 'Symbol': 'BTCUSDT', 'funding_interval_hours': 8, 'last_funding_rate': 2.608e-05}"
"{'Unix': 1736582400000, 'Date': '2025-01-11T08:00:00', 'Symbol': 'BTCUSDT', 'funding_interval_hours': 8, 'last_funding_rate': 4.055e-05}"
"{'Unix': 1736553600000, 'Date': '2025-01-11T00:00:00', 'Symbol': 'BTCUSDT', 'funding_interval_hours': 8, 'last_funding_rate': 5.68e-05}"
"{'Unix': 1736524800000, 'Date': '2025-01-10T16:00:00', 'Symbol': 'BTCUSDT', 'funding_interval_hours': 8, 'last_funding_rate': 8.078e-05}"
"{'Unix': 1736496000000, 'Date': '2025-01-10T08:00:00', 'Symbol': 'BTCUSDT', 'funding_interval_hours': 8, 'last_funding_rate': -1.06e-05}"
"{'Unix': 1736467200000, 'Date': '2025-01-10T00:00:00', 'Symbol': 'BTCUSDT', 'funding_interval_hours': 8, 'last_funding_rate': 3.966e-05}"
"{'Unix': 1736438400000, 'Date': '2025-01-09T16:00:00', 'Symbol': 'BTCUSDT', 'funding_interval_hours': 8, 'last_funding_rate': -5.44e-06}"
"{'Unix': 1736409600000, 'Date': '2025-01-09T08:00:00', 'Symbol': 'BTCUSDT', 'funding_interval_hours': 8, 'last_funding_rate': 9.834e-05}"
"{'Unix': 1736380800000, 'Date': '2025-01-09T00:00:00', 'Symbol': 'BTCUSDT', 'funding_interval_hours': 8, 'last_funding_rate': 0.0001}"
"{'Unix': 1736352000000, 'Date': '2025-01-08T16:00:00', 'Symbol': 'BTCUSDT', 'funding_interval_hours': 8, 'last_funding_rate': 0.0001}"
"{'Unix': 1736323200000, 'Date': '2025-01-08T08:00:00', 'Symbol': 'BTCUSDT', 'funding_interval_hours': 8, 'last_funding_rate': 0.0001}"
"{'Unix': 1736294400001, 'Date': '2025-01-08T00:00:00', 'Symbol': 'BTCUSDT', 'funding_interval_hours': 8, 'last_funding_rate': 0.0001}"
"{'Unix': 1736265600008, 'Date': '2025-01-07T16:00:00', 'Symbol': 'BTCUSDT', 'funding_interval_hours': 8, 'last_funding_rate': 8.279e-05}"
"{'Unix': 1736236800000, 'Date': '2025-01-07T08:00:00', 'Symbol': 'BTCUSDT', 'funding_interval_hours': 8, 'last_funding_rate': 8.903e-05}"
"{'Unix': 1736208000000, 'Date': '2025-01-07T00:00:00', 'Symbol': 'BTCUSDT', 'funding_interval_hours': 8, 'last_funding_rate': 0.0001}"
"{'Unix': 1736179200000, 'Date': '2025-01-06T16:00:00', 'Symbol': 'BTCUSDT', 'funding_interval_hours': 8, 'last_funding_rate': 0.0001}"
"{'Unix': 1736150400001, 'Date': '2025-01-06T08:00:00', 'Symbol': 'BTCUSDT', 'funding_interval_hours': 8, 'last_funding_rate': 0.0001}"
"{'Unix': 1736121600000, 'Date': '2025-01-06T00:00:00', 'Symbol': 'BTCUSDT', 'funding_interval_hours': 8, 'last_funding_rate': 0.0001}"
"{'Unix': 1736092800000, 'Date': '2025-01-05T16:00:00', 'Symbol': 'BTCUSDT', 'funding_interval_hours': 8, 'last_funding_rate': 8.32e-05}"
"{'Unix': 1736064000000, 'Date': '2025-01-05T08:00:00', 'Symbol': 'BTCUSDT', 'funding_interval_hours': 8, 'last_funding_rate': 0.0001}"
"{'Unix': 1736035200000, 'Date': '2025-01-05T00:00:00', 'Symbol': 'BTCUSDT', 'funding_interval_hours': 8, 'last_funding_rate': 0.0001}"
"{'Unix': 1736006400000, 'Date': '2025-01-04T16:00:00', 'Symbol': 'BTCUSDT', 'funding_interval_hours': 8, 'last_funding_rate': 7.98e-06}"
"{'Unix': 1735977600000, 'Date': '2025-01-04T08:00:00', 'Symbol': 'BTCUSDT', 'funding_interval_hours': 8, 'last_funding_rate': 0.0001}"
"{'Unix': 1735948800000, 'Date': '2025-01-04T00:00:00', 'Symbol': 'BTCUSDT', 'funding_interval_hours': 8, 'last_funding_rate': 7.699e-05}"
"{'Unix': 1735920000000, 'Date': '2025-01-03T16:00:00', 'Symbol': 'BTCUSDT', 'funding_interval_hours': 8, 'last_funding_rate': 5.242e-05}"
"{'Unix': 1735891200000, 'Date': '2025-01-03T08:00:00', 'Symbol': 'BTCUSDT', 'funding_interval_hours': 8, 'last_funding_rate': 0.0001}"
"{'Unix': 1735862400000, 'Date': '2025-01-03T00:00:00', 'Symbol': 'BTCUSDT', 'funding_interval_hours': 8, 'last_funding_rate': 0.0001}"
"{'Unix': 1735833600000, 'Date': '2025-01-02T16:00:00', 'Symbol': 'BTCUSDT', 'funding_interval_hours': 8, 'last_funding_rate': 0.0001}"
"{'Unix': 1735804800006, 'Date': '2025-01-02T08:00:00', 'Symbol': 'BTCUSDT', 'funding_interval_hours': 8, 'last_funding_rate': 0.0001}"
"{'Unix': 1735776000000, 'Date': '2025-01-02T00:00:00', 'Symbol': 'BTCUSDT', 'funding_interval_hours': 8, 'last_funding_rate': 0.0001}"
"{'Unix': 1735747200001, 'Date': '2025-01-01T16:00:00', 'Symbol': 'BTCUSDT', 'funding_interval_hours': 8, 'last_funding_rate': 0.0001}"
"{'Unix': 1735718400000, 'Date': '2025-01-01T08:00:00', 'Symbol': 'BTCUSDT', 'funding_interval_hours': 8, 'last_funding_rate': 0.0001}"
"{'Unix': 1735689600015, 'Date': '2025-01-01T00:00:00', 'Symbol': 'BTCUSDT', 'funding_interval_hours': 8, 'last_funding_rate': 0.0001}"
"{'Unix': 1735660800000, 'Date': '2024-12-31T16:00:00', 'Symbol': 'BTCUSDT', 'funding_interval_hours': 8, 'last_funding_rate': 0.0001}"
"{'Unix': 1735632000000, 'Date': '2024-12-31T08:00:00', 'Symbol': 'BTCUSDT', 'funding_interval_hours': 8, 'last_funding_rate': 0.0001}"
"{'Unix': 1735603200000, 'Date': '2024-12-31T00:00:00', 'Symbol': 'BTCUSDT', 'funding_interval_hours': 8, 'last_funding_rate': 0.0001}"
"{'Unix': 1735574400000, 'Date': '2024-12-30T16:00:00', 'Symbol': 'BTCUSDT', 'funding_interval_hours': 8, 'last_funding_rate': 0.0001}"
"{'Unix': 1735545600001, 'Date': '2024-12-30T08:00:00', 'Symbol': 'BTCUSDT', 'funding_interval_hours': 8, 'last_funding_rate': 8.791e-05}"
"{'Unix': 1735516800000, 'Date': '2024-12-30T00:00:00', 'Symbol': 'BTCUSDT', 'funding_interval_hours': 8, 'last_funding_rate': -4.2e-07}"
"{'Unix': 1735488000000, 'Date': '2024-12-29T16:00:00', 'Symbol': 'BTCUSDT', 'funding_interval_hours': 8, 'last_funding_rate': 0.0001}"
"{'Unix': 1735459200000, 'Date': '2024-12-29T08:00:00', 'Symbol': 'BTCUSDT', 'funding_interval_hours': 8, 'last_funding_rate': 0.0001}"
"{'Unix': 1735430400000, 'Date': '2024-12-29T00:00:00', 'Symbol': 'BTCUSDT', 'funding_interval_hours': 8, 'last_funding_rate': 8.013e-05}"
"{'Unix': 1735401600000, 'Date': '2024-12-28T16:00:00', 'Symbol': 'BTCUSDT', 'funding_interval_hours': 8, 'last_funding_rate': 5.173e-05}"
"{'Unix': 1735372800000, 'Date': '2024-12-28T08:00:00', 'Symbol': 'BTCUSDT', 'funding_interval_hours': 8, 'last_funding_rate': 7.639e-05}"
"{'Unix': 1735344000001, 'Date': '2024-12-28T00:00:00', 'Symbol': 'BTCUSDT', 'funding_interval_hours': 8, 'last_funding_rate': 0.0001}"
"{'Unix': 1735315200000, 'Date': '2024-12-27T16:00:00', 'Symbol': 'BTCUSDT', 'funding_interval_hours': 8, 'last_funding_rate': 0.0001}"
"{'Unix': 1735286400000, 'Date': '2024-12-27T08:00:00', 'Symbol': 'BTCUSDT', 'funding_interval_hours': 8, 'last_funding_rate': 0.0001}"
"{'Unix': 1735257600000, 'Date': '2024-12-27T00:00:00', 'Symbol': 'BTCUSDT', 'funding_interval_hours': 8, 'last_funding_rate': 0.0001}"
"{'Unix': 1735228800000, 'Date': '2024-12-26T16:00:00', 'Symbol': 'BTCUSDT', 'funding_interval_hours': 8, 'last_funding_rate': 8.585e-05}"
"{'Unix': 1735200000000, 'Date': '2024-12-26T08:00:00', 'Symbol': 'BTCUSDT', 'funding_interval_hours': 8, 'last_funding_rate': 7.453e-05}"
"{'Unix': 1735171200000, 'Date': '2024-12-26T00:00:00', 'Symbol': 'BTCUSDT', 'funding_interval_hours': 8, 'last_funding_rate': 9.827e-05}"
"{'Unix': 1735142400000, 'Date': '2024-12-25T16:00:00', 'Symbol': 'BTCUSDT', 'funding_interval_hours': 8, 'last_funding_rate': 0.0001}"
"{'Unix': 1735113600000, 'Date': '2024-12-25T08:00:00', 'Symbol': 'BTCUSDT', 'funding_interval_hours': 8, 'last_funding_rate': 0.0001}"
"{'Unix': 1735084800001, 'Date': '2024-12-25T00:00:00', 'Symbol': 'BTCUSDT', 'funding_interval_hours': 8, 'last_funding_rate': 0.0001}"
"{'Unix': 1735056000001, 'Date': '2024-12-24T16:00:00', 'Symbol': 'BTCUSDT', 'funding_interval_hours': 8, 'last_funding_rate': 0.0001}"
"{'Unix': 1735027200000, 'Date': '2024-12-24T08:00:00', 'Symbol': 'BTCUSDT', 'funding_interval_hours': 8, 'last_funding_rate': 0.0001}"
"{'Unix': 1734998400000, 'Date': '2024-12-24T00:00:00', 'Symbol': 'BTCUSDT', 'funding_interval_hours': 8, 'last_funding_rate': 0.0001}"
"{'Unix': 1734969600001, 'Date': '2024-12-23T16:00:00', 'Symbol': 'BTCUSDT', 'funding_interval_hours': 8, 'last_funding_rate': 8.981e-05}"
"{'Unix': 1734940800000, 'Date': '2024-12-23T08:00:00', 'Symbol': 'BTCUSDT', 'funding_interval_hours': 8, 'last_funding_rate': 0.0001}"
"{'Unix': 1734912000000, 'Date': '2024-12-23T00:00:00', 'Symbol': 'BTCUSDT', 'funding_interval_hours': 8, 'last_funding_rate': 0.0001}"
"{'Unix': 1734883200000, 'Date': '2024-12-22T16:00:00', 'Symbol': 'BTCUSDT', 'funding_interval_hours': 8, 'last_funding_rate': 9.629e-05}"
"{'Unix': 1734854400000, 'Date': '2024-12-22T08:00:00', 'Symbol': 'BTCUSDT', 'funding_interval_hours': 8, 'last_funding_rate': 0.0001}"
"{'Unix': 1734825600000, 'Date': '2024-12-22T00:00:00', 'Symbol': 'BTCUSDT', 'funding_interval_hours': 8, 'last_funding_rate': 0.0001}"
"{'Unix': 1734796800001, 'Date': '2024-12-21T16:00:00', 'Symbol': 'BTCUSDT', 'funding_interval_hours': 8, 'last_funding_rate': 0.0001}"
"{'Unix': 1734768000000, 'Date': '2024-12-21T08:00:00', 'Symbol': 'BTCUSDT', 'funding_interval_hours': 8, 'last_funding_rate': 1.206e-05}"
"{'Unix': 1734739200000, 'Date': '2024-12-21T00:00:00', 'Symbol': 'BTCUSDT', 'funding_interval_hours': 8, 'last_funding_rate': 0.0001}"
"{'Unix': 1734710400014, 'Date': '2024-12-20T16:00:00', 'Symbol': 'BTCUSDT', 'funding_interval_hours': 8, 'last_funding_rate': 0.0001}"
"{'Unix': 1734681600001, 'Date': '2024-12-20T08:00:00', 'Symbol': 'BTCUSDT', 'funding_interval_hours': 8, 'last_funding_rate': 0.0001}"
"{'Unix': 1734652800000, 'Date': '2024-12-20T00:00:00', 'Symbol': 'BTCUSDT', 'funding_interval_hours': 8, 'last_funding_rate': 0.0001}"
"{'Unix': 1734624000000, 'Date': '2024-12-19T16:00:00', 'Symbol': 'BTCUSDT', 'funding_interval_hours': 8, 'last_funding_rate': 0.0001}"
"{'Unix': 1734595200000, 'Date': '2024-12-19T08:00:00', 'Symbol': 'BTCUSDT', 'funding_interval_hours': 8, 'last_funding_rate': 0.0001}"
"{'Unix': 1734566400000, 'Date': '2024-12-19T00:00:00', 'Symbol': 'BTCUSDT', 'funding_interval_hours': 8, 'last_funding_rate': 0.0001}"
"{'Unix': 1734537600000, 'Date': '2024-12-18T16:00:00', 'Symbol': 'BTCUSDT', 'funding_interval_hours': 8, 'last_funding_rate': 0.0001}"
"{'Unix': 1734508800000, 'Date': '2024-12-18T08:00:00', 'Symbol': 'BTCUSDT', 'funding_interval_hours': 8, 'last_funding_rate': 9.159e-05}"
"{'Unix': 1734480000000, 'Date': '2024-12-18T00:00:00', 'Symbol': 'BTCUSDT', 'funding_interval_hours': 8, 'last_funding_rate': 0.0001}"
"{'Unix': 1734451200000, 'Date': '2024-12-17T16:00:00', 'Symbol': 'BTCUSDT', 'funding_interval_hours': 8, 'last_funding_rate': 0.0001}"
"{'Unix': 1734422400000, 'Date': '2024-12-17T08:00:00', 'Symbol': 'BTCUSDT', 'funding_interval_hours': 8, 'last_funding_rate': 0.0001}"
"{'Unix': 1734393600000, 'Date': '2024-12-17T00:00:00', 'Symbol': 'BTCUSDT', 'funding_interval_hours': 8, 'last_funding_rate': 7.866e-05}"
"{'Unix': 1734364800000, 'Date': '2024-12-16T16:00:00', 'Symbol': 'BTCUSDT', 'funding_interval_hours': 8, 'last_funding_rate': 9.181e-05}"
"{'Unix': 1734336000001, 'Date': '2024-12-16T08:00:00', 'Symbol': 'BTCUSDT', 'funding_interval_hours': 8, 'last_funding_rate': 0.0001}"
"{'Unix': 1734307200000, 'Date': '2024-12-16T00:00:00', 'Symbol': 'BTCUSDT', 'funding_interval_hours': 8, 'last_funding_rate': 0.0001}"
