result
"{'date': '2023-10-23', 'underlying': 'ETHUSDT', 'total_calls_oi': 47593.16, 'total_puts_oi': 50875.18}"
"{'date': '2023-10-22', 'underlying': 'ETHUSDT', 'total_calls_oi': 47456.61, 'total_puts_oi': 49047.6}"
"{'date': '2023-10-21', 'underlying': 'ETHUSDT', 'total_calls_oi': 47996.29, 'total_puts_oi': 48251.68}"
"{'date': '2023-10-20', 'underlying': 'ETHUSDT', 'total_calls_oi': 47067.89, 'total_puts_oi': 45118.47}"
"{'date': '2023-10-19', 'underlying': 'ETHUSDT', 'total_calls_oi': 56534.78, 'total_puts_oi': 65620.25}"
"{'date': '2023-10-18', 'underlying': 'ETHUSDT', 'total_calls_oi': 53855.22, 'total_puts_oi': 57383.48}"
"{'date': '2023-10-17', 'underlying': 'ETHUSDT', 'total_calls_oi': 50351.69, 'total_puts_oi': 53819.65}"
"{'date': '2023-10-16', 'underlying': 'ETHUSDT', 'total_calls_oi': 50242.87, 'total_puts_oi': 52305.16}"
"{'date': '2023-10-15', 'underlying': 'ETHUSDT', 'total_calls_oi': 54415.07, 'total_puts_oi': 55507.66}"
"{'date': '2023-10-14', 'underlying': 'ETHUSDT', 'total_calls_oi': 54365.94, 'total_puts_oi': 57616.57}"
"{'date': '2023-10-13', 'underlying': 'ETHUSDT', 'total_calls_oi': 62842.21, 'total_puts_oi': 71242.59}"
"{'date': '2023-10-12', 'underlying': 'ETHUSDT', 'total_calls_oi': 68901.41, 'total_puts_oi': 65512.8}"
"{'date': '2023-10-11', 'underlying': 'ETHUSDT', 'total_calls_oi': 71182.96, 'total_puts_oi': 60354.72}"
"{'date': '2023-10-10', 'underlying': 'ETHUSDT', 'total_calls_oi': 68802.07, 'total_puts_oi': 54625.11}"
"{'date': '2023-10-09', 'underlying': 'ETHUSDT', 'total_calls_oi': 60074.81, 'total_puts_oi': 50328.1}"
"{'date': '2023-10-08', 'underlying': 'ETHUSDT', 'total_calls_oi': 44754.61, 'total_puts_oi': 41923.63}"
"{'date': '2023-10-07', 'underlying': 'ETHUSDT', 'total_calls_oi': 43508.66, 'total_puts_oi': 41113.31}"
"{'date': '2023-10-06', 'underlying': 'ETHUSDT', 'total_calls_oi': 55341.79, 'total_puts_oi': 65828.89}"
"{'date': '2023-10-05', 'underlying': 'ETHUSDT', 'total_calls_oi': 51436.05, 'total_puts_oi': 61915.52}"
"{'date': '2023-10-04', 'underlying': 'ETHUSDT', 'total_calls_oi': 47620.28, 'total_puts_oi': 55151.28}"
"{'date': '2023-10-03', 'underlying': 'ETHUSDT', 'total_calls_oi': 44319.92, 'total_puts_oi': 49776.42}"
"{'date': '2023-10-02', 'underlying': 'ETHUSDT', 'total_calls_oi': 41223.27, 'total_puts_oi': 45993.35}"
"{'date': '2023-10-01', 'underlying': 'ETHUSDT', 'total_calls_oi': 39410.05, 'total_puts_oi': 41539.96}"
"{'date': '2023-09-30', 'underlying': 'ETHUSDT', 'total_calls_oi': 36957.4, 'total_puts_oi': 40326.29}"
"{'date': '2023-09-29', 'underlying': 'ETHUSDT', 'total_calls_oi': 71203.51, 'total_puts_oi': 73225.07}"
"{'date': '2023-09-28', 'underlying': 'ETHUSDT', 'total_calls_oi': 69062.9, 'total_puts_oi': 67943.3}"
"{'date': '2023-09-27', 'underlying': 'ETHUSDT', 'total_calls_oi': 62986.46, 'total_puts_oi': 60070.9}"
"{'date': '2023-09-26', 'underlying': 'ETHUSDT', 'total_calls_oi': 60981.83, 'total_puts_oi': 56400.61}"
"{'date': '2023-09-24', 'underlying': 'ETHUSDT', 'total_calls_oi': 60684.38, 'total_puts_oi': 56482.68}"
"{'date': '2023-09-23', 'underlying': 'ETHUSDT', 'total_calls_oi': 60736.78, 'total_puts_oi': 59842.58}"
"{'date': '2023-09-22', 'underlying': 'ETHUSDT', 'total_calls_oi': 68936.41, 'total_puts_oi': 75314.19}"
"{'date': '2023-09-21', 'underlying': 'ETHUSDT', 'total_calls_oi': 67562.93, 'total_puts_oi': 71534.15}"
"{'date': '2023-09-20', 'underlying': 'ETHUSDT', 'total_calls_oi': 65491.21, 'total_puts_oi': 74056.02}"
"{'date': '2023-09-19', 'underlying': 'ETHUSDT', 'total_calls_oi': 58668.76, 'total_puts_oi': 64738.54}"
"{'date': '2023-09-07', 'underlying': 'ETHUSDT', 'total_calls_oi': 56985.26, 'total_puts_oi': 63205.72}"
"{'date': '2023-09-06', 'underlying': 'ETHUSDT', 'total_calls_oi': 54762.9, 'total_puts_oi': 61805.99}"
"{'date': '2023-09-05', 'underlying': 'ETHUSDT', 'total_calls_oi': 51459.34, 'total_puts_oi': 59456.36}"
"{'date': '2023-09-04', 'underlying': 'ETHUSDT', 'total_calls_oi': 49314.91, 'total_puts_oi': 52468.43}"
"{'date': '2023-09-03', 'underlying': 'ETHUSDT', 'total_calls_oi': 47590.38, 'total_puts_oi': 48943.38}"
"{'date': '2023-09-02', 'underlying': 'ETHUSDT', 'total_calls_oi': 48300.04, 'total_puts_oi': 48519.15}"
"{'date': '2023-09-01', 'underlying': 'ETHUSDT', 'total_calls_oi': 50148.98, 'total_puts_oi': 46460.29}"
"{'date': '2023-08-31', 'underlying': 'ETHUSDT', 'total_calls_oi': 54099.61, 'total_puts_oi': 53538.33}"
"{'date': '2023-08-30', 'underlying': 'ETHUSDT', 'total_calls_oi': 48199.57, 'total_puts_oi': 53241.15}"
"{'date': '2023-08-29', 'underlying': 'ETHUSDT', 'total_calls_oi': 25771.45, 'total_puts_oi': 29131.03}"
"{'date': '2023-08-28', 'underlying': 'ETHUSDT', 'total_calls_oi': 24481.26, 'total_puts_oi': 27630.66}"
"{'date': '2023-08-27', 'underlying': 'ETHUSDT', 'total_calls_oi': 23804.08, 'total_puts_oi': 25814.32}"
"{'date': '2023-08-26', 'underlying': 'ETHUSDT', 'total_calls_oi': 23581.81, 'total_puts_oi': 25592.84}"
"{'date': '2023-08-25', 'underlying': 'ETHUSDT', 'total_calls_oi': 22926.62, 'total_puts_oi': 23998.11}"
"{'date': '2023-08-24', 'underlying': 'ETHUSDT', 'total_calls_oi': 46072.14, 'total_puts_oi': 42503.64}"
"{'date': '2023-08-23', 'underlying': 'ETHUSDT', 'total_calls_oi': 41729.98, 'total_puts_oi': 38947.34}"
"{'date': '2023-08-22', 'underlying': 'ETHUSDT', 'total_calls_oi': 38127.11, 'total_puts_oi': 36352.31}"
"{'date': '2023-08-21', 'underlying': 'ETHUSDT', 'total_calls_oi': 37649.87, 'total_puts_oi': 36670.24}"
"{'date': '2023-08-20', 'underlying': 'ETHUSDT', 'total_calls_oi': 35465.69, 'total_puts_oi': 33709.23}"
"{'date': '2023-08-19', 'underlying': 'ETHUSDT', 'total_calls_oi': 32150.95, 'total_puts_oi': 32298.25}"
"{'date': '2023-08-18', 'underlying': 'ETHUSDT', 'total_calls_oi': 30618.0, 'total_puts_oi': 31362.02}"
"{'date': '2023-08-17', 'underlying': 'ETHUSDT', 'total_calls_oi': 37452.55, 'total_puts_oi': 40489.29}"
"{'date': '2023-08-16', 'underlying': 'ETHUSDT', 'total_calls_oi': 33182.02, 'total_puts_oi': 34917.54}"
"{'date': '2023-08-15', 'underlying': 'ETHUSDT', 'total_calls_oi': 32507.89, 'total_puts_oi': 33111.05}"
"{'date': '2023-08-14', 'underlying': 'ETHUSDT', 'total_calls_oi': 32248.78, 'total_puts_oi': 32153.16}"
"{'date': '2023-08-13', 'underlying': 'ETHUSDT', 'total_calls_oi': 30628.26, 'total_puts_oi': 31224.15}"
"{'date': '2023-08-12', 'underlying': 'ETHUSDT', 'total_calls_oi': 29930.83, 'total_puts_oi': 30907.84}"
"{'date': '2023-08-11', 'underlying': 'ETHUSDT', 'total_calls_oi': 29400.56, 'total_puts_oi': 30213.71}"
"{'date': '2023-08-10', 'underlying': 'ETHUSDT', 'total_calls_oi': 36209.05, 'total_puts_oi': 34253.94}"
"{'date': '2023-08-09', 'underlying': 'ETHUSDT', 'total_calls_oi': 33973.74, 'total_puts_oi': 32652.94}"
"{'date': '2023-08-08', 'underlying': 'ETHUSDT', 'total_calls_oi': 32393.58, 'total_puts_oi': 32106.41}"
"{'date': '2023-08-07', 'underlying': 'ETHUSDT', 'total_calls_oi': 31780.8, 'total_puts_oi': 31463.61}"
"{'date': '2023-08-06', 'underlying': 'ETHUSDT', 'total_calls_oi': 33022.22, 'total_puts_oi': 32844.02}"
"{'date': '2023-08-05', 'underlying': 'ETHUSDT', 'total_calls_oi': 32007.78, 'total_puts_oi': 33188.92}"
"{'date': '2023-08-04', 'underlying': 'ETHUSDT', 'total_calls_oi': 31190.12, 'total_puts_oi': 33624.26}"
"{'date': '2023-08-03', 'underlying': 'ETHUSDT', 'total_calls_oi': 28726.83, 'total_puts_oi': 32333.51}"
"{'date': '2023-08-02', 'underlying': 'ETHUSDT', 'total_calls_oi': 27896.68, 'total_puts_oi': 28673.56}"
"{'date': '2023-08-01', 'underlying': 'ETHUSDT', 'total_calls_oi': 27366.65, 'total_puts_oi': 27024.72}"
"{'date': '2023-07-31', 'underlying': 'ETHUSDT', 'total_calls_oi': 25219.17, 'total_puts_oi': 25894.08}"
"{'date': '2023-07-30', 'underlying': 'ETHUSDT', 'total_calls_oi': 24465.2, 'total_puts_oi': 24551.96}"
"{'date': '2023-07-29', 'underlying': 'ETHUSDT', 'total_calls_oi': 24198.65, 'total_puts_oi': 23948.35}"
"{'date': '2023-07-28', 'underlying': 'ETHUSDT', 'total_calls_oi': 23942.29, 'total_puts_oi': 23440.02}"
"{'date': '2023-07-27', 'underlying': 'ETHUSDT', 'total_calls_oi': 38238.98, 'total_puts_oi': 33657.13}"
"{'date': '2023-07-26', 'underlying': 'ETHUSDT', 'total_calls_oi': 38140.61, 'total_puts_oi': 31266.66}"
"{'date': '2023-07-25', 'underlying': 'ETHUSDT', 'total_calls_oi': 37421.46, 'total_puts_oi': 30313.35}"
"{'date': '2023-07-24', 'underlying': 'ETHUSDT', 'total_calls_oi': 35775.03, 'total_puts_oi': 29779.59}"
"{'date': '2023-07-23', 'underlying': 'ETHUSDT', 'total_calls_oi': 34832.85, 'total_puts_oi': 27639.62}"
"{'date': '2023-07-22', 'underlying': 'ETHUSDT', 'total_calls_oi': 33906.59, 'total_puts_oi': 26871.99}"
"{'date': '2023-07-21', 'underlying': 'ETHUSDT', 'total_calls_oi': 33745.87, 'total_puts_oi': 25870.4}"
"{'date': '2023-07-20', 'underlying': 'ETHUSDT', 'total_calls_oi': 42392.28, 'total_puts_oi': 36964.8}"
"{'date': '2023-07-19', 'underlying': 'ETHUSDT', 'total_calls_oi': 42365.15, 'total_puts_oi': 34636.51}"
"{'date': '2023-07-18', 'underlying': 'ETHUSDT', 'total_calls_oi': 39635.38, 'total_puts_oi': 30775.57}"
"{'date': '2023-07-17', 'underlying': 'ETHUSDT', 'total_calls_oi': 42023.4, 'total_puts_oi': 30396.34}"
"{'date': '2023-07-16', 'underlying': 'ETHUSDT', 'total_calls_oi': 39413.46, 'total_puts_oi': 26231.3}"
"{'date': '2023-07-15', 'underlying': 'ETHUSDT', 'total_calls_oi': 38685.74, 'total_puts_oi': 29167.6}"
"{'date': '2023-07-14', 'underlying': 'ETHUSDT', 'total_calls_oi': 44157.14, 'total_puts_oi': 34370.41}"
"{'date': '2023-07-13', 'underlying': 'ETHUSDT', 'total_calls_oi': 38949.65, 'total_puts_oi': 27792.62}"
"{'date': '2023-07-12', 'underlying': 'ETHUSDT', 'total_calls_oi': 31471.49, 'total_puts_oi': 22638.96}"
"{'date': '2023-07-11', 'underlying': 'ETHUSDT', 'total_calls_oi': 28677.41, 'total_puts_oi': 24095.61}"
"{'date': '2023-07-10', 'underlying': 'ETHUSDT', 'total_calls_oi': 28221.04, 'total_puts_oi': 26098.16}"
"{'date': '2023-07-09', 'underlying': 'ETHUSDT', 'total_calls_oi': 27254.45, 'total_puts_oi': 22869.0}"
"{'date': '2023-07-08', 'underlying': 'ETHUSDT', 'total_calls_oi': 28591.36, 'total_puts_oi': 20308.07}"
"{'date': '2023-07-07', 'underlying': 'ETHUSDT', 'total_calls_oi': 33266.08, 'total_puts_oi': 27273.1}"
"{'date': '2023-07-06', 'underlying': 'ETHUSDT', 'total_calls_oi': 28343.03, 'total_puts_oi': 24503.19}"
"{'date': '2023-07-05', 'underlying': 'ETHUSDT', 'total_calls_oi': 31121.1, 'total_puts_oi': 29246.78}"
"{'date': '2023-07-04', 'underlying': 'ETHUSDT', 'total_calls_oi': 30501.98, 'total_puts_oi': 30766.97}"
"{'date': '2023-07-03', 'underlying': 'ETHUSDT', 'total_calls_oi': 30365.18, 'total_puts_oi': 28785.04}"
"{'date': '2023-07-02', 'underlying': 'ETHUSDT', 'total_calls_oi': 27492.54, 'total_puts_oi': 24412.6}"
"{'date': '2023-07-01', 'underlying': 'ETHUSDT', 'total_calls_oi': 26217.93, 'total_puts_oi': 23510.81}"
"{'date': '2023-06-30', 'underlying': 'ETHUSDT', 'total_calls_oi': 45743.68, 'total_puts_oi': 36871.3}"
"{'date': '2023-06-29', 'underlying': 'ETHUSDT', 'total_calls_oi': 44166.81, 'total_puts_oi': 31627.94}"
"{'date': '2023-06-28', 'underlying': 'ETHUSDT', 'total_calls_oi': 46934.44, 'total_puts_oi': 31395.31}"
"{'date': '2023-06-27', 'underlying': 'ETHUSDT', 'total_calls_oi': 40647.47, 'total_puts_oi': 27153.48}"
"{'date': '2023-06-26', 'underlying': 'ETHUSDT', 'total_calls_oi': 35027.07, 'total_puts_oi': 23033.99}"
"{'date': '2023-06-25', 'underlying': 'ETHUSDT', 'total_calls_oi': 37391.1, 'total_puts_oi': 24831.36}"
"{'date': '2023-06-24', 'underlying': 'ETHUSDT', 'total_calls_oi': 37462.68, 'total_puts_oi': 27273.13}"
"{'date': '2023-06-23', 'underlying': 'ETHUSDT', 'total_calls_oi': 41741.38, 'total_puts_oi': 32144.57}"
"{'date': '2023-06-22', 'underlying': 'ETHUSDT', 'total_calls_oi': 39941.14, 'total_puts_oi': 32595.27}"
"{'date': '2023-06-21', 'underlying': 'ETHUSDT', 'total_calls_oi': 40049.18, 'total_puts_oi': 29330.71}"
"{'date': '2023-06-20', 'underlying': 'ETHUSDT', 'total_calls_oi': 35882.72, 'total_puts_oi': 22475.79}"
"{'date': '2023-06-19', 'underlying': 'ETHUSDT', 'total_calls_oi': 31901.27, 'total_puts_oi': 20606.91}"
"{'date': '2023-06-18', 'underlying': 'ETHUSDT', 'total_calls_oi': 31759.37, 'total_puts_oi': 22730.27}"
"{'date': '2023-06-17', 'underlying': 'ETHUSDT', 'total_calls_oi': 34377.43, 'total_puts_oi': 23528.18}"
"{'date': '2023-06-16', 'underlying': 'ETHUSDT', 'total_calls_oi': 40676.01, 'total_puts_oi': 29780.86}"
"{'date': '2023-06-15', 'underlying': 'ETHUSDT', 'total_calls_oi': 36368.42, 'total_puts_oi': 27061.51}"
"{'date': '2023-06-14', 'underlying': 'ETHUSDT', 'total_calls_oi': 38524.95, 'total_puts_oi': 27547.48}"
"{'date': '2023-06-13', 'underlying': 'ETHUSDT', 'total_calls_oi': 33602.2, 'total_puts_oi': 29429.82}"
"{'date': '2023-06-12', 'underlying': 'ETHUSDT', 'total_calls_oi': 34807.19, 'total_puts_oi': 27534.17}"
"{'date': '2023-06-11', 'underlying': 'ETHUSDT', 'total_calls_oi': 31333.71, 'total_puts_oi': 24102.56}"
"{'date': '2023-06-10', 'underlying': 'ETHUSDT', 'total_calls_oi': 32244.21, 'total_puts_oi': 23615.7}"
"{'date': '2023-06-09', 'underlying': 'ETHUSDT', 'total_calls_oi': 27161.64, 'total_puts_oi': 18536.33}"
"{'date': '2023-06-08', 'underlying': 'ETHUSDT', 'total_calls_oi': 34024.08, 'total_puts_oi': 33075.06}"
"{'date': '2023-06-07', 'underlying': 'ETHUSDT', 'total_calls_oi': 35996.66, 'total_puts_oi': 30928.38}"
"{'date': '2023-06-06', 'underlying': 'ETHUSDT', 'total_calls_oi': 28576.18, 'total_puts_oi': 23951.73}"
"{'date': '2023-06-05', 'underlying': 'ETHUSDT', 'total_calls_oi': 24774.68, 'total_puts_oi': 21369.94}"
"{'date': '2023-06-04', 'underlying': 'ETHUSDT', 'total_calls_oi': 25090.73, 'total_puts_oi': 21319.79}"
"{'date': '2023-06-03', 'underlying': 'ETHUSDT', 'total_calls_oi': 25910.14, 'total_puts_oi': 22475.95}"
"{'date': '2023-06-02', 'underlying': 'ETHUSDT', 'total_calls_oi': 34290.66, 'total_puts_oi': 32603.46}"
"{'date': '2023-06-01', 'underlying': 'ETHUSDT', 'total_calls_oi': 35411.44, 'total_puts_oi': 32307.42}"
"{'date': '2023-05-31', 'underlying': 'ETHUSDT', 'total_calls_oi': 31459.74, 'total_puts_oi': 27944.13}"
"{'date': '2023-05-30', 'underlying': 'ETHUSDT', 'total_calls_oi': 35077.77, 'total_puts_oi': 27872.25}"
"{'date': '2023-05-29', 'underlying': 'ETHUSDT', 'total_calls_oi': 29342.84, 'total_puts_oi': 25975.01}"
"{'date': '2023-05-28', 'underlying': 'ETHUSDT', 'total_calls_oi': 25613.77, 'total_puts_oi': 19713.83}"
"{'date': '2023-05-27', 'underlying': 'ETHUSDT', 'total_calls_oi': 24117.89, 'total_puts_oi': 21719.59}"
"{'date': '2023-05-26', 'underlying': 'ETHUSDT', 'total_calls_oi': 44721.58, 'total_puts_oi': 37357.98}"
"{'date': '2023-05-25', 'underlying': 'ETHUSDT', 'total_calls_oi': 43967.53, 'total_puts_oi': 35249.2}"
"{'date': '2023-05-24', 'underlying': 'ETHUSDT', 'total_calls_oi': 43462.08, 'total_puts_oi': 33647.76}"
"{'date': '2023-05-23', 'underlying': 'ETHUSDT', 'total_calls_oi': 41404.53, 'total_puts_oi': 31462.4}"
"{'date': '2023-05-22', 'underlying': 'ETHUSDT', 'total_calls_oi': 40838.51, 'total_puts_oi': 31732.06}"
"{'date': '2023-05-21', 'underlying': 'ETHUSDT', 'total_calls_oi': 36060.03, 'total_puts_oi': 26627.83}"
"{'date': '2023-05-20', 'underlying': 'ETHUSDT', 'total_calls_oi': 34764.91, 'total_puts_oi': 24797.37}"
"{'date': '2023-05-19', 'underlying': 'ETHUSDT', 'total_calls_oi': 32927.29, 'total_puts_oi': 25346.24}"
"{'date': '2023-05-18', 'underlying': 'ETHUSDT', 'total_calls_oi': 40650.6, 'total_puts_oi': 34140.35}"
