result
"{'Unix': 1740758400000, 'Date': '2025-02-28T16:00:00', 'Symbol': 'ETHUSDT', 'funding_interval_hours': 8, 'last_funding_rate': 1.248e-05}"
"{'Unix': 1740729600000, 'Date': '2025-02-28T08:00:00', 'Symbol': 'ETHUSDT', 'funding_interval_hours': 8, 'last_funding_rate': 1.219e-05}"
"{'Unix': 1740700800001, 'Date': '2025-02-28T00:00:00', 'Symbol': 'ETHUSDT', 'funding_interval_hours': 8, 'last_funding_rate': 4.097e-05}"
"{'Unix': 1740672000000, 'Date': '2025-02-27T16:00:00', 'Symbol': 'ETHUSDT', 'funding_interval_hours': 8, 'last_funding_rate': 5.027e-05}"
"{'Unix': 1740643200000, 'Date': '2025-02-27T08:00:00', 'Symbol': 'ETHUSDT', 'funding_interval_hours': 8, 'last_funding_rate': 0.0001}"
"{'Unix': 1740614400001, 'Date': '2025-02-27T00:00:00', 'Symbol': 'ETHUSDT', 'funding_interval_hours': 8, 'last_funding_rate': 8.515e-05}"
"{'Unix': 1740585600000, 'Date': '2025-02-26T16:00:00', 'Symbol': 'ETHUSDT', 'funding_interval_hours': 8, 'last_funding_rate': 3.433e-05}"
"{'Unix': 1740556800000, 'Date': '2025-02-26T08:00:00', 'Symbol': 'ETHUSDT', 'funding_interval_hours': 8, 'last_funding_rate': 6.103e-05}"
"{'Unix': 1740528000000, 'Date': '2025-02-26T00:00:00', 'Symbol': 'ETHUSDT', 'funding_interval_hours': 8, 'last_funding_rate': 1.86e-05}"
"{'Unix': 1740499200000, 'Date': '2025-02-25T16:00:00', 'Symbol': 'ETHUSDT', 'funding_interval_hours': 8, 'last_funding_rate': 2.913e-05}"
"{'Unix': 1740470400000, 'Date': '2025-02-25T08:00:00', 'Symbol': 'ETHUSDT', 'funding_interval_hours': 8, 'last_funding_rate': 4.71e-06}"
"{'Unix': 1740441600000, 'Date': '2025-02-25T00:00:00', 'Symbol': 'ETHUSDT', 'funding_interval_hours': 8, 'last_funding_rate': -3.589e-05}"
"{'Unix': 1740412800000, 'Date': '2025-02-24T16:00:00', 'Symbol': 'ETHUSDT', 'funding_interval_hours': 8, 'last_funding_rate': 3.082e-05}"
"{'Unix': 1740384000000, 'Date': '2025-02-24T08:00:00', 'Symbol': 'ETHUSDT', 'funding_interval_hours': 8, 'last_funding_rate': 9.24e-06}"
"{'Unix': 1740355200000, 'Date': '2025-02-24T00:00:00', 'Symbol': 'ETHUSDT', 'funding_interval_hours': 8, 'last_funding_rate': 7.127e-05}"
"{'Unix': 1740326400000, 'Date': '2025-02-23T16:00:00', 'Symbol': 'ETHUSDT', 'funding_interval_hours': 8, 'last_funding_rate': 2.13e-06}"
"{'Unix': 1740297600000, 'Date': '2025-02-23T08:00:00', 'Symbol': 'ETHUSDT', 'funding_interval_hours': 8, 'last_funding_rate': 3.796e-05}"
"{'Unix': 1740268800000, 'Date': '2025-02-23T00:00:00', 'Symbol': 'ETHUSDT', 'funding_interval_hours': 8, 'last_funding_rate': 9.726e-05}"
"{'Unix': 1740240000000, 'Date': '2025-02-22T16:00:00', 'Symbol': 'ETHUSDT', 'funding_interval_hours': 8, 'last_funding_rate': 3.41e-05}"
"{'Unix': 1740211200000, 'Date': '2025-02-22T08:00:00', 'Symbol': 'ETHUSDT', 'funding_interval_hours': 8, 'last_funding_rate': -1.427e-05}"
"{'Unix': 1740182400000, 'Date': '2025-02-22T00:00:00', 'Symbol': 'ETHUSDT', 'funding_interval_hours': 8, 'last_funding_rate': 3.254e-05}"
"{'Unix': 1740153600000, 'Date': '2025-02-21T16:00:00', 'Symbol': 'ETHUSDT', 'funding_interval_hours': 8, 'last_funding_rate': 4.228e-05}"
"{'Unix': 1740124800000, 'Date': '2025-02-21T08:00:00', 'Symbol': 'ETHUSDT', 'funding_interval_hours': 8, 'last_funding_rate': 6.624e-05}"
"{'Unix': 1740096000001, 'Date': '2025-02-21T00:00:00', 'Symbol': 'ETHUSDT', 'funding_interval_hours': 8, 'last_funding_rate': 3.574e-05}"
"{'Unix': 1740067200000, 'Date': '2025-02-20T16:00:00', 'Symbol': 'ETHUSDT', 'funding_interval_hours': 8, 'last_funding_rate': 6.405e-05}"
"{'Unix': 1740038400000, 'Date': '2025-02-20T08:00:00', 'Symbol': 'ETHUSDT', 'funding_interval_hours': 8, 'last_funding_rate': 5.629e-05}"
"{'Unix': 1740009600000, 'Date': '2025-02-20T00:00:00', 'Symbol': 'ETHUSDT', 'funding_interval_hours': 8, 'last_funding_rate': -2.07e-06}"
"{'Unix': 1739980800000, 'Date': '2025-02-19T16:00:00', 'Symbol': 'ETHUSDT', 'funding_interval_hours': 8, 'last_funding_rate': 3.185e-05}"
"{'Unix': 1739952000000, 'Date': '2025-02-19T08:00:00', 'Symbol': 'ETHUSDT', 'funding_interval_hours': 8, 'last_funding_rate': 7.273e-05}"
"{'Unix': 1739923200000, 'Date': '2025-02-19T00:00:00', 'Symbol': 'ETHUSDT', 'funding_interval_hours': 8, 'last_funding_rate': 4.964e-05}"
"{'Unix': 1739894400000, 'Date': '2025-02-18T16:00:00', 'Symbol': 'ETHUSDT', 'funding_interval_hours': 8, 'last_funding_rate': 5.441e-05}"
"{'Unix': 1739865600000, 'Date': '2025-02-18T08:00:00', 'Symbol': 'ETHUSDT', 'funding_interval_hours': 8, 'last_funding_rate': -1.595e-05}"
"{'Unix': 1739836800000, 'Date': '2025-02-18T00:00:00', 'Symbol': 'ETHUSDT', 'funding_interval_hours': 8, 'last_funding_rate': 4.742e-05}"
"{'Unix': 1739808000000, 'Date': '2025-02-17T16:00:00', 'Symbol': 'ETHUSDT', 'funding_interval_hours': 8, 'last_funding_rate': 0.0001}"
"{'Unix': 1739779200000, 'Date': '2025-02-17T08:00:00', 'Symbol': 'ETHUSDT', 'funding_interval_hours': 8, 'last_funding_rate': 5.61e-05}"
"{'Unix': 1739750400000, 'Date': '2025-02-17T00:00:00', 'Symbol': 'ETHUSDT', 'funding_interval_hours': 8, 'last_funding_rate': 3.649e-05}"
"{'Unix': 1739721600000, 'Date': '2025-02-16T16:00:00', 'Symbol': 'ETHUSDT', 'funding_interval_hours': 8, 'last_funding_rate': 3.775e-05}"
"{'Unix': 1739692800000, 'Date': '2025-02-16T08:00:00', 'Symbol': 'ETHUSDT', 'funding_interval_hours': 8, 'last_funding_rate': 5.945e-05}"
"{'Unix': 1739664000000, 'Date': '2025-02-16T00:00:00', 'Symbol': 'ETHUSDT', 'funding_interval_hours': 8, 'last_funding_rate': 3.859e-05}"
"{'Unix': 1739635200000, 'Date': '2025-02-15T16:00:00', 'Symbol': 'ETHUSDT', 'funding_interval_hours': 8, 'last_funding_rate': 8.44e-06}"
"{'Unix': 1739606400000, 'Date': '2025-02-15T08:00:00', 'Symbol': 'ETHUSDT', 'funding_interval_hours': 8, 'last_funding_rate': 3.822e-05}"
"{'Unix': 1739577600000, 'Date': '2025-02-15T00:00:00', 'Symbol': 'ETHUSDT', 'funding_interval_hours': 8, 'last_funding_rate': 4.385e-05}"
"{'Unix': 1739548800000, 'Date': '2025-02-14T16:00:00', 'Symbol': 'ETHUSDT', 'funding_interval_hours': 8, 'last_funding_rate': 7.834e-05}"
"{'Unix': 1739520000001, 'Date': '2025-02-14T08:00:00', 'Symbol': 'ETHUSDT', 'funding_interval_hours': 8, 'last_funding_rate': 8.242e-05}"
"{'Unix': 1739491200000, 'Date': '2025-02-14T00:00:00', 'Symbol': 'ETHUSDT', 'funding_interval_hours': 8, 'last_funding_rate': 2.39e-06}"
"{'Unix': 1739462400001, 'Date': '2025-02-13T16:00:00', 'Symbol': 'ETHUSDT', 'funding_interval_hours': 8, 'last_funding_rate': 1.027e-05}"
"{'Unix': 1739433600000, 'Date': '2025-02-13T08:00:00', 'Symbol': 'ETHUSDT', 'funding_interval_hours': 8, 'last_funding_rate': 0.0001}"
"{'Unix': 1739404800001, 'Date': '2025-02-13T00:00:00', 'Symbol': 'ETHUSDT', 'funding_interval_hours': 8, 'last_funding_rate': 9.54e-05}"
"{'Unix': 1739376000001, 'Date': '2025-02-12T16:00:00', 'Symbol': 'ETHUSDT', 'funding_interval_hours': 8, 'last_funding_rate': 8.407e-05}"
"{'Unix': 1739347200000, 'Date': '2025-02-12T08:00:00', 'Symbol': 'ETHUSDT', 'funding_interval_hours': 8, 'last_funding_rate': 3.35e-05}"
"{'Unix': 1739318400000, 'Date': '2025-02-12T00:00:00', 'Symbol': 'ETHUSDT', 'funding_interval_hours': 8, 'last_funding_rate': 6.151e-05}"
"{'Unix': 1739289600000, 'Date': '2025-02-11T16:00:00', 'Symbol': 'ETHUSDT', 'funding_interval_hours': 8, 'last_funding_rate': -1.236e-05}"
"{'Unix': 1739260800000, 'Date': '2025-02-11T08:00:00', 'Symbol': 'ETHUSDT', 'funding_interval_hours': 8, 'last_funding_rate': 4.26e-05}"
"{'Unix': 1739232000000, 'Date': '2025-02-11T00:00:00', 'Symbol': 'ETHUSDT', 'funding_interval_hours': 8, 'last_funding_rate': -5.72e-06}"
"{'Unix': 1739203200000, 'Date': '2025-02-10T16:00:00', 'Symbol': 'ETHUSDT', 'funding_interval_hours': 8, 'last_funding_rate': 5.396e-05}"
"{'Unix': 1739174400000, 'Date': '2025-02-10T08:00:00', 'Symbol': 'ETHUSDT', 'funding_interval_hours': 8, 'last_funding_rate': 7.074e-05}"
"{'Unix': 1739145600000, 'Date': '2025-02-10T00:00:00', 'Symbol': 'ETHUSDT', 'funding_interval_hours': 8, 'last_funding_rate': 9.11e-06}"
"{'Unix': 1739116800000, 'Date': '2025-02-09T16:00:00', 'Symbol': 'ETHUSDT', 'funding_interval_hours': 8, 'last_funding_rate': 5.02e-05}"
"{'Unix': 1739088000000, 'Date': '2025-02-09T08:00:00', 'Symbol': 'ETHUSDT', 'funding_interval_hours': 8, 'last_funding_rate': 5.479e-05}"
"{'Unix': 1739059200000, 'Date': '2025-02-09T00:00:00', 'Symbol': 'ETHUSDT', 'funding_interval_hours': 8, 'last_funding_rate': -3.64e-06}"
"{'Unix': 1739030400000, 'Date': '2025-02-08T16:00:00', 'Symbol': 'ETHUSDT', 'funding_interval_hours': 8, 'last_funding_rate': 6.93e-05}"
"{'Unix': 1739001600000, 'Date': '2025-02-08T08:00:00', 'Symbol': 'ETHUSDT', 'funding_interval_hours': 8, 'last_funding_rate': 9.532e-05}"
"{'Unix': 1738972800000, 'Date': '2025-02-08T00:00:00', 'Symbol': 'ETHUSDT', 'funding_interval_hours': 8, 'last_funding_rate': -1.894e-05}"
"{'Unix': 1738944000000, 'Date': '2025-02-07T16:00:00', 'Symbol': 'ETHUSDT', 'funding_interval_hours': 8, 'last_funding_rate': -1.197e-05}"
"{'Unix': 1738915200000, 'Date': '2025-02-07T08:00:00', 'Symbol': 'ETHUSDT', 'funding_interval_hours': 8, 'last_funding_rate': 2.905e-05}"
"{'Unix': 1738886400000, 'Date': '2025-02-07T00:00:00', 'Symbol': 'ETHUSDT', 'funding_interval_hours': 8, 'last_funding_rate': 2.439e-05}"
"{'Unix': 1738857600000, 'Date': '2025-02-06T16:00:00', 'Symbol': 'ETHUSDT', 'funding_interval_hours': 8, 'last_funding_rate': -7.747e-05}"
"{'Unix': 1738828800001, 'Date': '2025-02-06T08:00:00', 'Symbol': 'ETHUSDT', 'funding_interval_hours': 8, 'last_funding_rate': -5.35e-06}"
"{'Unix': 1738800000001, 'Date': '2025-02-06T00:00:00', 'Symbol': 'ETHUSDT', 'funding_interval_hours': 8, 'last_funding_rate': 4.939e-05}"
"{'Unix': 1738771200000, 'Date': '2025-02-05T16:00:00', 'Symbol': 'ETHUSDT', 'funding_interval_hours': 8, 'last_funding_rate': -2.404e-05}"
"{'Unix': 1738742400001, 'Date': '2025-02-05T08:00:00', 'Symbol': 'ETHUSDT', 'funding_interval_hours': 8, 'last_funding_rate': 5.754e-05}"
"{'Unix': 1738713600001, 'Date': '2025-02-05T00:00:00', 'Symbol': 'ETHUSDT', 'funding_interval_hours': 8, 'last_funding_rate': -8.329e-05}"
"{'Unix': 1738684800000, 'Date': '2025-02-04T16:00:00', 'Symbol': 'ETHUSDT', 'funding_interval_hours': 8, 'last_funding_rate': -8.177e-05}"
"{'Unix': 1738656000001, 'Date': '2025-02-04T08:00:00', 'Symbol': 'ETHUSDT', 'funding_interval_hours': 8, 'last_funding_rate': 1.07e-05}"
"{'Unix': 1738627200000, 'Date': '2025-02-04T00:00:00', 'Symbol': 'ETHUSDT', 'funding_interval_hours': 8, 'last_funding_rate': -0.00010653}"
"{'Unix': 1738598400000, 'Date': '2025-02-03T16:00:00', 'Symbol': 'ETHUSDT', 'funding_interval_hours': 8, 'last_funding_rate': -0.00025121}"
"{'Unix': 1738569600000, 'Date': '2025-02-03T08:00:00', 'Symbol': 'ETHUSDT', 'funding_interval_hours': 8, 'last_funding_rate': -0.00016657}"
"{'Unix': 1738540800000, 'Date': '2025-02-03T00:00:00', 'Symbol': 'ETHUSDT', 'funding_interval_hours': 8, 'last_funding_rate': 3.237e-05}"
"{'Unix': 1738512000000, 'Date': '2025-02-02T16:00:00', 'Symbol': 'ETHUSDT', 'funding_interval_hours': 8, 'last_funding_rate': 2.6e-05}"
"{'Unix': 1738483200000, 'Date': '2025-02-02T08:00:00', 'Symbol': 'ETHUSDT', 'funding_interval_hours': 8, 'last_funding_rate': 0.0001}"
"{'Unix': 1738454400001, 'Date': '2025-02-02T00:00:00', 'Symbol': 'ETHUSDT', 'funding_interval_hours': 8, 'last_funding_rate': 7.609e-05}"
"{'Unix': 1738425600000, 'Date': '2025-02-01T16:00:00', 'Symbol': 'ETHUSDT', 'funding_interval_hours': 8, 'last_funding_rate': 3.573e-05}"
"{'Unix': 1738396800000, 'Date': '2025-02-01T08:00:00', 'Symbol': 'ETHUSDT', 'funding_interval_hours': 8, 'last_funding_rate': 9.742e-05}"
"{'Unix': 1738368000000, 'Date': '2025-02-01T00:00:00', 'Symbol': 'ETHUSDT', 'funding_interval_hours': 8, 'last_funding_rate': 8.432e-05}"
"{'Unix': 1738339200000, 'Date': '2025-01-31T16:00:00', 'Symbol': 'ETHUSDT', 'funding_interval_hours': 8, 'last_funding_rate': 0.0001}"
"{'Unix': 1738310400000, 'Date': '2025-01-31T08:00:00', 'Symbol': 'ETHUSDT', 'funding_interval_hours': 8, 'last_funding_rate': 7.998e-05}"
"{'Unix': 1738281600000, 'Date': '2025-01-31T00:00:00', 'Symbol': 'ETHUSDT', 'funding_interval_hours': 8, 'last_funding_rate': 9.386e-05}"
"{'Unix': 1738252800000, 'Date': '2025-01-30T16:00:00', 'Symbol': 'ETHUSDT', 'funding_interval_hours': 8, 'last_funding_rate': 7.055e-05}"
"{'Unix': 1738224000000, 'Date': '2025-01-30T08:00:00', 'Symbol': 'ETHUSDT', 'funding_interval_hours': 8, 'last_funding_rate': 0.0001}"
"{'Unix': 1738195200000, 'Date': '2025-01-30T00:00:00', 'Symbol': 'ETHUSDT', 'funding_interval_hours': 8, 'last_funding_rate': 2.287e-05}"
"{'Unix': 1738166400000, 'Date': '2025-01-29T16:00:00', 'Symbol': 'ETHUSDT', 'funding_interval_hours': 8, 'last_funding_rate': 8.686e-05}"
"{'Unix': 1738137600000, 'Date': '2025-01-29T08:00:00', 'Symbol': 'ETHUSDT', 'funding_interval_hours': 8, 'last_funding_rate': 6.567e-05}"
"{'Unix': 1738108800000, 'Date': '2025-01-29T00:00:00', 'Symbol': 'ETHUSDT', 'funding_interval_hours': 8, 'last_funding_rate': 0.0001}"
"{'Unix': 1738080000000, 'Date': '2025-01-28T16:00:00', 'Symbol': 'ETHUSDT', 'funding_interval_hours': 8, 'last_funding_rate': 5.904e-05}"
"{'Unix': 1738051200000, 'Date': '2025-01-28T08:00:00', 'Symbol': 'ETHUSDT', 'funding_interval_hours': 8, 'last_funding_rate': 4.046e-05}"
"{'Unix': 1738022400000, 'Date': '2025-01-28T00:00:00', 'Symbol': 'ETHUSDT', 'funding_interval_hours': 8, 'last_funding_rate': 0.0001}"
"{'Unix': 1737993600000, 'Date': '2025-01-27T16:00:00', 'Symbol': 'ETHUSDT', 'funding_interval_hours': 8, 'last_funding_rate': 3.069e-05}"
"{'Unix': 1737964800000, 'Date': '2025-01-27T08:00:00', 'Symbol': 'ETHUSDT', 'funding_interval_hours': 8, 'last_funding_rate': 3.922e-05}"
"{'Unix': 1737936000000, 'Date': '2025-01-27T00:00:00', 'Symbol': 'ETHUSDT', 'funding_interval_hours': 8, 'last_funding_rate': -2.76e-06}"
"{'Unix': 1737907200000, 'Date': '2025-01-26T16:00:00', 'Symbol': 'ETHUSDT', 'funding_interval_hours': 8, 'last_funding_rate': 3.849e-05}"
"{'Unix': 1737878400000, 'Date': '2025-01-26T08:00:00', 'Symbol': 'ETHUSDT', 'funding_interval_hours': 8, 'last_funding_rate': 9.725e-05}"
"{'Unix': 1737849600000, 'Date': '2025-01-26T00:00:00', 'Symbol': 'ETHUSDT', 'funding_interval_hours': 8, 'last_funding_rate': 9.663e-05}"
"{'Unix': 1737820800001, 'Date': '2025-01-25T16:00:00', 'Symbol': 'ETHUSDT', 'funding_interval_hours': 8, 'last_funding_rate': 8.41e-05}"
"{'Unix': 1737792000000, 'Date': '2025-01-25T08:00:00', 'Symbol': 'ETHUSDT', 'funding_interval_hours': 8, 'last_funding_rate': 7.065e-05}"
"{'Unix': 1737763200000, 'Date': '2025-01-25T00:00:00', 'Symbol': 'ETHUSDT', 'funding_interval_hours': 8, 'last_funding_rate': 6.904e-05}"
"{'Unix': 1737734400000, 'Date': '2025-01-24T16:00:00', 'Symbol': 'ETHUSDT', 'funding_interval_hours': 8, 'last_funding_rate': 0.0001}"
"{'Unix': 1737705600000, 'Date': '2025-01-24T08:00:00', 'Symbol': 'ETHUSDT', 'funding_interval_hours': 8, 'last_funding_rate': 0.0001}"
"{'Unix': 1737676800000, 'Date': '2025-01-24T00:00:00', 'Symbol': 'ETHUSDT', 'funding_interval_hours': 8, 'last_funding_rate': 0.0001}"
"{'Unix': 1737648000000, 'Date': '2025-01-23T16:00:00', 'Symbol': 'ETHUSDT', 'funding_interval_hours': 8, 'last_funding_rate': 0.0001}"
"{'Unix': 1737619200000, 'Date': '2025-01-23T08:00:00', 'Symbol': 'ETHUSDT', 'funding_interval_hours': 8, 'last_funding_rate': 0.0001}"
"{'Unix': 1737590400001, 'Date': '2025-01-23T00:00:00', 'Symbol': 'ETHUSDT', 'funding_interval_hours': 8, 'last_funding_rate': 0.0001}"
"{'Unix': 1737561600000, 'Date': '2025-01-22T16:00:00', 'Symbol': 'ETHUSDT', 'funding_interval_hours': 8, 'last_funding_rate': 0.0001}"
"{'Unix': 1737532800000, 'Date': '2025-01-22T08:00:00', 'Symbol': 'ETHUSDT', 'funding_interval_hours': 8, 'last_funding_rate': 0.0001}"
"{'Unix': 1737504000000, 'Date': '2025-01-22T00:00:00', 'Symbol': 'ETHUSDT', 'funding_interval_hours': 8, 'last_funding_rate': 0.0001}"
"{'Unix': 1737475200000, 'Date': '2025-01-21T16:00:00', 'Symbol': 'ETHUSDT', 'funding_interval_hours': 8, 'last_funding_rate': 0.0001}"
"{'Unix': 1737446400000, 'Date': '2025-01-21T08:00:00', 'Symbol': 'ETHUSDT', 'funding_interval_hours': 8, 'last_funding_rate': 0.0001}"
"{'Unix': 1737417600000, 'Date': '2025-01-21T00:00:00', 'Symbol': 'ETHUSDT', 'funding_interval_hours': 8, 'last_funding_rate': 0.0001}"
"{'Unix': 1737388800000, 'Date': '2025-01-20T16:00:00', 'Symbol': 'ETHUSDT', 'funding_interval_hours': 8, 'last_funding_rate': 0.0001}"
"{'Unix': 1737360000009, 'Date': '2025-01-20T08:00:00', 'Symbol': 'ETHUSDT', 'funding_interval_hours': 8, 'last_funding_rate': 0.0001}"
"{'Unix': 1737331200000, 'Date': '2025-01-20T00:00:00', 'Symbol': 'ETHUSDT', 'funding_interval_hours': 8, 'last_funding_rate': 0.0001}"
"{'Unix': 1737302400000, 'Date': '2025-01-19T16:00:00', 'Symbol': 'ETHUSDT', 'funding_interval_hours': 8, 'last_funding_rate': 0.0001}"
"{'Unix': 1737273600000, 'Date': '2025-01-19T08:00:00', 'Symbol': 'ETHUSDT', 'funding_interval_hours': 8, 'last_funding_rate': 0.0001}"
"{'Unix': 1737244800000, 'Date': '2025-01-19T00:00:00', 'Symbol': 'ETHUSDT', 'funding_interval_hours': 8, 'last_funding_rate': 0.0001}"
"{'Unix': 1737216000000, 'Date': '2025-01-18T16:00:00', 'Symbol': 'ETHUSDT', 'funding_interval_hours': 8, 'last_funding_rate': 0.0001}"
"{'Unix': 1737187200007, 'Date': '2025-01-18T08:00:00', 'Symbol': 'ETHUSDT', 'funding_interval_hours': 8, 'last_funding_rate': 0.0001}"
"{'Unix': 1737158400000, 'Date': '2025-01-18T00:00:00', 'Symbol': 'ETHUSDT', 'funding_interval_hours': 8, 'last_funding_rate': 0.0001}"
"{'Unix': 1737129600008, 'Date': '2025-01-17T16:00:00', 'Symbol': 'ETHUSDT', 'funding_interval_hours': 8, 'last_funding_rate': 0.0001}"
"{'Unix': 1737100800000, 'Date': '2025-01-17T08:00:00', 'Symbol': 'ETHUSDT', 'funding_interval_hours': 8, 'last_funding_rate': 0.0001}"
"{'Unix': 1737072000004, 'Date': '2025-01-17T00:00:00', 'Symbol': 'ETHUSDT', 'funding_interval_hours': 8, 'last_funding_rate': 0.0001}"
"{'Unix': 1737043200000, 'Date': '2025-01-16T16:00:00', 'Symbol': 'ETHUSDT', 'funding_interval_hours': 8, 'last_funding_rate': 5.275e-05}"
"{'Unix': 1737014400000, 'Date': '2025-01-16T08:00:00', 'Symbol': 'ETHUSDT', 'funding_interval_hours': 8, 'last_funding_rate': 8.311e-05}"
"{'Unix': 1736985600000, 'Date': '2025-01-16T00:00:00', 'Symbol': 'ETHUSDT', 'funding_interval_hours': 8, 'last_funding_rate': 0.0001}"
"{'Unix': 1736956800000, 'Date': '2025-01-15T16:00:00', 'Symbol': 'ETHUSDT', 'funding_interval_hours': 8, 'last_funding_rate': 5.443e-05}"
"{'Unix': 1736928000000, 'Date': '2025-01-15T08:00:00', 'Symbol': 'ETHUSDT', 'funding_interval_hours': 8, 'last_funding_rate': 5.924e-05}"
"{'Unix': 1736899200000, 'Date': '2025-01-15T00:00:00', 'Symbol': 'ETHUSDT', 'funding_interval_hours': 8, 'last_funding_rate': 4.503e-05}"
"{'Unix': 1736870400000, 'Date': '2025-01-14T16:00:00', 'Symbol': 'ETHUSDT', 'funding_interval_hours': 8, 'last_funding_rate': 7.652e-05}"
"{'Unix': 1736841600000, 'Date': '2025-01-14T08:00:00', 'Symbol': 'ETHUSDT', 'funding_interval_hours': 8, 'last_funding_rate': 7.452e-05}"
"{'Unix': 1736812800000, 'Date': '2025-01-14T00:00:00', 'Symbol': 'ETHUSDT', 'funding_interval_hours': 8, 'last_funding_rate': 5.423e-05}"
"{'Unix': 1736784000000, 'Date': '2025-01-13T16:00:00', 'Symbol': 'ETHUSDT', 'funding_interval_hours': 8, 'last_funding_rate': 3.392e-05}"
"{'Unix': 1736755200000, 'Date': '2025-01-13T08:00:00', 'Symbol': 'ETHUSDT', 'funding_interval_hours': 8, 'last_funding_rate': 9.353e-05}"
"{'Unix': 1736726400000, 'Date': '2025-01-13T00:00:00', 'Symbol': 'ETHUSDT', 'funding_interval_hours': 8, 'last_funding_rate': 0.0001}"
"{'Unix': 1736697600000, 'Date': '2025-01-12T16:00:00', 'Symbol': 'ETHUSDT', 'funding_interval_hours': 8, 'last_funding_rate': 8.134e-05}"
"{'Unix': 1736668800000, 'Date': '2025-01-12T08:00:00', 'Symbol': 'ETHUSDT', 'funding_interval_hours': 8, 'last_funding_rate': 0.0001}"
"{'Unix': 1736640000000, 'Date': '2025-01-12T00:00:00', 'Symbol': 'ETHUSDT', 'funding_interval_hours': 8, 'last_funding_rate': 0.0001}"
"{'Unix': 1736611200000, 'Date': '2025-01-11T16:00:00', 'Symbol': 'ETHUSDT', 'funding_interval_hours': 8, 'last_funding_rate': 0.0001}"
"{'Unix': 1736582400000, 'Date': '2025-01-11T08:00:00', 'Symbol': 'ETHUSDT', 'funding_interval_hours': 8, 'last_funding_rate': 5.65e-05}"
"{'Unix': 1736553600000, 'Date': '2025-01-11T00:00:00', 'Symbol': 'ETHUSDT', 'funding_interval_hours': 8, 'last_funding_rate': 6.574e-05}"
"{'Unix': 1736524800000, 'Date': '2025-01-10T16:00:00', 'Symbol': 'ETHUSDT', 'funding_interval_hours': 8, 'last_funding_rate': 0.0001}"
"{'Unix': 1736496000000, 'Date': '2025-01-10T08:00:00', 'Symbol': 'ETHUSDT', 'funding_interval_hours': 8, 'last_funding_rate': 6.162e-05}"
"{'Unix': 1736467200000, 'Date': '2025-01-10T00:00:00', 'Symbol': 'ETHUSDT', 'funding_interval_hours': 8, 'last_funding_rate': 7.573e-05}"
"{'Unix': 1736438400000, 'Date': '2025-01-09T16:00:00', 'Symbol': 'ETHUSDT', 'funding_interval_hours': 8, 'last_funding_rate': 0.0001}"
"{'Unix': 1736409600000, 'Date': '2025-01-09T08:00:00', 'Symbol': 'ETHUSDT', 'funding_interval_hours': 8, 'last_funding_rate': 0.0001}"
"{'Unix': 1736380800000, 'Date': '2025-01-09T00:00:00', 'Symbol': 'ETHUSDT', 'funding_interval_hours': 8, 'last_funding_rate': 6.609e-05}"
"{'Unix': 1736352000000, 'Date': '2025-01-08T16:00:00', 'Symbol': 'ETHUSDT', 'funding_interval_hours': 8, 'last_funding_rate': 0.0001}"
"{'Unix': 1736323200000, 'Date': '2025-01-08T08:00:00', 'Symbol': 'ETHUSDT', 'funding_interval_hours': 8, 'last_funding_rate': 0.0001}"
"{'Unix': 1736294400001, 'Date': '2025-01-08T00:00:00', 'Symbol': 'ETHUSDT', 'funding_interval_hours': 8, 'last_funding_rate': 9.658e-05}"
"{'Unix': 1736265600008, 'Date': '2025-01-07T16:00:00', 'Symbol': 'ETHUSDT', 'funding_interval_hours': 8, 'last_funding_rate': 0.0001}"
"{'Unix': 1736236800000, 'Date': '2025-01-07T08:00:00', 'Symbol': 'ETHUSDT', 'funding_interval_hours': 8, 'last_funding_rate': 0.0001}"
"{'Unix': 1736208000000, 'Date': '2025-01-07T00:00:00', 'Symbol': 'ETHUSDT', 'funding_interval_hours': 8, 'last_funding_rate': 0.0001}"
"{'Unix': 1736179200000, 'Date': '2025-01-06T16:00:00', 'Symbol': 'ETHUSDT', 'funding_interval_hours': 8, 'last_funding_rate': 0.0001}"
"{'Unix': 1736150400001, 'Date': '2025-01-06T08:00:00', 'Symbol': 'ETHUSDT', 'funding_interval_hours': 8, 'last_funding_rate': 0.0001}"
"{'Unix': 1736121600000, 'Date': '2025-01-06T00:00:00', 'Symbol': 'ETHUSDT', 'funding_interval_hours': 8, 'last_funding_rate': 0.0001}"
"{'Unix': 1736092800000, 'Date': '2025-01-05T16:00:00', 'Symbol': 'ETHUSDT', 'funding_interval_hours': 8, 'last_funding_rate': 0.0001}"
"{'Unix': 1736064000000, 'Date': '2025-01-05T08:00:00', 'Symbol': 'ETHUSDT', 'funding_interval_hours': 8, 'last_funding_rate': 0.0001}"
"{'Unix': 1736035200000, 'Date': '2025-01-05T00:00:00', 'Symbol': 'ETHUSDT', 'funding_interval_hours': 8, 'last_funding_rate': 0.0001}"
"{'Unix': 1736006400000, 'Date': '2025-01-04T16:00:00', 'Symbol': 'ETHUSDT', 'funding_interval_hours': 8, 'last_funding_rate': 0.0001}"
"{'Unix': 1735977600000, 'Date': '2025-01-04T08:00:00', 'Symbol': 'ETHUSDT', 'funding_interval_hours': 8, 'last_funding_rate': 0.0001}"
"{'Unix': 1735948800000, 'Date': '2025-01-04T00:00:00', 'Symbol': 'ETHUSDT', 'funding_interval_hours': 8, 'last_funding_rate': 0.0001}"
"{'Unix': 1735920000000, 'Date': '2025-01-03T16:00:00', 'Symbol': 'ETHUSDT', 'funding_interval_hours': 8, 'last_funding_rate': 0.0001}"
"{'Unix': 1735891200000, 'Date': '2025-01-03T08:00:00', 'Symbol': 'ETHUSDT', 'funding_interval_hours': 8, 'last_funding_rate': 0.0001}"
"{'Unix': 1735862400000, 'Date': '2025-01-03T00:00:00', 'Symbol': 'ETHUSDT', 'funding_interval_hours': 8, 'last_funding_rate': 0.0001}"
"{'Unix': 1735833600000, 'Date': '2025-01-02T16:00:00', 'Symbol': 'ETHUSDT', 'funding_interval_hours': 8, 'last_funding_rate': 0.0001}"
"{'Unix': 1735804800006, 'Date': '2025-01-02T08:00:00', 'Symbol': 'ETHUSDT', 'funding_interval_hours': 8, 'last_funding_rate': 0.0001}"
"{'Unix': 1735776000000, 'Date': '2025-01-02T00:00:00', 'Symbol': 'ETHUSDT', 'funding_interval_hours': 8, 'last_funding_rate': 0.0001}"
"{'Unix': 1735747200001, 'Date': '2025-01-01T16:00:00', 'Symbol': 'ETHUSDT', 'funding_interval_hours': 8, 'last_funding_rate': 0.0001}"
"{'Unix': 1735718400000, 'Date': '2025-01-01T08:00:00', 'Symbol': 'ETHUSDT', 'funding_interval_hours': 8, 'last_funding_rate': 0.0001}"
"{'Unix': 1735689600015, 'Date': '2025-01-01T00:00:00', 'Symbol': 'ETHUSDT', 'funding_interval_hours': 8, 'last_funding_rate': 0.0001}"
"{'Unix': 1735660800000, 'Date': '2024-12-31T16:00:00', 'Symbol': 'ETHUSDT', 'funding_interval_hours': 8, 'last_funding_rate': 0.0001}"
"{'Unix': 1735632000000, 'Date': '2024-12-31T08:00:00', 'Symbol': 'ETHUSDT', 'funding_interval_hours': 8, 'last_funding_rate': 8.514e-05}"
"{'Unix': 1735603200000, 'Date': '2024-12-31T00:00:00', 'Symbol': 'ETHUSDT', 'funding_interval_hours': 8, 'last_funding_rate': 0.0001}"
"{'Unix': 1735574400000, 'Date': '2024-12-30T16:00:00', 'Symbol': 'ETHUSDT', 'funding_interval_hours': 8, 'last_funding_rate': 0.0001}"
"{'Unix': 1735545600001, 'Date': '2024-12-30T08:00:00', 'Symbol': 'ETHUSDT', 'funding_interval_hours': 8, 'last_funding_rate': 0.0001}"
"{'Unix': 1735516800000, 'Date': '2024-12-30T00:00:00', 'Symbol': 'ETHUSDT', 'funding_interval_hours': 8, 'last_funding_rate': 0.0001}"
"{'Unix': 1735488000000, 'Date': '2024-12-29T16:00:00', 'Symbol': 'ETHUSDT', 'funding_interval_hours': 8, 'last_funding_rate': 9.485e-05}"
"{'Unix': 1735459200000, 'Date': '2024-12-29T08:00:00', 'Symbol': 'ETHUSDT', 'funding_interval_hours': 8, 'last_funding_rate': 5.146e-05}"
"{'Unix': 1735430400000, 'Date': '2024-12-29T00:00:00', 'Symbol': 'ETHUSDT', 'funding_interval_hours': 8, 'last_funding_rate': 5.941e-05}"
"{'Unix': 1735401600000, 'Date': '2024-12-28T16:00:00', 'Symbol': 'ETHUSDT', 'funding_interval_hours': 8, 'last_funding_rate': 9.336e-05}"
"{'Unix': 1735372800000, 'Date': '2024-12-28T08:00:00', 'Symbol': 'ETHUSDT', 'funding_interval_hours': 8, 'last_funding_rate': 0.0001}"
"{'Unix': 1735344000001, 'Date': '2024-12-28T00:00:00', 'Symbol': 'ETHUSDT', 'funding_interval_hours': 8, 'last_funding_rate': 0.0001}"
"{'Unix': 1735315200000, 'Date': '2024-12-27T16:00:00', 'Symbol': 'ETHUSDT', 'funding_interval_hours': 8, 'last_funding_rate': 5.349e-05}"
"{'Unix': 1735286400000, 'Date': '2024-12-27T08:00:00', 'Symbol': 'ETHUSDT', 'funding_interval_hours': 8, 'last_funding_rate': 8.428e-05}"
"{'Unix': 1735257600000, 'Date': '2024-12-27T00:00:00', 'Symbol': 'ETHUSDT', 'funding_interval_hours': 8, 'last_funding_rate': 0.0001}"
"{'Unix': 1735228800000, 'Date': '2024-12-26T16:00:00', 'Symbol': 'ETHUSDT', 'funding_interval_hours': 8, 'last_funding_rate': 6.305e-05}"
"{'Unix': 1735200000000, 'Date': '2024-12-26T08:00:00', 'Symbol': 'ETHUSDT', 'funding_interval_hours': 8, 'last_funding_rate': 0.0001}"
"{'Unix': 1735171200000, 'Date': '2024-12-26T00:00:00', 'Symbol': 'ETHUSDT', 'funding_interval_hours': 8, 'last_funding_rate': 0.0001}"
"{'Unix': 1735142400000, 'Date': '2024-12-25T16:00:00', 'Symbol': 'ETHUSDT', 'funding_interval_hours': 8, 'last_funding_rate': 1.254e-05}"
"{'Unix': 1735113600000, 'Date': '2024-12-25T08:00:00', 'Symbol': 'ETHUSDT', 'funding_interval_hours': 8, 'last_funding_rate': 6.55e-05}"
"{'Unix': 1735084800001, 'Date': '2024-12-25T00:00:00', 'Symbol': 'ETHUSDT', 'funding_interval_hours': 8, 'last_funding_rate': 4.454e-05}"
"{'Unix': 1735056000001, 'Date': '2024-12-24T16:00:00', 'Symbol': 'ETHUSDT', 'funding_interval_hours': 8, 'last_funding_rate': 2.757e-05}"
"{'Unix': 1735027200000, 'Date': '2024-12-24T08:00:00', 'Symbol': 'ETHUSDT', 'funding_interval_hours': 8, 'last_funding_rate': 8.121e-05}"
"{'Unix': 1734998400000, 'Date': '2024-12-24T00:00:00', 'Symbol': 'ETHUSDT', 'funding_interval_hours': 8, 'last_funding_rate': 0.0001}"
"{'Unix': 1734969600001, 'Date': '2024-12-23T16:00:00', 'Symbol': 'ETHUSDT', 'funding_interval_hours': 8, 'last_funding_rate': 8.674e-05}"
"{'Unix': 1734940800000, 'Date': '2024-12-23T08:00:00', 'Symbol': 'ETHUSDT', 'funding_interval_hours': 8, 'last_funding_rate': 5.398e-05}"
"{'Unix': 1734912000000, 'Date': '2024-12-23T00:00:00', 'Symbol': 'ETHUSDT', 'funding_interval_hours': 8, 'last_funding_rate': 5.686e-05}"
"{'Unix': 1734883200000, 'Date': '2024-12-22T16:00:00', 'Symbol': 'ETHUSDT', 'funding_interval_hours': 8, 'last_funding_rate': 5.37e-05}"
"{'Unix': 1734854400000, 'Date': '2024-12-22T08:00:00', 'Symbol': 'ETHUSDT', 'funding_interval_hours': 8, 'last_funding_rate': 0.0001}"
"{'Unix': 1734825600000, 'Date': '2024-12-22T00:00:00', 'Symbol': 'ETHUSDT', 'funding_interval_hours': 8, 'last_funding_rate': 0.0001}"
"{'Unix': 1734796800001, 'Date': '2024-12-21T16:00:00', 'Symbol': 'ETHUSDT', 'funding_interval_hours': 8, 'last_funding_rate': 0.0001}"
"{'Unix': 1734768000000, 'Date': '2024-12-21T08:00:00', 'Symbol': 'ETHUSDT', 'funding_interval_hours': 8, 'last_funding_rate': 0.0001}"
"{'Unix': 1734739200000, 'Date': '2024-12-21T00:00:00', 'Symbol': 'ETHUSDT', 'funding_interval_hours': 8, 'last_funding_rate': 6.352e-05}"
"{'Unix': 1734710400014, 'Date': '2024-12-20T16:00:00', 'Symbol': 'ETHUSDT', 'funding_interval_hours': 8, 'last_funding_rate': 0.0001}"
"{'Unix': 1734681600001, 'Date': '2024-12-20T08:00:00', 'Symbol': 'ETHUSDT', 'funding_interval_hours': 8, 'last_funding_rate': 0.0001}"
"{'Unix': 1734652800000, 'Date': '2024-12-20T00:00:00', 'Symbol': 'ETHUSDT', 'funding_interval_hours': 8, 'last_funding_rate': 0.0001}"
"{'Unix': 1734624000000, 'Date': '2024-12-19T16:00:00', 'Symbol': 'ETHUSDT', 'funding_interval_hours': 8, 'last_funding_rate': 7.373e-05}"
"{'Unix': 1734595200000, 'Date': '2024-12-19T08:00:00', 'Symbol': 'ETHUSDT', 'funding_interval_hours': 8, 'last_funding_rate': 7.438e-05}"
"{'Unix': 1734566400000, 'Date': '2024-12-19T00:00:00', 'Symbol': 'ETHUSDT', 'funding_interval_hours': 8, 'last_funding_rate': 6.104e-05}"
"{'Unix': 1734537600000, 'Date': '2024-12-18T16:00:00', 'Symbol': 'ETHUSDT', 'funding_interval_hours': 8, 'last_funding_rate': 0.0001}"
"{'Unix': 1734508800000, 'Date': '2024-12-18T08:00:00', 'Symbol': 'ETHUSDT', 'funding_interval_hours': 8, 'last_funding_rate': 0.0001}"
"{'Unix': 1734480000000, 'Date': '2024-12-18T00:00:00', 'Symbol': 'ETHUSDT', 'funding_interval_hours': 8, 'last_funding_rate': 8.046e-05}"
"{'Unix': 1734451200000, 'Date': '2024-12-17T16:00:00', 'Symbol': 'ETHUSDT', 'funding_interval_hours': 8, 'last_funding_rate': 0.0001}"
"{'Unix': 1734422400000, 'Date': '2024-12-17T08:00:00', 'Symbol': 'ETHUSDT', 'funding_interval_hours': 8, 'last_funding_rate': 0.0001}"
"{'Unix': 1734393600000, 'Date': '2024-12-17T00:00:00', 'Symbol': 'ETHUSDT', 'funding_interval_hours': 8, 'last_funding_rate': 0.0001}"
"{'Unix': 1734364800000, 'Date': '2024-12-16T16:00:00', 'Symbol': 'ETHUSDT', 'funding_interval_hours': 8, 'last_funding_rate': 0.0001}"
"{'Unix': 1734336000001, 'Date': '2024-12-16T08:00:00', 'Symbol': 'ETHUSDT', 'funding_interval_hours': 8, 'last_funding_rate': 0.0001}"
"{'Unix': 1734307200000, 'Date': '2024-12-16T00:00:00', 'Symbol': 'ETHUSDT', 'funding_interval_hours': 8, 'last_funding_rate': 8.662e-05}"
