{
    "symbol": "ADA",
    "market_cap_usd": 24630917603.87845,
    "volume_24h_usd": 1096396729.5527978,
    "volume_mcap_ratio": 0.0445130281861751,
    "market_share": 0.9166207159621272,
    "cmc_rank": 9,
    "price_change_30d": -5.43739893,
    "fundamental_score": 52,
    "score_components": {
        "market_cap_score": 18,
        "volume_mcap_score": 5,
        "rank_score": 12,
        "stability_score": 9,
        "growth_score": 3,
        "market_position_score": 5
    }
}