{
    "symbol": "DAI",
    "market_cap_usd": 5364327502.682009,
    "volume_24h_usd": 942012697.1572924,
    "volume_mcap_ratio": 0.175606857837504,
    "market_share": 0.2052056696057081,
    "cmc_rank": 23,
    "price_change_30d": -0.02489779,
    "fundamental_score": 59,
    "score_components": {
        "market_cap_score": 15,
        "volume_mcap_score": 15,
        "rank_score": 7,
        "stability_score": 15,
        "growth_score": 3,
        "market_position_score": 4
    }
}