{
    "symbol": "DOGE",
    "market_cap_usd": 26660262039.944504,
    "volume_24h_usd": 2095255293.578251,
    "volume_mcap_ratio": 0.07859094897263104,
    "market_share": 0.9921412134050533,
    "cmc_rank": 8,
    "price_change_30d": -4.79252641,
    "fundamental_score": 55,
    "score_components": {
        "market_cap_score": 18,
        "volume_mcap_score": 8,
        "rank_score": 12,
        "stability_score": 9,
        "growth_score": 3,
        "market_position_score": 5
    }
}