{
    "symbol": "LEO",
    "market_cap_usd": 8382250087.177865,
    "volume_24h_usd": 4912267.44292214,
    "volume_mcap_ratio": 0.0005860320787178996,
    "market_share": 0.31193901095559423,
    "cmc_rank": 14,
    "price_change_30d": -7.1370229,
    "fundamental_score": 49,
    "score_components": {
        "market_cap_score": 15,
        "volume_mcap_score": 2,
        "rank_score": 10,
        "stability_score": 15,
        "growth_score": 3,
        "market_position_score": 4
    }
}