{
    "symbol": "LTC",
    "market_cap_usd": 6046758559.045089,
    "volume_24h_usd": 358832828.5133573,
    "volume_mcap_ratio": 0.059343005845105976,
    "market_share": 0.23131121998657156,
    "cmc_rank": 21,
    "price_change_30d": -12.2921789,
    "fundamental_score": 45,
    "score_components": {
        "market_cap_score": 15,
        "volume_mcap_score": 8,
        "rank_score": 7,
        "stability_score": 9,
        "growth_score": 2,
        "market_position_score": 4
    }
}