{
    "symbol": "XMR",
    "market_cap_usd": 3970340332.265867,
    "volume_24h_usd": 65121218.99526885,
    "volume_mcap_ratio": 0.01640192365023385,
    "market_share": 0.1518804260250371,
    "cmc_rank": 27,
    "price_change_30d": -0.07588561,
    "fundamental_score": 37,
    "score_components": {
        "market_cap_score": 10,
        "volume_mcap_score": 2,
        "rank_score": 7,
        "stability_score": 12,
        "growth_score": 3,
        "market_position_score": 3
    }
}