[
    {
        "symbol": "USDT",
        "name": "Tether USDt",
        "price_usd": 1.0001579418312223,
        "market_cap_usd": 145302102886.78735,
        "volume_24h_usd": 102460018672.91284,
        "percent_change_24h": -0.0525816,
        "percent_change_7d": 0.01615434,
        "technical_score": 81,
        "fundamental_score": 86,
        "sentiment_score": 37,
        "total_score": 71.5,
        "technical_weight": 0.45,
        "fundamental_weight": 0.3,
        "sentiment_weight": 0.25,
        "risk_profile": "Conservative",
        "market_opportunity": "Good",
        "recommendation": "Buy",
        "analysis_time": "2025-04-23 20:16:07",
        "has_head_and_shoulders": false,
        "has_inverse_head_and_shoulders": false,
        "has_double_top": true,
        "has_double_bottom": true,
        "has_ascending_triangle": false,
        "has_descending_triangle": false,
        "has_symmetric_triangle": false,
        "has_bullish_flag": false,
        "has_bearish_flag": false,
        "pattern_strength": 5,
        "has_bullish_divergence": false,
        "has_bearish_divergence": false,
        "bullish_divergence_strength": 0,
        "bearish_divergence_strength": 0,
        "rank": 1
    },
    {
        "symbol": "SUI",
        "name": "Sui",
        "price_usd": 2.960003312624378,
        "market_cap_usd": 9619960151.33089,
        "volume_24h_usd": 3095551508.6790347,
        "percent_change_24h": 20.72548478,
        "percent_change_7d": 42.30450888,
        "technical_score": 69,
        "fundamental_score": 64,
        "sentiment_score": 71,
        "total_score": 68.0,
        "technical_weight": 0.45,
        "fundamental_weight": 0.3,
        "sentiment_weight": 0.25,
        "risk_profile": "Aggressive",
        "market_opportunity": "Good",
        "recommendation": "Strong Buy",
        "analysis_time": "2025-04-23 20:16:14",
        "has_head_and_shoulders": false,
        "has_inverse_head_and_shoulders": true,
        "has_double_top": true,
        "has_double_bottom": true,
        "has_ascending_triangle": false,
        "has_descending_triangle": false,
        "has_symmetric_triangle": false,
        "has_bullish_flag": false,
        "has_bearish_flag": false,
        "pattern_strength": 10,
        "has_bullish_divergence": false,
        "has_bearish_divergence": false,
        "bullish_divergence_strength": 0,
        "bearish_divergence_strength": 0,
        "rank": 2
    },
    {
        "symbol": "BTC",
        "name": "Bitcoin",
        "price_usd": 93319.5373202996,
        "market_cap_usd": 1852879197236.4607,
        "volume_24h_usd": 50380010181.92114,
        "percent_change_24h": 1.89303672,
        "percent_change_7d": 11.12448191,
        "technical_score": 75,
        "fundamental_score": 77,
        "sentiment_score": 42,
        "total_score": 67.5,
        "technical_weight": 0.4,
        "fundamental_weight": 0.35,
        "sentiment_weight": 0.25,
        "risk_profile": "Conservative",
        "market_opportunity": "Good",
        "recommendation": "Strong Buy",
        "analysis_time": "2025-04-23 20:16:05",
        "has_head_and_shoulders": false,
        "has_inverse_head_and_shoulders": true,
        "has_double_top": true,
        "has_double_bottom": true,
        "has_ascending_triangle": false,
        "has_descending_triangle": false,
        "has_symmetric_triangle": true,
        "has_bullish_flag": false,
        "has_bearish_flag": false,
        "pattern_strength": 10,
        "has_bullish_divergence": false,
        "has_bearish_divergence": false,
        "bullish_divergence_strength": 0,
        "bearish_divergence_strength": 0,
        "rank": 3
    },
    {
        "symbol": "TRX",
        "name": "TRON",
        "price_usd": 0.2455505152528274,
        "market_cap_usd": 23312970835.63493,
        "volume_24h_usd": 757747946.7438862,
        "percent_change_24h": -0.24676033,
        "percent_change_7d": -2.18288406,
        "technical_score": 79,
        "fundamental_score": 62,
        "sentiment_score": 28,
        "total_score": 61.2,
        "technical_weight": 0.45,
        "fundamental_weight": 0.3,
        "sentiment_weight": 0.25,
        "risk_profile": "Moderate",
        "market_opportunity": "Moderate",
        "recommendation": "Hold",
        "analysis_time": "2025-04-23 20:16:12",
        "has_head_and_shoulders": false,
        "has_inverse_head_and_shoulders": false,
        "has_double_top": true,
        "has_double_bottom": true,
        "has_ascending_triangle": false,
        "has_descending_triangle": false,
        "has_symmetric_triangle": false,
        "has_bullish_flag": false,
        "has_bearish_flag": false,
        "pattern_strength": 5,
        "has_bullish_divergence": false,
        "has_bearish_divergence": false,
        "bullish_divergence_strength": 0,
        "bearish_divergence_strength": 0,
        "rank": 4
    },
    {
        "symbol": "BNB",
        "name": "BNB",
        "price_usd": 603.7528470514753,
        "market_cap_usd": 85063103909.6674,
        "volume_24h_usd": 1879587848.9212496,
        "percent_change_24h": -0.88899249,
        "percent_change_7d": 3.58004915,
        "technical_score": 67,
        "fundamental_score": 66,
        "sentiment_score": 37,
        "total_score": 59.2,
        "technical_weight": 0.45,
        "fundamental_weight": 0.3,
        "sentiment_weight": 0.25,
        "risk_profile": "Conservative",
        "market_opportunity": "Moderate",
        "recommendation": "Hold",
        "analysis_time": "2025-04-23 20:16:08",
        "has_head_and_shoulders": false,
        "has_inverse_head_and_shoulders": false,
        "has_double_top": true,
        "has_double_bottom": true,
        "has_ascending_triangle": false,
        "has_descending_triangle": false,
        "has_symmetric_triangle": false,
        "has_bullish_flag": false,
        "has_bearish_flag": false,
        "pattern_strength": 2,
        "has_bullish_divergence": false,
        "has_bearish_divergence": false,
        "bullish_divergence_strength": 0,
        "bearish_divergence_strength": 0,
        "rank": 5
    },
    {
        "symbol": "SOL",
        "name": "Solana",
        "price_usd": 149.5398474269203,
        "market_cap_usd": 77358981185.99165,
        "volume_24h_usd": 5376334710.987209,
        "percent_change_24h": 3.25071349,
        "percent_change_7d": 15.40897505,
        "technical_score": 59,
        "fundamental_score": 63,
        "sentiment_score": 46,
        "total_score": 57.0,
        "technical_weight": 0.45,
        "fundamental_weight": 0.3,
        "sentiment_weight": 0.25,
        "risk_profile": "Moderate",
        "market_opportunity": "Moderate",
        "recommendation": "Buy",
        "analysis_time": "2025-04-23 20:16:09",
        "has_head_and_shoulders": false,
        "has_inverse_head_and_shoulders": true,
        "has_double_top": false,
        "has_double_bottom": false,
        "has_ascending_triangle": false,
        "has_descending_triangle": false,
        "has_symmetric_triangle": true,
        "has_bullish_flag": false,
        "has_bearish_flag": false,
        "pattern_strength": 10,
        "has_bullish_divergence": false,
        "has_bearish_divergence": false,
        "bullish_divergence_strength": 0,
        "bearish_divergence_strength": 0,
        "rank": 6
    },
    {
        "symbol": "ETH",
        "name": "Ethereum",
        "price_usd": 1787.959620808011,
        "market_cap_usd": 215830130938.0519,
        "volume_24h_usd": 25578048200.48701,
        "percent_change_24h": 5.06839734,
        "percent_change_7d": 14.45979869,
        "technical_score": 47,
        "fundamental_score": 74,
        "sentiment_score": 48,
        "total_score": 56.7,
        "technical_weight": 0.4,
        "fundamental_weight": 0.35,
        "sentiment_weight": 0.25,
        "risk_profile": "Conservative",
        "market_opportunity": "Moderate",
        "recommendation": "Buy",
        "analysis_time": "2025-04-23 20:16:06",
        "has_head_and_shoulders": false,
        "has_inverse_head_and_shoulders": true,
        "has_double_top": true,
        "has_double_bottom": true,
        "has_ascending_triangle": false,
        "has_descending_triangle": false,
        "has_symmetric_triangle": false,
        "has_bullish_flag": false,
        "has_bearish_flag": false,
        "pattern_strength": 8,
        "has_bullish_divergence": false,
        "has_bearish_divergence": false,
        "bullish_divergence_strength": 0,
        "bearish_divergence_strength": 0,
        "rank": 7
    },
    {
        "symbol": "XRP",
        "name": "XRP",
        "price_usd": 2.2126977162949024,
        "market_cap_usd": 129208641277.9729,
        "volume_24h_usd": 5786652529.500299,
        "percent_change_24h": 2.70908378,
        "percent_change_7d": 6.39936004,
        "technical_score": 60,
        "fundamental_score": 65,
        "sentiment_score": 40,
        "total_score": 56.5,
        "technical_weight": 0.45,
        "fundamental_weight": 0.3,
        "sentiment_weight": 0.25,
        "risk_profile": "Conservative",
        "market_opportunity": "Moderate",
        "recommendation": "Hold",
        "analysis_time": "2025-04-23 20:16:08",
        "has_head_and_shoulders": false,
        "has_inverse_head_and_shoulders": true,
        "has_double_top": true,
        "has_double_bottom": true,
        "has_ascending_triangle": false,
        "has_descending_triangle": false,
        "has_symmetric_triangle": false,
        "has_bullish_flag": false,
        "has_bearish_flag": false,
        "pattern_strength": 4,
        "has_bullish_divergence": false,
        "has_bearish_divergence": false,
        "bullish_divergence_strength": 0,
        "bearish_divergence_strength": 0,
        "rank": 8
    },
    {
        "symbol": "LINK",
        "name": "Chainlink",
        "price_usd": 14.846117163678874,
        "market_cap_usd": 9755383149.591995,
        "volume_24h_usd": 578668109.5268118,
        "percent_change_24h": 7.08113515,
        "percent_change_7d": 22.16027439,
        "technical_score": 61,
        "fundamental_score": 49,
        "sentiment_score": 55,
        "total_score": 55.9,
        "technical_weight": 0.45,
        "fundamental_weight": 0.3,
        "sentiment_weight": 0.25,
        "risk_profile": "Moderate",
        "market_opportunity": "Moderate",
        "recommendation": "Buy",
        "analysis_time": "2025-04-23 20:16:13",
        "has_head_and_shoulders": true,
        "has_inverse_head_and_shoulders": true,
        "has_double_top": true,
        "has_double_bottom": true,
        "has_ascending_triangle": false,
        "has_descending_triangle": false,
        "has_symmetric_triangle": false,
        "has_bullish_flag": false,
        "has_bearish_flag": false,
        "pattern_strength": 10,
        "has_bullish_divergence": false,
        "has_bearish_divergence": false,
        "bullish_divergence_strength": 0,
        "bearish_divergence_strength": 0,
        "rank": 9
    },
    {
        "symbol": "AVAX",
        "name": "Avalanche",
        "price_usd": 22.25968018286576,
        "market_cap_usd": 9262019012.82661,
        "volume_24h_usd": 489479689.2361204,
        "percent_change_24h": 2.73927569,
        "percent_change_7d": 18.5621714,
        "technical_score": 63,
        "fundamental_score": 51,
        "sentiment_score": 48,
        "total_score": 55.6,
        "technical_weight": 0.45,
        "fundamental_weight": 0.3,
        "sentiment_weight": 0.25,
        "risk_profile": "Moderate",
        "market_opportunity": "Moderate",
        "recommendation": "Buy",
        "analysis_time": "2025-04-23 20:16:15",
        "has_head_and_shoulders": false,
        "has_inverse_head_and_shoulders": true,
        "has_double_top": true,
        "has_double_bottom": true,
        "has_ascending_triangle": false,
        "has_descending_triangle": false,
        "has_symmetric_triangle": true,
        "has_bullish_flag": false,
        "has_bearish_flag": false,
        "pattern_strength": 10,
        "has_bullish_divergence": false,
        "has_bearish_divergence": false,
        "bullish_divergence_strength": 0,
        "bearish_divergence_strength": 0,
        "rank": 10
    },
    {
        "symbol": "DOGE",
        "name": "Dogecoin",
        "price_usd": 0.1789573994101661,
        "market_cap_usd": 26660262039.944504,
        "volume_24h_usd": 2095255293.578251,
        "percent_change_24h": 4.1409266,
        "percent_change_7d": 16.8336625,
        "technical_score": 56,
        "fundamental_score": 55,
        "sentiment_score": 48,
        "total_score": 53.7,
        "technical_weight": 0.45,
        "fundamental_weight": 0.3,
        "sentiment_weight": 0.25,
        "risk_profile": "Moderate",
        "market_opportunity": "Moderate",
        "recommendation": "Hold",
        "analysis_time": "2025-04-23 20:16:11",
        "has_head_and_shoulders": false,
        "has_inverse_head_and_shoulders": true,
        "has_double_top": false,
        "has_double_bottom": true,
        "has_ascending_triangle": false,
        "has_descending_triangle": false,
        "has_symmetric_triangle": false,
        "has_bullish_flag": false,
        "has_bearish_flag": false,
        "pattern_strength": 6,
        "has_bullish_divergence": false,
        "has_bearish_divergence": false,
        "bullish_divergence_strength": 0,
        "bearish_divergence_strength": 0,
        "rank": 11
    },
    {
        "symbol": "USDC",
        "name": "USDC",
        "price_usd": 1.000055072989368,
        "market_cap_usd": 61633960134.18783,
        "volume_24h_usd": 15803318972.037155,
        "percent_change_24h": -0.00590637,
        "percent_change_7d": 0.01925935,
        "technical_score": 43,
        "fundamental_score": 79,
        "sentiment_score": 36,
        "total_score": 52.0,
        "technical_weight": 0.45,
        "fundamental_weight": 0.3,
        "sentiment_weight": 0.25,
        "risk_profile": "Moderate",
        "market_opportunity": "Moderate",
        "recommendation": "Hold",
        "analysis_time": "2025-04-23 20:16:10",
        "has_head_and_shoulders": false,
        "has_inverse_head_and_shoulders": false,
        "has_double_top": true,
        "has_double_bottom": true,
        "has_ascending_triangle": false,
        "has_descending_triangle": false,
        "has_symmetric_triangle": false,
        "has_bullish_flag": false,
        "has_bearish_flag": false,
        "pattern_strength": 5,
        "has_bullish_divergence": false,
        "has_bearish_divergence": false,
        "bullish_divergence_strength": 0,
        "bearish_divergence_strength": 0,
        "rank": 12
    },
    {
        "symbol": "ADA",
        "name": "Cardano",
        "price_usd": 0.6979514906408542,
        "market_cap_usd": 24630917603.87845,
        "volume_24h_usd": 1096396729.5527978,
        "percent_change_24h": 6.0822133,
        "percent_change_7d": 15.21081933,
        "technical_score": 51,
        "fundamental_score": 52,
        "sentiment_score": 49,
        "total_score": 50.8,
        "technical_weight": 0.45,
        "fundamental_weight": 0.3,
        "sentiment_weight": 0.25,
        "risk_profile": "Moderate",
        "market_opportunity": "Moderate",
        "recommendation": "Hold",
        "analysis_time": "2025-04-23 20:16:11",
        "has_head_and_shoulders": false,
        "has_inverse_head_and_shoulders": true,
        "has_double_top": false,
        "has_double_bottom": true,
        "has_ascending_triangle": false,
        "has_descending_triangle": false,
        "has_symmetric_triangle": false,
        "has_bullish_flag": false,
        "has_bearish_flag": false,
        "pattern_strength": 6,
        "has_bullish_divergence": false,
        "has_bearish_divergence": false,
        "bullish_divergence_strength": 0,
        "bearish_divergence_strength": 0,
        "rank": 13
    },
    {
        "symbol": "XLM",
        "name": "Stellar",
        "price_usd": 0.2671658906307084,
        "market_cap_usd": 8244013961.031562,
        "volume_24h_usd": 312238642.5652444,
        "percent_change_24h": 2.74065509,
        "percent_change_7d": 13.64453871,
        "technical_score": 53,
        "fundamental_score": 49,
        "sentiment_score": 46,
        "total_score": 50.0,
        "technical_weight": 0.45,
        "fundamental_weight": 0.3,
        "sentiment_weight": 0.25,
        "risk_profile": "Moderate",
        "market_opportunity": "Moderate",
        "recommendation": "Buy",
        "analysis_time": "2025-04-23 20:16:17",
        "has_head_and_shoulders": false,
        "has_inverse_head_and_shoulders": true,
        "has_double_top": false,
        "has_double_bottom": true,
        "has_ascending_triangle": false,
        "has_descending_triangle": false,
        "has_symmetric_triangle": false,
        "has_bullish_flag": false,
        "has_bearish_flag": false,
        "pattern_strength": 7,
        "has_bullish_divergence": false,
        "has_bearish_divergence": false,
        "bullish_divergence_strength": 0,
        "bearish_divergence_strength": 0,
        "rank": 14
    },
    {
        "symbol": "LEO",
        "name": "UNUS SED LEO",
        "price_usd": 9.07536218910776,
        "market_cap_usd": 8382250087.177865,
        "volume_24h_usd": 4912267.44292214,
        "percent_change_24h": 0.72862397,
        "percent_change_7d": -3.49971121,
        "technical_score": 37,
        "fundamental_score": 49,
        "sentiment_score": 28,
        "total_score": 38.4,
        "technical_weight": 0.45,
        "fundamental_weight": 0.3,
        "sentiment_weight": 0.25,
        "risk_profile": "Moderate",
        "market_opportunity": "Limited",
        "recommendation": "Sell",
        "analysis_time": "2025-04-23 20:16:16",
        "has_head_and_shoulders": false,
        "has_inverse_head_and_shoulders": false,
        "has_double_top": true,
        "has_double_bottom": true,
        "has_ascending_triangle": false,
        "has_descending_triangle": true,
        "has_symmetric_triangle": false,
        "has_bullish_flag": false,
        "has_bearish_flag": false,
        "pattern_strength": 7,
        "has_bullish_divergence": false,
        "has_bearish_divergence": false,
        "bullish_divergence_strength": 0,
        "bearish_divergence_strength": 0,
        "rank": 15
    }
]