{
    "symbol": "ADA",
    "price_change_1h": -1.61148926,
    "price_change_24h": 6.0822133,
    "price_change_7d": 15.21081933,
    "market_avg_change_24h": 3.7310203413333327,
    "market_avg_change_7d": 11.602763898000001,
    "relative_performance_24h": 2.3511929586666676,
    "relative_performance_7d": 3.6080554319999987,
    "fear_greed_value": 72,
    "fear_greed_classification": "Greed",
    "market_trend": "Strong Bullish",
    "sentiment_score": 49,
    "score_components": {
        "momentum_score": 19,
        "market_sentiment_score": 10,
        "relative_score": 10,
        "alignment_score": 10
    }
}