{
    "symbol": "AVAX",
    "price_change_1h": -1.35638433,
    "price_change_24h": 2.73927569,
    "price_change_7d": 18.5621714,
    "market_avg_change_24h": 3.7310203413333327,
    "market_avg_change_7d": 11.602763898000001,
    "relative_performance_24h": -0.9917446513333328,
    "relative_performance_7d": 6.9594075019999995,
    "fear_greed_value": 72,
    "fear_greed_classification": "Greed",
    "market_trend": "Strong Bullish",
    "sentiment_score": 48,
    "score_components": {
        "momentum_score": 17,
        "market_sentiment_score": 10,
        "relative_score": 11,
        "alignment_score": 10
    }
}