{
    "symbol": "BCH",
    "price_change_1h": 0.4256181,
    "price_change_24h": -0.65701045,
    "price_change_7d": 10.83410885,
    "market_avg_change_24h": 3.4300381724999993,
    "market_avg_change_7d": 10.064568308,
    "relative_performance_24h": -4.087048622499999,
    "relative_performance_7d": 0.7695405419999997,
    "fear_greed_value": 72,
    "fear_greed_classification": "Greed",
    "market_trend": "Strong Bullish",
    "sentiment_score": 45,
    "score_components": {
        "momentum_score": 17,
        "market_sentiment_score": 10,
        "relative_score": 8,
        "alignment_score": 10
    }
}