{
    "symbol": "BTC",
    "price_change_1h": -0.84437032,
    "price_change_24h": 1.89303672,
    "price_change_7d": 11.12448191,
    "market_avg_change_24h": 3.7310203413333327,
    "market_avg_change_7d": 11.602763898000001,
    "relative_performance_24h": -1.8379836213333327,
    "relative_performance_7d": -0.4782819880000009,
    "fear_greed_value": 72,
    "fear_greed_classification": "Greed",
    "market_trend": "Strong Bullish",
    "sentiment_score": 42,
    "score_components": {
        "momentum_score": 17,
        "market_sentiment_score": 10,
        "relative_score": 8,
        "alignment_score": 7
    }
}