{
    "symbol": "LINK",
    "price_change_1h": -1.19207737,
    "price_change_24h": 7.08113515,
    "price_change_7d": 22.16027439,
    "market_avg_change_24h": 3.7310203413333327,
    "market_avg_change_7d": 11.602763898000001,
    "relative_performance_24h": 3.350114808666667,
    "relative_performance_7d": 10.557510492,
    "fear_greed_value": 72,
    "fear_greed_classification": "Greed",
    "market_trend": "Strong Bullish",
    "sentiment_score": 55,
    "score_components": {
        "momentum_score": 21,
        "market_sentiment_score": 10,
        "relative_score": 14,
        "alignment_score": 10
    }
}