{
    "symbol": "TON",
    "price_change_1h": -1.14525598,
    "price_change_24h": 3.66666763,
    "price_change_7d": 6.03361934,
    "market_avg_change_24h": 3.4300381724999993,
    "market_avg_change_7d": 10.064568308,
    "relative_performance_24h": 0.23662945750000075,
    "relative_performance_7d": -4.030948968,
    "fear_greed_value": 72,
    "fear_greed_classification": "Greed",
    "market_trend": "Strong Bullish",
    "sentiment_score": 41,
    "score_components": {
        "momentum_score": 16,
        "market_sentiment_score": 10,
        "relative_score": 8,
        "alignment_score": 7
    }
}