{
    "symbol": "TRX",
    "price_change_1h": -0.01595657,
    "price_change_24h": -0.24676033,
    "price_change_7d": -2.18288406,
    "market_avg_change_24h": 3.7310203413333327,
    "market_avg_change_7d": 11.602763898000001,
    "relative_performance_24h": -3.9777806713333326,
    "relative_performance_7d": -13.785647958000002,
    "fear_greed_value": 72,
    "fear_greed_classification": "Greed",
    "market_trend": "Strong Bullish",
    "sentiment_score": 28,
    "score_components": {
        "momentum_score": 13,
        "market_sentiment_score": 10,
        "relative_score": 5,
        "alignment_score": 0
    }
}