{
    "symbol": "XRP",
    "price_change_1h": -1.5764271,
    "price_change_24h": 2.70908378,
    "price_change_7d": 6.39936004,
    "market_avg_change_24h": 3.7310203413333327,
    "market_avg_change_7d": 11.602763898000001,
    "relative_performance_24h": -1.0219365613333329,
    "relative_performance_7d": -5.203403858000001,
    "fear_greed_value": 72,
    "fear_greed_classification": "Greed",
    "market_trend": "Strong Bullish",
    "sentiment_score": 40,
    "score_components": {
        "momentum_score": 16,
        "market_sentiment_score": 10,
        "relative_score": 7,
        "alignment_score": 7
    }
}