{
    "symbol": "ADA",
    "price": 0.6987974635283608,
    "ma_7": 0.637849440261108,
    "ma_30": 0.6484330386269748,
    "ma_90": 0.741499670948283,
    "ma_200": 0.7580889992558032,
    "rsi_14": 74.92054815582541,
    "macd": -0.008566673616483111,
    "macd_signal": -0.01962639511289033,
    "bb_upper": 0.6878371226628098,
    "bb_middle": 0.6254303489452245,
    "bb_lower": 0.5630235752276392,
    "bb_width": 0.19956426426326462,
    "roc_7": 14.36484842843544,
    "roc_30": -4.498687386140743,
    "obv": -29591246136.249992,
    "tenkan_sen": 0.6549110780537126,
    "kijun_sen": 0.6331039168989219,
    "adx": 19.006900112666262,
    "stoch_k": 99.6792217786058,
    "stoch_d": 87.97481351768732,
    "mfi": 64.85194706604767,
    "psar": 0.588778298761229,
    "technical_score": 51,
    "score_components": {
        "trend_score": 8,
        "momentum_score": 6,
        "volatility_score": 7,
        "support_resistance_score": 3,
        "volume_score": 10,
        "ichimoku_score": 5,
        "obv_score": 5,
        "adx_score": 1,
        "psar_score": 5,
        "ma_cross_score": 1
    }
}