{
    "symbol": "AVAX",
    "price": 22.24686198529572,
    "ma_7": 20.279384707457503,
    "ma_30": 19.472680709430815,
    "ma_90": 22.708913084560326,
    "ma_200": 30.21670996924099,
    "rsi_14": 75.51227662437736,
    "macd": 0.4105638771670108,
    "macd_signal": -0.0036103221963288967,
    "bb_upper": 22.261023572321392,
    "bb_middle": 19.06976900786507,
    "bb_lower": 15.878514443408747,
    "bb_width": 0.33469252439713687,
    "roc_7": 16.810674243681078,
    "roc_30": 3.5655416857616196,
    "obv": -6304688117.939994,
    "tenkan_sen": 20.58559742386507,
    "kijun_sen": 19.29445179462897,
    "adx": 22.0555374622631,
    "stoch_k": 99.75677053493285,
    "stoch_d": 98.69608687162743,
    "mfi": 74.70044411357966,
    "psar": 18.393100420731702,
    "technical_score": 63,
    "score_components": {
        "trend_score": 8,
        "momentum_score": 10,
        "volatility_score": 4,
        "support_resistance_score": 3,
        "volume_score": 10,
        "ichimoku_score": 10,
        "obv_score": 5,
        "adx_score": 3,
        "psar_score": 5,
        "ma_cross_score": 5
    }
}