{
    "symbol": "BCH",
    "price": 337.47057155302014,
    "ma_7": 333.52858092475884,
    "ma_30": 314.72479706571704,
    "ma_90": 337.23396159187666,
    "ma_200": 393.8494149296329,
    "rsi_14": 77.1525793532272,
    "macd": 5.8818915554167575,
    "macd_signal": 1.8532046511412985,
    "bb_upper": 364.38126562051104,
    "bb_middle": 313.62920640200343,
    "bb_lower": 262.8771471834958,
    "bb_width": 0.32364370525782393,
    "roc_7": 1.8355822878614259,
    "roc_30": 4.006357879831635,
    "obv": 5287717437.413722,
    "tenkan_sen": 331.4258274009477,
    "kijun_sen": 297.7545760634806,
    "adx": 24.312459024232616,
    "stoch_k": 94.16999965917164,
    "stoch_d": 94.68367089388236,
    "mfi": 56.20842667834942,
    "psar": 304.0639524239605,
    "technical_score": 62,
    "score_components": {
        "trend_score": 14,
        "momentum_score": 10,
        "volatility_score": 4,
        "support_resistance_score": 6,
        "volume_score": 5,
        "ichimoku_score": 5,
        "obv_score": 5,
        "adx_score": 3,
        "psar_score": 5,
        "ma_cross_score": 5
    }
}