{
    "symbol": "BNB",
    "price": 604.3769774933221,
    "ma_7": 597.4816920340658,
    "ma_30": 595.0471095475798,
    "ma_90": 614.9153619670218,
    "ma_200": 634.5273008992453,
    "rsi_14": 70.98755306994646,
    "macd": 0.4004863000292289,
    "macd_signal": -3.3588869249196085,
    "bb_upper": 615.9802798999357,
    "bb_middle": 585.6005575531478,
    "bb_lower": 555.22083520636,
    "bb_width": 0.10375578354544393,
    "roc_7": 3.5581707431043386,
    "roc_30": -4.866665741469756,
    "obv": 15749207397.940004,
    "tenkan_sen": 596.8011921869472,
    "kijun_sen": 582.2062976580347,
    "adx": 22.3473387496494,
    "stoch_k": 86.0733287527449,
    "stoch_d": 94.91082964264207,
    "mfi": 58.883566531558905,
    "psar": 565.4130289288298,
    "technical_score": 67,
    "score_components": {
        "trend_score": 8,
        "momentum_score": 10,
        "volatility_score": 10,
        "support_resistance_score": 6,
        "volume_score": 10,
        "ichimoku_score": 5,
        "obv_score": 5,
        "adx_score": 3,
        "psar_score": 5,
        "ma_cross_score": 5
    }
}