{
    "symbol": "BTC",
    "price": 93115.44632961876,
    "ma_7": 87250.287438078,
    "ma_30": 84179.92306885785,
    "ma_90": 89642.12746002308,
    "ma_200": 88579.87541685924,
    "rsi_14": 89.45235993821656,
    "macd": 1425.0036981423036,
    "macd_signal": 282.43769717762893,
    "bb_upper": 91736.99526930781,
    "bb_middle": 83841.38747948443,
    "bb_lower": 75945.77968966105,
    "bb_width": 0.18834630549871073,
    "roc_7": 9.66539912251221,
    "roc_30": 5.634818697754951,
    "obv": 1052152359214.149,
    "tenkan_sen": 88774.32281885043,
    "kijun_sen": 85389.4077814755,
    "adx": 25.23859678597045,
    "stoch_k": 99.6777474997068,
    "stoch_d": 99.6372264818164,
    "mfi": 76.92972730877784,
    "psar": 81434.93478307006,
    "technical_score": 75,
    "score_components": {
        "trend_score": 20,
        "momentum_score": 10,
        "volatility_score": 4,
        "support_resistance_score": 3,
        "volume_score": 10,
        "ichimoku_score": 10,
        "obv_score": 5,
        "adx_score": 3,
        "psar_score": 5,
        "ma_cross_score": 5
    }
}