{
    "symbol": "DOGE",
    "price": 0.1773953977469673,
    "ma_7": 0.1619234561343096,
    "ma_30": 0.16518580420036108,
    "ma_90": 0.212004132765148,
    "ma_200": 0.260628659568788,
    "rsi_14": 74.17103545612203,
    "macd": -0.00208449595036464,
    "macd_signal": -0.0051936214244625335,
    "bb_upper": 0.17546849924135555,
    "bb_middle": 0.15910644991362213,
    "bb_lower": 0.14274440058588872,
    "bb_width": 0.20567424308211596,
    "roc_7": 14.294222100986186,
    "roc_30": -3.33546623128278,
    "obv": 32372190461.364746,
    "tenkan_sen": 0.16533000048899194,
    "kijun_sen": 0.1614801672466642,
    "adx": 21.371727674990286,
    "stoch_k": 99.67554633277487,
    "stoch_d": 89.6067152234477,
    "mfi": 71.46864963386042,
    "psar": 0.15159356258979445,
    "technical_score": 56,
    "score_components": {
        "trend_score": 8,
        "momentum_score": 6,
        "volatility_score": 10,
        "support_resistance_score": 3,
        "volume_score": 10,
        "ichimoku_score": 5,
        "obv_score": 5,
        "adx_score": 3,
        "psar_score": 5,
        "ma_cross_score": 1
    }
}