{
    "symbol": "DOT",
    "price": 3.703615452509058,
    "ma_7": 3.7343227290966605,
    "ma_30": 3.9246230381424447,
    "ma_90": 4.571194537317371,
    "ma_200": 5.572863760009226,
    "rsi_14": 54.219700309279375,
    "macd": -0.10728863791396215,
    "macd_signal": -0.15816829787759917,
    "bb_upper": 4.099141731750979,
    "bb_middle": 3.7099344878927716,
    "bb_lower": 3.320727244034564,
    "bb_width": 0.20981893083469294,
    "roc_7": 0.5497488561386099,
    "roc_30": -17.07374611276238,
    "obv": 13014373601.692549,
    "tenkan_sen": 3.7383496709764907,
    "kijun_sen": 3.847461984280558,
    "adx": 27.836872918217075,
    "stoch_k": 49.76214644707841,
    "stoch_d": 82.99226923105655,
    "mfi": 63.67484732844462,
    "psar": 3.4903818248596954,
    "technical_score": 45,
    "score_components": {
        "trend_score": 0,
        "momentum_score": 12,
        "volatility_score": 7,
        "support_resistance_score": 7,
        "volume_score": 5,
        "ichimoku_score": 0,
        "obv_score": 5,
        "adx_score": 3,
        "psar_score": 5,
        "ma_cross_score": 1
    }
}