{
    "symbol": "ETH",
    "price": 1788.585560051211,
    "ma_7": 1638.5375878809948,
    "ma_30": 1718.7925800209207,
    "ma_90": 2241.1900200888203,
    "ma_200": 2759.5680523347532,
    "rsi_14": 75.10700971906333,
    "macd": -55.19639044811629,
    "macd_signal": -89.81790833895792,
    "bb_upper": 1810.9659119823689,
    "bb_middle": 1624.7412431022703,
    "bb_lower": 1438.5165742221718,
    "bb_width": 0.22923609488058833,
    "roc_7": 12.558364799338474,
    "roc_30": -14.051732894995272,
    "obv": -524933802590.98004,
    "tenkan_sen": 1683.6693085466545,
    "kijun_sen": 1704.8670632458152,
    "adx": 36.06278588219741,
    "stoch_k": 99.7007784112459,
    "stoch_d": 92.7574557882602,
    "mfi": 61.86017217432057,
    "psar": 1541.1707720559593,
    "technical_score": 47,
    "score_components": {
        "trend_score": 8,
        "momentum_score": 6,
        "volatility_score": 4,
        "support_resistance_score": 3,
        "volume_score": 10,
        "ichimoku_score": 0,
        "obv_score": 5,
        "adx_score": 5,
        "psar_score": 5,
        "ma_cross_score": 1
    }
}