{
    "symbol": "HBAR",
    "price": 0.1721598198047089,
    "ma_7": 0.16552584704126364,
    "ma_30": 0.16871239380000883,
    "ma_90": 0.21292763257375558,
    "ma_200": 0.19552487825982573,
    "rsi_14": 62.29938757591757,
    "macd": -0.0033987362416130207,
    "macd_signal": -0.005982874671303048,
    "bb_upper": 0.18278817669977937,
    "bb_middle": 0.16306723862275316,
    "bb_lower": 0.14334630054572695,
    "bb_width": 0.2418749252588926,
    "roc_7": 3.4308063962342095,
    "roc_30": -5.756754060349412,
    "obv": 7946024848.045839,
    "tenkan_sen": 0.16502749174251635,
    "kijun_sen": 0.1560177142344204,
    "adx": 12.503332096417358,
    "stoch_k": 96.60162076104314,
    "stoch_d": 92.87905851167794,
    "mfi": 41.36462118908973,
    "psar": 0.1391308645064976,
    "technical_score": 53,
    "score_components": {
        "trend_score": 8,
        "momentum_score": 16,
        "volatility_score": 7,
        "support_resistance_score": 6,
        "volume_score": 5,
        "ichimoku_score": 5,
        "obv_score": 0,
        "adx_score": 0,
        "psar_score": 5,
        "ma_cross_score": 1
    }
}