{
    "symbol": "HYPE",
    "price": 18.007017077299544,
    "ma_7": 17.013683024639967,
    "ma_30": 14.504112477812132,
    "ma_90": 18.60592549356866,
    "ma_200": NaN,
    "rsi_14": 79.11146519300283,
    "macd": 0.891842378953811,
    "macd_signal": 0.3675195894717129,
    "bb_upper": 19.582634284470288,
    "bb_middle": 14.61999566283886,
    "bb_lower": 9.657357041207431,
    "bb_width": 0.6788837337681946,
    "roc_7": 14.475777710630467,
    "roc_30": 14.033595378900232,
    "obv": 67820330.32000075,
    "tenkan_sen": 16.644881837247482,
    "kijun_sen": 14.231222986441448,
    "adx": 31.232336068642756,
    "stoch_k": 99.45060304543146,
    "stoch_d": 98.33184087113257,
    "mfi": 77.36298416136242,
    "psar": 15.262293766427696,
    "technical_score": 57,
    "score_components": {
        "trend_score": 8,
        "momentum_score": 10,
        "volatility_score": 1,
        "support_resistance_score": 6,
        "volume_score": 5,
        "ichimoku_score": 7,
        "obv_score": 5,
        "adx_score": 5,
        "psar_score": 5,
        "ma_cross_score": 5
    }
}