{
    "symbol": "LEO",
    "price": 9.06526885737832,
    "ma_7": 9.12573681316759,
    "ma_30": 9.320825590984759,
    "ma_90": 9.595632286527724,
    "ma_200": 8.719145217381403,
    "rsi_14": 47.204663282156524,
    "macd": -0.1025362566602368,
    "macd_signal": -0.09518825381807236,
    "bb_upper": 9.578195150331284,
    "bb_middle": 9.206870032383602,
    "bb_lower": 8.83554491443592,
    "bb_width": 0.08066261751096938,
    "roc_7": -3.6151027767485244,
    "roc_30": -7.03187592729726,
    "obv": 192091451.6100002,
    "tenkan_sen": 9.191804497632646,
    "kijun_sen": 9.276306431954106,
    "adx": 11.77713993910679,
    "stoch_k": 20.60428044915986,
    "stoch_d": 18.3290455103636,
    "mfi": 49.62317952765626,
    "psar": 9.320256184977769,
    "technical_score": 37,
    "score_components": {
        "trend_score": 6,
        "momentum_score": 8,
        "volatility_score": 4,
        "support_resistance_score": 8,
        "volume_score": 10,
        "ichimoku_score": 0,
        "obv_score": 0,
        "adx_score": 0,
        "psar_score": 0,
        "ma_cross_score": 1
    }
}