{
    "symbol": "LINK",
    "price": 14.828678059857076,
    "ma_7": 13.28793183212736,
    "ma_30": 13.146205352335016,
    "ma_90": 16.17055231343856,
    "ma_200": 17.281366744458317,
    "rsi_14": 83.92205827171148,
    "macd": 0.005496937433569826,
    "macd_signal": -0.3211803123827171,
    "bb_upper": 14.296898315961194,
    "bb_middle": 12.609981271370348,
    "bb_lower": 10.923064226779502,
    "bb_width": 0.26755266455800625,
    "roc_7": 20.637872508075983,
    "roc_30": -1.8583749413495942,
    "obv": 3478865933.579993,
    "tenkan_sen": 13.560285469287532,
    "kijun_sen": 13.020083232050219,
    "adx": 27.78414912888747,
    "stoch_k": 99.7583613577594,
    "stoch_d": 99.71422791727203,
    "mfi": 82.785820794951,
    "psar": 11.718886850568063,
    "technical_score": 61,
    "score_components": {
        "trend_score": 8,
        "momentum_score": 10,
        "volatility_score": 7,
        "support_resistance_score": 3,
        "volume_score": 10,
        "ichimoku_score": 5,
        "obv_score": 5,
        "adx_score": 3,
        "psar_score": 5,
        "ma_cross_score": 5
    }
}