{
    "symbol": "SHIB",
    "price": 1.2332757320713e-05,
    "ma_7": 1.2159618427974143e-05,
    "ma_30": 1.23825833196874e-05,
    "ma_90": 1.4199699927063091e-05,
    "ma_200": 1.8774516769353915e-05,
    "rsi_14": 63.84338572162364,
    "macd": -1.135697324237553e-07,
    "macd_signal": -2.4069927810126354e-07,
    "bb_upper": 1.3000348685183333e-05,
    "bb_middle": 1.1972082189424201e-05,
    "bb_lower": 1.094381569366507e-05,
    "bb_width": 0.1717773866717141,
    "roc_7": 3.370322397038583,
    "roc_30": -4.642302978836277,
    "obv": 1037188327.5715282,
    "tenkan_sen": 1.2162729670564e-05,
    "kijun_sen": 1.1909291419260001e-05,
    "adx": 17.74222356040752,
    "stoch_k": 79.94587591701729,
    "stoch_d": 93.07978262613643,
    "mfi": 58.77844905515457,
    "psar": 1.082249042783301e-05,
    "technical_score": 57,
    "score_components": {
        "trend_score": 3,
        "momentum_score": 16,
        "volatility_score": 10,
        "support_resistance_score": 6,
        "volume_score": 5,
        "ichimoku_score": 5,
        "obv_score": 5,
        "adx_score": 1,
        "psar_score": 5,
        "ma_cross_score": 1
    }
}