{
    "symbol": "SOL",
    "price": 150.43906735679698,
    "ma_7": 139.48057981802359,
    "ma_30": 127.62726234146189,
    "ma_90": 157.209757923638,
    "ma_200": 181.38966714142953,
    "rsi_14": 89.05953604227395,
    "macd": 4.053876897270328,
    "macd_signal": 0.6780577588000871,
    "bb_upper": 152.49501403444265,
    "bb_middle": 126.15792101706195,
    "bb_lower": 99.82082799968126,
    "bb_width": 0.4175257931496635,
    "roc_7": 17.200381387383068,
    "roc_30": 5.366226817481934,
    "obv": -62051600280.42996,
    "tenkan_sen": 139.3998143122771,
    "kijun_sen": 128.03127837573808,
    "adx": 33.11885057279131,
    "stoch_k": 99.81721847979397,
    "stoch_d": 99.60014831703548,
    "mfi": 68.54059144888099,
    "psar": 120.33951959078009,
    "technical_score": 59,
    "score_components": {
        "trend_score": 8,
        "momentum_score": 10,
        "volatility_score": 1,
        "support_resistance_score": 3,
        "volume_score": 10,
        "ichimoku_score": 7,
        "obv_score": 5,
        "adx_score": 5,
        "psar_score": 5,
        "ma_cross_score": 5
    }
}