{
    "symbol": "SUI",
    "price": 2.938654291387224,
    "ma_7": 2.2929628221589957,
    "ma_30": 2.2788348028551213,
    "ma_90": 2.788986437551939,
    "ma_200": 3.171692287536103,
    "rsi_14": 82.5243282346057,
    "macd": 0.021503830401881974,
    "macd_signal": -0.05524853588358464,
    "bb_upper": 2.604857487665811,
    "bb_middle": 2.1909350736976734,
    "bb_lower": 1.777012659729536,
    "bb_width": 0.37785000471926766,
    "roc_7": 40.558828345228946,
    "roc_30": 20.887433583614378,
    "obv": 14557575424.249985,
    "tenkan_sen": 2.5146738969377047,
    "kijun_sen": 2.451937460256705,
    "adx": 23.90808945202392,
    "stoch_k": 99.83214832800174,
    "stoch_d": 93.64817655532725,
    "mfi": 70.12868514200265,
    "psar": 2.0908523306361317,
    "technical_score": 69,
    "score_components": {
        "trend_score": 14,
        "momentum_score": 10,
        "volatility_score": 4,
        "support_resistance_score": 3,
        "volume_score": 10,
        "ichimoku_score": 10,
        "obv_score": 5,
        "adx_score": 3,
        "psar_score": 5,
        "ma_cross_score": 5
    }
}