{
    "symbol": "TON",
    "price": 2.9298316714971326,
    "ma_7": 2.9610077831763584,
    "ma_30": 3.318346371347586,
    "ma_90": 3.587113789118055,
    "ma_200": 4.674367808940427,
    "rsi_14": 38.680534914336604,
    "macd": -0.13644527434850673,
    "macd_signal": -0.1442009891478009,
    "bb_upper": 3.5320933362160627,
    "bb_middle": 3.0609628899194563,
    "bb_lower": 2.58983244362285,
    "bb_width": 0.3078315309526692,
    "roc_7": 0.04632995497715342,
    "roc_30": -21.160429452876784,
    "obv": 1732227550.1799989,
    "tenkan_sen": 2.9310876523255462,
    "kijun_sen": 3.4746395013328524,
    "adx": 40.57601925635489,
    "stoch_k": 45.13806165491218,
    "stoch_d": 57.046200828577106,
    "mfi": 35.54238658621638,
    "psar": 2.8292072519522566,
    "technical_score": 35,
    "score_components": {
        "trend_score": 0,
        "momentum_score": 9,
        "volatility_score": 4,
        "support_resistance_score": 8,
        "volume_score": 5,
        "ichimoku_score": 0,
        "obv_score": 0,
        "adx_score": 3,
        "psar_score": 5,
        "ma_cross_score": 1
    }
}