{
    "symbol": "TRX",
    "price": 0.2448412533050629,
    "ma_7": 0.2446495975080542,
    "ma_30": 0.23958044577426751,
    "ma_90": 0.23742799748610655,
    "ma_200": 0.22636877181656295,
    "rsi_14": 62.49032166456707,
    "macd": 0.002881333282049925,
    "macd_signal": 0.0032548881127281667,
    "bb_upper": 0.2576363859481313,
    "bb_middle": 0.24270679382407584,
    "bb_lower": 0.22777720170002036,
    "bb_width": 0.12302574549995564,
    "roc_7": -3.8976399810762508,
    "roc_30": 6.50639994698039,
    "obv": 9109222149.59,
    "tenkan_sen": 0.24789838171133627,
    "kijun_sen": 0.2410453640299485,
    "adx": 17.90141822420849,
    "stoch_k": 49.45866389407051,
    "stoch_d": 56.36788809512435,
    "mfi": 58.685579577250145,
    "psar": 0.24353954329213182,
    "technical_score": 79,
    "score_components": {
        "trend_score": 20,
        "momentum_score": 16,
        "volatility_score": 7,
        "support_resistance_score": 7,
        "volume_score": 10,
        "ichimoku_score": 10,
        "obv_score": 0,
        "adx_score": 1,
        "psar_score": 5,
        "ma_cross_score": 3
    }
}