{
    "symbol": "USDC",
    "price": 0.9999298788023046,
    "ma_7": 0.999834076764362,
    "ma_30": 0.9999218125869376,
    "ma_90": 0.9999588034158249,
    "ma_200": 0.9999755975364706,
    "rsi_14": 47.20615046019212,
    "macd": -3.224920580402468e-05,
    "macd_signal": -2.6101534932194982e-05,
    "bb_upper": 1.0001353420655203,
    "bb_middle": 0.999900829011026,
    "bb_lower": 0.9996663159565315,
    "bb_width": 0.00046907262738515995,
    "roc_7": -0.0039601261848432046,
    "roc_30": -0.020172226099646196,
    "obv": 84479363743.12186,
    "tenkan_sen": 0.9997434251530617,
    "kijun_sen": 0.9998100149360781,
    "adx": 9.415134429718222,
    "stoch_k": 62.834694759501055,
    "stoch_d": 57.56727501440508,
    "mfi": 44.15421509984817,
    "psar": 1.0004596005286723,
    "technical_score": 43,
    "score_components": {
        "trend_score": 8,
        "momentum_score": 8,
        "volatility_score": 7,
        "support_resistance_score": 7,
        "volume_score": 10,
        "ichimoku_score": 2,
        "obv_score": 0,
        "adx_score": 0,
        "psar_score": 0,
        "ma_cross_score": 1
    }
}