{
    "symbol": "USDT",
    "price": 1.0000800182534255,
    "ma_7": 0.9999856309409544,
    "ma_30": 0.9997551878938001,
    "ma_90": 0.9998780309275943,
    "ma_200": 0.9998756354578924,
    "rsi_14": 66.68691568991767,
    "macd": 0.00010247236986793418,
    "macd_signal": 2.92864314641821e-05,
    "bb_upper": 1.000348970838413,
    "bb_middle": 0.9997227278448678,
    "bb_lower": 0.9990964848513225,
    "bb_width": 0.0012528333628970423,
    "roc_7": 0.014409301139739483,
    "roc_30": -0.030449381221742122,
    "obv": 1255662118642.7102,
    "tenkan_sen": 1.0000427033726291,
    "kijun_sen": 0.9998649154734628,
    "adx": 11.619968520297467,
    "stoch_k": 58.63912422758336,
    "stoch_d": 70.47908417496764,
    "mfi": 68.78507305366233,
    "psar": 1.000979888650375,
    "technical_score": 81,
    "score_components": {
        "trend_score": 20,
        "momentum_score": 20,
        "volatility_score": 7,
        "support_resistance_score": 4,
        "volume_score": 10,
        "ichimoku_score": 10,
        "obv_score": 5,
        "adx_score": 0,
        "psar_score": 0,
        "ma_cross_score": 5
    }
}