{
    "symbol": "XLM",
    "price": 0.2662376964069873,
    "ma_7": 0.2501068550512037,
    "ma_30": 0.25339283938485035,
    "ma_90": 0.29979723283482584,
    "ma_200": 0.2988191437447983,
    "rsi_14": 78.42917209223744,
    "macd": -0.0030524926282729514,
    "macd_signal": -0.0076756815680182515,
    "bb_upper": 0.2665431685786941,
    "bb_middle": 0.24278138682332645,
    "bb_lower": 0.21901960506795878,
    "bb_width": 0.19574632195885142,
    "roc_7": 13.013396545313128,
    "roc_30": -8.246997152958214,
    "obv": 9464433213.869993,
    "tenkan_sen": 0.25090917419384573,
    "kijun_sen": 0.2504420427466966,
    "adx": 29.765910418616937,
    "stoch_k": 99.67031248785703,
    "stoch_d": 99.18247503403411,
    "mfi": 66.10026302737205,
    "psar": 0.22789802001115012,
    "technical_score": 53,
    "score_components": {
        "trend_score": 8,
        "momentum_score": 6,
        "volatility_score": 7,
        "support_resistance_score": 3,
        "volume_score": 10,
        "ichimoku_score": 5,
        "obv_score": 5,
        "adx_score": 3,
        "psar_score": 5,
        "ma_cross_score": 1
    }
}