{
    "symbol": "XRP",
    "price": 2.2216363262466685,
    "ma_7": 2.1081635920046877,
    "ma_30": 2.112165658584306,
    "ma_90": 2.3950954829527067,
    "ma_200": 1.9643496745168392,
    "rsi_14": 78.87286030031889,
    "macd": -0.015999220211683873,
    "macd_signal": -0.04222479913867035,
    "bb_upper": 2.273756267295645,
    "bb_middle": 2.0632858395527194,
    "bb_lower": 1.8528154118097937,
    "bb_width": 0.20401480367698496,
    "roc_7": 5.888598013182578,
    "roc_30": -9.676861539278015,
    "obv": -39698871780.56007,
    "tenkan_sen": 2.137629158661598,
    "kijun_sen": 2.0319433830246143,
    "adx": 16.84364094049777,
    "stoch_k": 99.61332581777097,
    "stoch_d": 93.35102133206844,
    "mfi": 70.98871733435783,
    "psar": 1.8764931540667524,
    "technical_score": 60,
    "score_components": {
        "trend_score": 14,
        "momentum_score": 6,
        "volatility_score": 7,
        "support_resistance_score": 6,
        "volume_score": 10,
        "ichimoku_score": 5,
        "obv_score": 5,
        "adx_score": 1,
        "psar_score": 5,
        "ma_cross_score": 1
    }
}