{
    "symbol": "ADA",
    "name": "Cardano",
    "price_usd": 0.6979514906408542,
    "market_cap_usd": 24630917603.87845,
    "volume_24h_usd": 1096396729.5527978,
    "percent_change_24h": 6.0822133,
    "percent_change_7d": 15.21081933,
    "technical_score": 51,
    "fundamental_score": 52,
    "sentiment_score": 49,
    "total_score": 50.8,
    "technical_weight": 0.45,
    "fundamental_weight": 0.3,
    "sentiment_weight": 0.25,
    "risk_profile": "Moderate",
    "market_opportunity": "Moderate",
    "recommendation": "Hold",
    "rank": 13,
    "technical_data": {
        "symbol": "ADA",
        "price": 0.6987974635283608,
        "ma_7": 0.637849440261108,
        "ma_30": 0.6484330386269748,
        "ma_90": 0.741499670948283,
        "ma_200": 0.7580889992558032,
        "rsi_14": 74.92054815582541,
        "macd": -0.008566673616483111,
        "macd_signal": -0.01962639511289033,
        "bb_upper": 0.6878371226628098,
        "bb_middle": 0.6254303489452245,
        "bb_lower": 0.5630235752276392,
        "bb_width": 0.19956426426326462,
        "roc_7": 14.36484842843544,
        "roc_30": -4.498687386140743,
        "obv": -29591246136.249992,
        "tenkan_sen": 0.6549110780537126,
        "kijun_sen": 0.6331039168989219,
        "adx": 19.006900112666262,
        "stoch_k": 99.6792217786058,
        "stoch_d": 87.97481351768732,
        "mfi": 64.85194706604767,
        "psar": 0.588778298761229,
        "technical_score": 51,
        "score_components": {
            "trend_score": 8,
            "momentum_score": 6,
            "volatility_score": 7,
            "support_resistance_score": 3,
            "volume_score": 10,
            "ichimoku_score": 5,
            "obv_score": 5,
            "adx_score": 1,
            "psar_score": 5,
            "ma_cross_score": 1
        }
    },
    "fundamental_data": {
        "symbol": "ADA",
        "market_cap_usd": 24630917603.87845,
        "volume_24h_usd": 1096396729.5527978,
        "volume_mcap_ratio": 0.0445130281861751,
        "market_share": 0.9166207159621272,
        "cmc_rank": 9,
        "price_change_30d": -5.43739893,
        "fundamental_score": 52,
        "score_components": {
            "market_cap_score": 18,
            "volume_mcap_score": 5,
            "rank_score": 12,
            "stability_score": 9,
            "growth_score": 3,
            "market_position_score": 5
        }
    },
    "sentiment_data": {
        "symbol": "ADA",
        "price_change_1h": -1.61148926,
        "price_change_24h": 6.0822133,
        "price_change_7d": 15.21081933,
        "market_avg_change_24h": 3.7310203413333327,
        "market_avg_change_7d": 11.602763898000001,
        "relative_performance_24h": 2.3511929586666676,
        "relative_performance_7d": 3.6080554319999987,
        "fear_greed_value": 72,
        "fear_greed_classification": "Greed",
        "market_trend": "Strong Bullish",
        "sentiment_score": 49,
        "score_components": {
            "momentum_score": 19,
            "market_sentiment_score": 10,
            "relative_score": 10,
            "alignment_score": 10
        }
    },
    "pattern_data": {
        "head_and_shoulders": false,
        "inverse_head_and_shoulders": true,
        "double_top": false,
        "double_bottom": true,
        "ascending_triangle": false,
        "descending_triangle": false,
        "symmetric_triangle": false,
        "bullish_flag": false,
        "bearish_flag": false,
        "pattern_strength": 6
    },
    "divergence_data": {
        "bearish_divergence": false,
        "bullish_divergence": false,
        "bearish_divergence_strength": 0,
        "bullish_divergence_strength": 0,
        "rsi_divergences": [],
        "macd_divergences": []
    },
    "historical_data": [
        {
            "timestamp": "2024-04-29 16:20:00",
            "symbol": "ADA",
            "price": 0.4564241769863716,
            "volume_24h": 300499120.85,
            "market_cap": 16268404475.0263
        },
        {
            "timestamp": "2024-04-30 16:20:00",
            "symbol": "ADA",
            "price": 0.4327837158710431,
            "volume_24h": 357045354.43,
            "market_cap": 15425766279.687395
        },
        {
            "timestamp": "2024-05-01 16:20:00",
            "symbol": "ADA",
            "price": 0.4339050239647581,
            "volume_24h": 462731527.0,
            "market_cap": 15465724135.320036
        },
        {
            "timestamp": "2024-05-02 16:20:00",
            "symbol": "ADA",
            "price": 0.4562053247017524,
            "volume_24h": 461184078.84,
            "market_cap": 16261803481.451138
        },
        {
            "timestamp": "2024-05-03 16:20:00",
            "symbol": "ADA",
            "price": 0.4675456044609576,
            "volume_24h": 321934880.14,
            "market_cap": 16667722083.12448
        },
        {
            "timestamp": "2024-05-04 16:20:00",
            "symbol": "ADA",
            "price": 0.4677491668573385,
            "volume_24h": 269144823.34,
            "market_cap": 16676382675.974655
        },
        {
            "timestamp": "2024-05-05 16:20:00",
            "symbol": "ADA",
            "price": 0.4651931503866142,
            "volume_24h": 243158644.31,
            "market_cap": 16585243015.025206
        },
        {
            "timestamp": "2024-05-06 16:20:00",
            "symbol": "ADA",
            "price": 0.4613102863087252,
            "volume_24h": 328305136.45,
            "market_cap": 16446801690.615274
        },
        {
            "timestamp": "2024-05-07 16:20:00",
            "symbol": "ADA",
            "price": 0.4525921228464705,
            "volume_24h": 311851713.68,
            "market_cap": 16137220089.07628
        },
        {
            "timestamp": "2024-05-08 16:20:00",
            "symbol": "ADA",
            "price": 0.4634250744589316,
            "volume_24h": 445534447.06,
            "market_cap": 16525101032.068844
        },
        {
            "timestamp": "2024-05-09 16:20:00",
            "symbol": "ADA",
            "price": 0.4571054110841383,
            "volume_24h": 383524147.0,
            "market_cap": 16301136713.139488
        },
        {
            "timestamp": "2024-05-10 16:20:00",
            "symbol": "ADA",
            "price": 0.4500628008436773,
            "volume_24h": 302994065.26,
            "market_cap": 16049975836.234943
        },
        {
            "timestamp": "2024-05-11 16:20:00",
            "symbol": "ADA",
            "price": 0.4434275690642417,
            "volume_24h": 219476156.91,
            "market_cap": 15813345474.631786
        },
        {
            "timestamp": "2024-05-12 16:20:00",
            "symbol": "ADA",
            "price": 0.4425137824261089,
            "volume_24h": 162002767.12,
            "market_cap": 15781706285.842588
        },
        {
            "timestamp": "2024-05-13 16:20:00",
            "symbol": "ADA",
            "price": 0.4446609480098835,
            "volume_24h": 339705338.38,
            "market_cap": 15860211152.174324
        },
        {
            "timestamp": "2024-05-14 16:20:00",
            "symbol": "ADA",
            "price": 0.4346084526243475,
            "volume_24h": 348094508.12,
            "market_cap": 15502882859.333635
        },
        {
            "timestamp": "2024-05-15 16:20:00",
            "symbol": "ADA",
            "price": 0.448329728776784,
            "volume_24h": 303950101.81,
            "market_cap": 15992323353.930529
        },
        {
            "timestamp": "2024-05-16 16:20:00",
            "symbol": "ADA",
            "price": 0.456925636781186,
            "volume_24h": 390325691.5,
            "market_cap": 16298938554.748186
        },
        {
            "timestamp": "2024-05-17 16:20:00",
            "symbol": "ADA",
            "price": 0.483392534479402,
            "volume_24h": 465906167.75,
            "market_cap": 17244308169.268818
        },
        {
            "timestamp": "2024-05-18 16:20:00",
            "symbol": "ADA",
            "price": 0.4833810601280287,
            "volume_24h": 266233241.49,
            "market_cap": 17245596309.051765
        },
        {
            "timestamp": "2024-05-19 16:20:00",
            "symbol": "ADA",
            "price": 0.4700491986484377,
            "volume_24h": 224757481.99,
            "market_cap": 16771419160.163631
        },
        {
            "timestamp": "2024-05-20 16:20:00",
            "symbol": "ADA",
            "price": 0.4682448081100939,
            "volume_24h": 324652480.83,
            "market_cap": 16707027484.967926
        },
        {
            "timestamp": "2024-05-21 16:20:00",
            "symbol": "ADA",
            "price": 0.5005719356891459,
            "volume_24h": 703292109.47,
            "market_cap": 17860453245.67971
        },
        {
            "timestamp": "2024-05-22 16:20:00",
            "symbol": "ADA",
            "price": 0.4824852130844155,
            "volume_24h": 445679736.46,
            "market_cap": 17216385788.337196
        },
        {
            "timestamp": "2024-05-23 16:20:00",
            "symbol": "ADA",
            "price": 0.4652661537111275,
            "volume_24h": 460173481.75,
            "market_cap": 16603606580.531752
        },
        {
            "timestamp": "2024-05-24 16:20:00",
            "symbol": "ADA",
            "price": 0.4574729755699058,
            "volume_24h": 519283920.16,
            "market_cap": 16326847116.541103
        },
        {
            "timestamp": "2024-05-25 16:20:00",
            "symbol": "ADA",
            "price": 0.4599056087895906,
            "volume_24h": 272529511.02,
            "market_cap": 16413656174.18076
        },
        {
            "timestamp": "2024-05-26 16:20:00",
            "symbol": "ADA",
            "price": 0.458906542329429,
            "volume_24h": 226929259.21,
            "market_cap": 16377994709.129698
        },
        {
            "timestamp": "2024-05-27 16:20:00",
            "symbol": "ADA",
            "price": 0.4738256048939013,
            "volume_24h": 283074886.91,
            "market_cap": 16911662943.8536
        },
        {
            "timestamp": "2024-05-28 16:20:00",
            "symbol": "ADA",
            "price": 0.4572263875342244,
            "volume_24h": 439024714.79,
            "market_cap": 16320835517.893433
        },
        {
            "timestamp": "2024-05-29 16:20:00",
            "symbol": "ADA",
            "price": 0.4528561369633169,
            "volume_24h": 342329721.5,
            "market_cap": 16166195789.795391
        },
        {
            "timestamp": "2024-05-30 16:20:00",
            "symbol": "ADA",
            "price": 0.45007754152036,
            "volume_24h": 362380266.38,
            "market_cap": 16066993493.776182
        },
        {
            "timestamp": "2024-05-31 16:20:00",
            "symbol": "ADA",
            "price": 0.4447533956977088,
            "volume_24h": 300610542.05,
            "market_cap": 15876927111.278885
        },
        {
            "timestamp": "2024-06-01 16:20:00",
            "symbol": "ADA",
            "price": 0.4489414486172046,
            "volume_24h": 191967366.03,
            "market_cap": 16027577771.836266
        },
        {
            "timestamp": "2024-06-02 16:20:00",
            "symbol": "ADA",
            "price": 0.4502078482998167,
            "volume_24h": 207360816.08,
            "market_cap": 16074367666.797342
        },
        {
            "timestamp": "2024-06-03 16:20:00",
            "symbol": "ADA",
            "price": 0.451701420264415,
            "volume_24h": 319579779.44,
            "market_cap": 16129039884.828772
        },
        {
            "timestamp": "2024-06-04 16:20:00",
            "symbol": "ADA",
            "price": 0.460749108665131,
            "volume_24h": 307772361.85,
            "market_cap": 16452097894.314922
        },
        {
            "timestamp": "2024-06-05 16:20:00",
            "symbol": "ADA",
            "price": 0.4617823795642823,
            "volume_24h": 313884710.02,
            "market_cap": 16488986553.144377
        },
        {
            "timestamp": "2024-06-06 16:20:00",
            "symbol": "ADA",
            "price": 0.4594907909448716,
            "volume_24h": 253146669.82,
            "market_cap": 16408331102.145512
        },
        {
            "timestamp": "2024-06-07 16:20:00",
            "symbol": "ADA",
            "price": 0.4791992871740004,
            "volume_24h": 588884243.33,
            "market_cap": 17113846424.216425
        },
        {
            "timestamp": "2024-06-08 16:20:00",
            "symbol": "ADA",
            "price": 0.4349355751114073,
            "volume_24h": 658081446.62,
            "market_cap": 15534310345.859148
        },
        {
            "timestamp": "2024-06-09 16:20:00",
            "symbol": "ADA",
            "price": 0.440658184083745,
            "volume_24h": 352228923.95,
            "market_cap": 15738692879.992996
        },
        {
            "timestamp": "2024-06-10 16:20:00",
            "symbol": "ADA",
            "price": 0.446404943800833,
            "volume_24h": 444615628.12,
            "market_cap": 15943938805.893835
        },
        {
            "timestamp": "2024-06-11 16:20:00",
            "symbol": "ADA",
            "price": 0.4215451735727887,
            "volume_24h": 584025920.76,
            "market_cap": 15057156667.66353
        },
        {
            "timestamp": "2024-06-12 16:20:00",
            "symbol": "ADA",
            "price": 0.4419176370846391,
            "volume_24h": 412148853.37,
            "market_cap": 15786384426.214573
        },
        {
            "timestamp": "2024-06-13 16:20:00",
            "symbol": "ADA",
            "price": 0.4226853913356206,
            "volume_24h": 477328207.7,
            "market_cap": 15100613612.18969
        },
        {
            "timestamp": "2024-06-14 16:20:00",
            "symbol": "ADA",
            "price": 0.4044211818328727,
            "volume_24h": 331085106.37,
            "market_cap": 14448108641.122185
        },
        {
            "timestamp": "2024-06-15 16:20:00",
            "symbol": "ADA",
            "price": 0.4116946104903425,
            "volume_24h": 270387008.78,
            "market_cap": 14707949709.680714
        },
        {
            "timestamp": "2024-06-16 16:20:00",
            "symbol": "ADA",
            "price": 0.415553098497793,
            "volume_24h": 177959393.87,
            "market_cap": 14846844377.044966
        },
        {
            "timestamp": "2024-06-17 16:20:00",
            "symbol": "ADA",
            "price": 0.3976440545437514,
            "volume_24h": 277799157.81,
            "market_cap": 14208337173.369743
        },
        {
            "timestamp": "2024-06-18 16:20:00",
            "symbol": "ADA",
            "price": 0.3717981157219445,
            "volume_24h": 620061875.61,
            "market_cap": 13285993284.12708
        },
        {
            "timestamp": "2024-06-19 16:20:00",
            "symbol": "ADA",
            "price": 0.3826624038026915,
            "volume_24h": 348067540.18,
            "market_cap": 13674208462.669771
        },
        {
            "timestamp": "2024-06-20 16:20:00",
            "symbol": "ADA",
            "price": 0.379485277677824,
            "volume_24h": 279446676.53,
            "market_cap": 13560667578.316769
        },
        {
            "timestamp": "2024-06-21 16:20:00",
            "symbol": "ADA",
            "price": 0.3813870345105014,
            "volume_24h": 274242097.13,
            "market_cap": 13629595172.144978
        },
        {
            "timestamp": "2024-06-22 16:20:00",
            "symbol": "ADA",
            "price": 0.3865213658356518,
            "volume_24h": 265044316.77,
            "market_cap": 13814415804.306614
        },
        {
            "timestamp": "2024-06-23 16:20:00",
            "symbol": "ADA",
            "price": 0.3872927360234496,
            "volume_24h": 180890442.78,
            "market_cap": 13843093010.813534
        },
        {
            "timestamp": "2024-06-24 16:20:00",
            "symbol": "ADA",
            "price": 0.3705574073850476,
            "volume_24h": 322162545.24,
            "market_cap": 13244902294.124178
        },
        {
            "timestamp": "2024-06-25 16:20:00",
            "symbol": "ADA",
            "price": 0.3943359555407954,
            "volume_24h": 333233208.93,
            "market_cap": 14094812483.159723
        },
        {
            "timestamp": "2024-06-26 16:20:00",
            "symbol": "ADA",
            "price": 0.3879918656305776,
            "volume_24h": 246773666.63,
            "market_cap": 13869056017.373438
        },
        {
            "timestamp": "2024-06-27 16:20:00",
            "symbol": "ADA",
            "price": 0.3867537610512313,
            "volume_24h": 264755227.35,
            "market_cap": 13826130879.69394
        },
        {
            "timestamp": "2024-06-28 16:20:00",
            "symbol": "ADA",
            "price": 0.3936174841656653,
            "volume_24h": 272930530.25,
            "market_cap": 14072669693.499004
        },
        {
            "timestamp": "2024-06-29 16:20:00",
            "symbol": "ADA",
            "price": 0.3890863866805477,
            "volume_24h": 267037204.47,
            "market_cap": 13910658453.577816
        },
        {
            "timestamp": "2024-06-30 16:20:00",
            "symbol": "ADA",
            "price": 0.3853804836571885,
            "volume_24h": 174645724.73,
            "market_cap": 13778157841.206596
        },
        {
            "timestamp": "2024-07-01 16:20:00",
            "symbol": "ADA",
            "price": 0.4040829973621728,
            "volume_24h": 249653696.03,
            "market_cap": 14447852616.479525
        },
        {
            "timestamp": "2024-07-02 16:20:00",
            "symbol": "ADA",
            "price": 0.4126933361144601,
            "volume_24h": 269945381.78,
            "market_cap": 14757119405.773624
        },
        {
            "timestamp": "2024-07-03 16:20:00",
            "symbol": "ADA",
            "price": 0.4070662614200115,
            "volume_24h": 324575905.49,
            "market_cap": 14557092777.9218
        },
        {
            "timestamp": "2024-07-04 16:20:00",
            "symbol": "ADA",
            "price": 0.3825986471481698,
            "volume_24h": 598164757.14,
            "market_cap": 13682097893.467373
        },
        {
            "timestamp": "2024-07-05 16:20:00",
            "symbol": "ADA",
            "price": 0.3514454012028617,
            "volume_24h": 784075861.27,
            "market_cap": 12568019290.959202
        },
        {
            "timestamp": "2024-07-06 16:20:00",
            "symbol": "ADA",
            "price": 0.3610985850606493,
            "volume_24h": 301738525.52,
            "market_cap": 12914172124.939585
        },
        {
            "timestamp": "2024-07-07 16:20:00",
            "symbol": "ADA",
            "price": 0.3582236721787663,
            "volume_24h": 269140135.84,
            "market_cap": 12812563569.280472
        },
        {
            "timestamp": "2024-07-08 16:20:00",
            "symbol": "ADA",
            "price": 0.3617228613455395,
            "volume_24h": 488100267.58,
            "market_cap": 12938824363.541435
        },
        {
            "timestamp": "2024-07-09 16:20:00",
            "symbol": "ADA",
            "price": 0.3741606619700254,
            "volume_24h": 296117275.2,
            "market_cap": 13421929713.396832
        },
        {
            "timestamp": "2024-07-10 16:20:00",
            "symbol": "ADA",
            "price": 0.3868410019089288,
            "volume_24h": 258838841.1,
            "market_cap": 13876796741.323051
        },
        {
            "timestamp": "2024-07-11 16:20:00",
            "symbol": "ADA",
            "price": 0.3951384688979937,
            "volume_24h": 294354163.05,
            "market_cap": 14175431493.538437
        },
        {
            "timestamp": "2024-07-12 16:20:00",
            "symbol": "ADA",
            "price": 0.4095527119764193,
            "volume_24h": 322405409.7,
            "market_cap": 14693944917.782215
        },
        {
            "timestamp": "2024-07-13 16:20:00",
            "symbol": "ADA",
            "price": 0.4370048388391906,
            "volume_24h": 331562132.3,
            "market_cap": 15680189382.547873
        },
        {
            "timestamp": "2024-07-14 16:20:00",
            "symbol": "ADA",
            "price": 0.4308187420836344,
            "volume_24h": 406611861.6,
            "market_cap": 15458216312.397614
        },
        {
            "timestamp": "2024-07-15 16:20:00",
            "symbol": "ADA",
            "price": 0.4355579794103822,
            "volume_24h": 419291021.71,
            "market_cap": 15628258164.958977
        },
        {
            "timestamp": "2024-07-16 16:20:00",
            "symbol": "ADA",
            "price": 0.4437532219544951,
            "volume_24h": 508823033.71,
            "market_cap": 15923470289.724289
        },
        {
            "timestamp": "2024-07-17 16:20:00",
            "symbol": "ADA",
            "price": 0.4439917014402459,
            "volume_24h": 400807123.65,
            "market_cap": 15933549312.70828
        },
        {
            "timestamp": "2024-07-18 16:20:00",
            "symbol": "ADA",
            "price": 0.4272421920280304,
            "volume_24h": 351795764.04,
            "market_cap": 15333696922.837725
        },
        {
            "timestamp": "2024-07-19 16:20:00",
            "symbol": "ADA",
            "price": 0.4355019693973904,
            "volume_24h": 329641649.17,
            "market_cap": 15630115177.353828
        },
        {
            "timestamp": "2024-07-20 16:20:00",
            "symbol": "ADA",
            "price": 0.4347441208942657,
            "volume_24h": 267979031.49,
            "market_cap": 15602923440.33325
        },
        {
            "timestamp": "2024-07-21 16:20:00",
            "symbol": "ADA",
            "price": 0.4310298538615196,
            "volume_24h": 241109787.17,
            "market_cap": 15470745246.79576
        },
        {
            "timestamp": "2024-07-22 16:20:00",
            "symbol": "ADA",
            "price": 0.4307112769260444,
            "volume_24h": 580310774.74,
            "market_cap": 15460791598.65852
        },
        {
            "timestamp": "2024-07-23 16:20:00",
            "symbol": "ADA",
            "price": 0.4139214284893315,
            "volume_24h": 367589155.14,
            "market_cap": 14859313534.683489
        },
        {
            "timestamp": "2024-07-24 16:20:00",
            "symbol": "ADA",
            "price": 0.4115626867585913,
            "volume_24h": 331217006.7,
            "market_cap": 14774626795.397305
        },
        {
            "timestamp": "2024-07-25 16:20:00",
            "symbol": "ADA",
            "price": 0.3926258643977314,
            "volume_24h": 371188013.3,
            "market_cap": 14094812172.828337
        },
        {
            "timestamp": "2024-07-26 16:20:00",
            "symbol": "ADA",
            "price": 0.4148947040318622,
            "volume_24h": 302474790.21,
            "market_cap": 14895293421.635357
        },
        {
            "timestamp": "2024-07-27 16:20:00",
            "symbol": "ADA",
            "price": 0.4238439477247888,
            "volume_24h": 221477648.12,
            "market_cap": 15218030659.654173
        },
        {
            "timestamp": "2024-07-28 16:20:00",
            "symbol": "ADA",
            "price": 0.4082991605489618,
            "volume_24h": 480398006.22,
            "market_cap": 14661116877.803003
        },
        {
            "timestamp": "2024-07-29 16:20:00",
            "symbol": "ADA",
            "price": 0.408800620437474,
            "volume_24h": 289708540.81,
            "market_cap": 14679110847.689283
        },
        {
            "timestamp": "2024-07-30 16:20:00",
            "symbol": "ADA",
            "price": 0.4035600474086536,
            "volume_24h": 278855577.39,
            "market_cap": 14490931503.67924
        },
        {
            "timestamp": "2024-07-31 16:20:00",
            "symbol": "ADA",
            "price": 0.40379945520077,
            "volume_24h": 265914381.94,
            "market_cap": 14500542791.533854
        },
        {
            "timestamp": "2024-08-01 16:20:00",
            "symbol": "ADA",
            "price": 0.3775476863751983,
            "volume_24h": 332063907.83,
            "market_cap": 13559155026.994093
        },
        {
            "timestamp": "2024-08-02 16:20:00",
            "symbol": "ADA",
            "price": 0.3659804521902491,
            "volume_24h": 408778037.45,
            "market_cap": 13144806062.947472
        },
        {
            "timestamp": "2024-08-03 16:20:00",
            "symbol": "ADA",
            "price": 0.3563239107237878,
            "volume_24h": 282227915.01,
            "market_cap": 12797969991.493086
        },
        {
            "timestamp": "2024-08-04 16:20:00",
            "symbol": "ADA",
            "price": 0.3473501753160897,
            "volume_24h": 297127094.92,
            "market_cap": 12475659500.659113
        },
        {
            "timestamp": "2024-08-05 16:20:00",
            "symbol": "ADA",
            "price": 0.3222576930521661,
            "volume_24h": 1184752969.23,
            "market_cap": 11575233332.61848
        },
        {
            "timestamp": "2024-08-06 16:20:00",
            "symbol": "ADA",
            "price": 0.3347084599055033,
            "volume_24h": 492359210.04,
            "market_cap": 12023604775.28682
        },
        {
            "timestamp": "2024-08-07 16:20:00",
            "symbol": "ADA",
            "price": 0.3227911100733588,
            "volume_24h": 322471221.08,
            "market_cap": 11596469074.293991
        },
        {
            "timestamp": "2024-08-08 16:20:00",
            "symbol": "ADA",
            "price": 0.343617461432514,
            "volume_24h": 341534281.39,
            "market_cap": 12344659462.582214
        },
        {
            "timestamp": "2024-08-09 16:20:00",
            "symbol": "ADA",
            "price": 0.343250489966634,
            "volume_24h": 299786552.66,
            "market_cap": 12331473798.468609
        },
        {
            "timestamp": "2024-08-10 16:20:00",
            "symbol": "ADA",
            "price": 0.3463984091492839,
            "volume_24h": 183526523.52,
            "market_cap": 12445439353.53206
        },
        {
            "timestamp": "2024-08-11 16:20:00",
            "symbol": "ADA",
            "price": 0.3410783260750097,
            "volume_24h": 169695779.0,
            "market_cap": 12255494187.11552
        },
        {
            "timestamp": "2024-08-12 16:20:00",
            "symbol": "ADA",
            "price": 0.3403386729022482,
            "volume_24h": 286793585.5,
            "market_cap": 12229923346.668236
        },
        {
            "timestamp": "2024-08-13 16:20:00",
            "symbol": "ADA",
            "price": 0.3386420981638597,
            "volume_24h": 207201647.29,
            "market_cap": 12168951679.40653
        },
        {
            "timestamp": "2024-08-14 16:20:00",
            "symbol": "ADA",
            "price": 0.3369460497386689,
            "volume_24h": 227236674.98,
            "market_cap": 12108001074.464678
        },
        {
            "timestamp": "2024-08-15 16:20:00",
            "symbol": "ADA",
            "price": 0.338352316637952,
            "volume_24h": 190786182.38,
            "market_cap": 12159344690.841434
        },
        {
            "timestamp": "2024-08-16 16:20:00",
            "symbol": "ADA",
            "price": 0.3252856632196273,
            "volume_24h": 405758692.94,
            "market_cap": 11690853047.2584
        },
        {
            "timestamp": "2024-08-17 16:20:00",
            "symbol": "ADA",
            "price": 0.3369495507651035,
            "volume_24h": 183099229.14,
            "market_cap": 12111079665.162416
        },
        {
            "timestamp": "2024-08-18 16:20:00",
            "symbol": "ADA",
            "price": 0.3387860749793813,
            "volume_24h": 151038065.57,
            "market_cap": 12177064325.22967
        },
        {
            "timestamp": "2024-08-19 16:20:00",
            "symbol": "ADA",
            "price": 0.3329043064762683,
            "volume_24h": 189816154.88,
            "market_cap": 11965651576.386292
        },
        {
            "timestamp": "2024-08-20 16:20:00",
            "symbol": "ADA",
            "price": 0.3415818028068671,
            "volume_24h": 228125728.09,
            "market_cap": 12278386758.58891
        },
        {
            "timestamp": "2024-08-21 16:20:00",
            "symbol": "ADA",
            "price": 0.3581325007593534,
            "volume_24h": 278897873.24,
            "market_cap": 12874532608.007183
        },
        {
            "timestamp": "2024-08-22 16:20:00",
            "symbol": "ADA",
            "price": 0.3717509860635812,
            "volume_24h": 348003104.84,
            "market_cap": 13365228054.6938
        },
        {
            "timestamp": "2024-08-23 16:20:00",
            "symbol": "ADA",
            "price": 0.3832504090325674,
            "volume_24h": 304896502.47,
            "market_cap": 13778621271.109083
        },
        {
            "timestamp": "2024-08-24 16:20:00",
            "symbol": "ADA",
            "price": 0.3976969262778261,
            "volume_24h": 285042847.7,
            "market_cap": 14297998845.314709
        },
        {
            "timestamp": "2024-08-25 16:20:00",
            "symbol": "ADA",
            "price": 0.3894525879069033,
            "volume_24h": 296993070.27,
            "market_cap": 14002552279.461271
        },
        {
            "timestamp": "2024-08-26 16:20:00",
            "symbol": "ADA",
            "price": 0.3723867920744541,
            "volume_24h": 262866437.07,
            "market_cap": 13390228989.394571
        },
        {
            "timestamp": "2024-08-27 16:20:00",
            "symbol": "ADA",
            "price": 0.3648403047165175,
            "volume_24h": 255585208.58,
            "market_cap": 13119929605.02773
        },
        {
            "timestamp": "2024-08-28 16:20:00",
            "symbol": "ADA",
            "price": 0.3441902742282713,
            "volume_24h": 354537626.86,
            "market_cap": 12377307116.269993
        },
        {
            "timestamp": "2024-08-29 16:20:00",
            "symbol": "ADA",
            "price": 0.3645508811779646,
            "volume_24h": 261943941.49,
            "market_cap": 13109484109.456545
        },
        {
            "timestamp": "2024-08-30 16:20:00",
            "symbol": "ADA",
            "price": 0.3411106212567242,
            "volume_24h": 332108818.33,
            "market_cap": 12266557289.56766
        },
        {
            "timestamp": "2024-08-31 16:20:00",
            "symbol": "ADA",
            "price": 0.3489015180481796,
            "volume_24h": 158252628.27,
            "market_cap": 12546722948.07869
        },
        {
            "timestamp": "2024-09-01 16:20:00",
            "symbol": "ADA",
            "price": 0.3406212261515402,
            "volume_24h": 164626393.53,
            "market_cap": 12248958326.882605
        },
        {
            "timestamp": "2024-09-02 16:20:00",
            "symbol": "ADA",
            "price": 0.3334041603403957,
            "volume_24h": 251505054.56,
            "market_cap": 11989427999.422188
        },
        {
            "timestamp": "2024-09-03 16:20:00",
            "symbol": "ADA",
            "price": 0.3217014499511746,
            "volume_24h": 227171525.17,
            "market_cap": 11568591008.46681
        },
        {
            "timestamp": "2024-09-04 16:20:00",
            "symbol": "ADA",
            "price": 0.3264433585215455,
            "volume_24h": 315690490.65,
            "market_cap": 11739113089.91372
        },
        {
            "timestamp": "2024-09-05 16:20:00",
            "symbol": "ADA",
            "price": 0.3263268364622549,
            "volume_24h": 290486937.05,
            "market_cap": 11734922881.73281
        },
        {
            "timestamp": "2024-09-06 16:20:00",
            "symbol": "ADA",
            "price": 0.3153911145818512,
            "volume_24h": 303011126.2,
            "market_cap": 11341667290.76195
        },
        {
            "timestamp": "2024-09-07 16:20:00",
            "symbol": "ADA",
            "price": 0.324404219569143,
            "volume_24h": 246778209.23,
            "market_cap": 11665784341.929035
        },
        {
            "timestamp": "2024-09-08 16:20:00",
            "symbol": "ADA",
            "price": 0.3330196275440169,
            "volume_24h": 190723790.34,
            "market_cap": 11975599952.792856
        },
        {
            "timestamp": "2024-09-09 16:20:00",
            "symbol": "ADA",
            "price": 0.3431133450704228,
            "volume_24h": 232703173.44,
            "market_cap": 12338576525.748014
        },
        {
            "timestamp": "2024-09-10 16:20:00",
            "symbol": "ADA",
            "price": 0.3425625501074541,
            "volume_24h": 222492825.02,
            "market_cap": 12318769584.694204
        },
        {
            "timestamp": "2024-09-11 16:20:00",
            "symbol": "ADA",
            "price": 0.3385637834914259,
            "volume_24h": 217526769.15,
            "market_cap": 12174971365.79851
        },
        {
            "timestamp": "2024-09-12 16:20:00",
            "symbol": "ADA",
            "price": 0.3555673550977995,
            "volume_24h": 290832699.45,
            "market_cap": 12786430734.810274
        },
        {
            "timestamp": "2024-09-13 16:20:00",
            "symbol": "ADA",
            "price": 0.3627065431545571,
            "volume_24h": 212228788.17,
            "market_cap": 13043160528.144108
        },
        {
            "timestamp": "2024-09-14 16:20:00",
            "symbol": "ADA",
            "price": 0.3554227343569039,
            "volume_24h": 183898513.21,
            "market_cap": 12781230079.970154
        },
        {
            "timestamp": "2024-09-15 16:20:00",
            "symbol": "ADA",
            "price": 0.3468287785428223,
            "volume_24h": 160502718.4,
            "market_cap": 12472185902.60311
        },
        {
            "timestamp": "2024-09-16 16:20:00",
            "symbol": "ADA",
            "price": 0.3303520629410715,
            "volume_24h": 231397502.72,
            "market_cap": 11879672614.309233
        },
        {
            "timestamp": "2024-09-17 16:20:00",
            "symbol": "ADA",
            "price": 0.3386761125436323,
            "volume_24h": 205250862.17,
            "market_cap": 12179010790.748386
        },
        {
            "timestamp": "2024-09-18 16:20:00",
            "symbol": "ADA",
            "price": 0.3300151499977146,
            "volume_24h": 203245172.19,
            "market_cap": 11867557008.216234
        },
        {
            "timestamp": "2024-09-19 16:20:00",
            "symbol": "ADA",
            "price": 0.3538848506226571,
            "volume_24h": 341180182.15,
            "market_cap": 12725926791.959562
        },
        {
            "timestamp": "2024-09-20 16:20:00",
            "symbol": "ADA",
            "price": 0.3545748630043889,
            "volume_24h": 268487717.74,
            "market_cap": 12750740080.915035
        },
        {
            "timestamp": "2024-09-21 16:20:00",
            "symbol": "ADA",
            "price": 0.3564605082056106,
            "volume_24h": 157824901.67,
            "market_cap": 12818549094.904009
        },
        {
            "timestamp": "2024-09-22 16:20:00",
            "symbol": "ADA",
            "price": 0.3461807580572841,
            "volume_24h": 159286157.73,
            "market_cap": 12448882669.237402
        },
        {
            "timestamp": "2024-09-23 16:20:00",
            "symbol": "ADA",
            "price": 0.3570793796728483,
            "volume_24h": 234519798.06,
            "market_cap": 12840804110.827526
        },
        {
            "timestamp": "2024-09-24 16:20:00",
            "symbol": "ADA",
            "price": 0.3741490019170493,
            "volume_24h": 291047996.8,
            "market_cap": 13454638703.24904
        },
        {
            "timestamp": "2024-09-25 16:20:00",
            "symbol": "ADA",
            "price": 0.3855341250670218,
            "volume_24h": 323427449.36,
            "market_cap": 13470541577.557598
        },
        {
            "timestamp": "2024-09-26 16:20:00",
            "symbol": "ADA",
            "price": 0.401689202769638,
            "volume_24h": 343851410.18,
            "market_cap": 14034999122.901829
        },
        {
            "timestamp": "2024-09-27 16:20:00",
            "symbol": "ADA",
            "price": 0.4051935952200214,
            "volume_24h": 332536905.95,
            "market_cap": 14161266455.656609
        },
        {
            "timestamp": "2024-09-28 16:20:00",
            "symbol": "ADA",
            "price": 0.402719929100309,
            "volume_24h": 232103208.96,
            "market_cap": 14074813349.149445
        },
        {
            "timestamp": "2024-09-29 16:20:00",
            "symbol": "ADA",
            "price": 0.4011541931523621,
            "volume_24h": 173114135.79,
            "market_cap": 14020091842.640842
        },
        {
            "timestamp": "2024-09-30 16:20:00",
            "symbol": "ADA",
            "price": 0.3808052653016532,
            "volume_24h": 268586296.6,
            "market_cap": 13308909354.121138
        },
        {
            "timestamp": "2024-10-01 16:20:00",
            "symbol": "ADA",
            "price": 0.3666983142178561,
            "volume_24h": 305934263.97,
            "market_cap": 12815880107.03719
        },
        {
            "timestamp": "2024-10-02 16:20:00",
            "symbol": "ADA",
            "price": 0.35292987916824,
            "volume_24h": 447168345.23,
            "market_cap": 12337163195.755957
        },
        {
            "timestamp": "2024-10-03 16:20:00",
            "symbol": "ADA",
            "price": 0.3385849237040559,
            "volume_24h": 338731696.44,
            "market_cap": 11835714984.528912
        },
        {
            "timestamp": "2024-10-04 16:20:00",
            "symbol": "ADA",
            "price": 0.3530223778013909,
            "volume_24h": 253528393.32,
            "market_cap": 12340396616.330196
        },
        {
            "timestamp": "2024-10-05 16:20:00",
            "symbol": "ADA",
            "price": 0.3515184587588684,
            "volume_24h": 165096313.58,
            "market_cap": 12287824998.69178
        },
        {
            "timestamp": "2024-10-06 16:20:00",
            "symbol": "ADA",
            "price": 0.3536301513827334,
            "volume_24h": 136854437.48,
            "market_cap": 12361642201.648058
        },
        {
            "timestamp": "2024-10-07 16:20:00",
            "symbol": "ADA",
            "price": 0.3584721567794932,
            "volume_24h": 230170826.22,
            "market_cap": 12532578571.702646
        },
        {
            "timestamp": "2024-10-08 16:20:00",
            "symbol": "ADA",
            "price": 0.3444510336324251,
            "volume_24h": 249114054.48,
            "market_cap": 12042384775.11096
        },
        {
            "timestamp": "2024-10-09 16:20:00",
            "symbol": "ADA",
            "price": 0.341075337124214,
            "volume_24h": 203584054.84,
            "market_cap": 11924366734.035038
        },
        {
            "timestamp": "2024-10-10 16:20:00",
            "symbol": "ADA",
            "price": 0.3372117256857741,
            "volume_24h": 217168817.52,
            "market_cap": 11789290653.488668
        },
        {
            "timestamp": "2024-10-11 16:20:00",
            "symbol": "ADA",
            "price": 0.349640513423594,
            "volume_24h": 205795021.42,
            "market_cap": 12223814663.036942
        },
        {
            "timestamp": "2024-10-12 16:20:00",
            "symbol": "ADA",
            "price": 0.3561032366839177,
            "volume_24h": 163221635.44,
            "market_cap": 12451929822.17251
        },
        {
            "timestamp": "2024-10-13 16:20:00",
            "symbol": "ADA",
            "price": 0.3453324093122938,
            "volume_24h": 177844849.48,
            "market_cap": 12075304246.378489
        },
        {
            "timestamp": "2024-10-14 16:20:00",
            "symbol": "ADA",
            "price": 0.3617002330602952,
            "volume_24h": 261017772.94,
            "market_cap": 12647641062.380829
        },
        {
            "timestamp": "2024-10-15 16:20:00",
            "symbol": "ADA",
            "price": 0.3573619238925815,
            "volume_24h": 376003829.35,
            "market_cap": 12495942577.957315
        },
        {
            "timestamp": "2024-10-16 16:20:00",
            "symbol": "ADA",
            "price": 0.353130372845725,
            "volume_24h": 310293872.59,
            "market_cap": 12347977125.115429
        },
        {
            "timestamp": "2024-10-17 16:20:00",
            "symbol": "ADA",
            "price": 0.3471653278993801,
            "volume_24h": 270325695.6,
            "market_cap": 12141846310.94834
        },
        {
            "timestamp": "2024-10-18 16:20:00",
            "symbol": "ADA",
            "price": 0.3486990181550904,
            "volume_24h": 224206372.8,
            "market_cap": 12195485974.465752
        },
        {
            "timestamp": "2024-10-19 16:20:00",
            "symbol": "ADA",
            "price": 0.3505798731923926,
            "volume_24h": 174089927.1,
            "market_cap": 12261267465.187412
        },
        {
            "timestamp": "2024-10-20 16:20:00",
            "symbol": "ADA",
            "price": 0.3615859171607406,
            "volume_24h": 180271811.31,
            "market_cap": 12646195577.576426
        },
        {
            "timestamp": "2024-10-21 16:20:00",
            "symbol": "ADA",
            "price": 0.3557165511001131,
            "volume_24h": 294415346.62,
            "market_cap": 12440918912.76072
        },
        {
            "timestamp": "2024-10-22 16:20:00",
            "symbol": "ADA",
            "price": 0.3629139232667942,
            "volume_24h": 297044188.41,
            "market_cap": 12695082767.971855
        },
        {
            "timestamp": "2024-10-23 16:20:00",
            "symbol": "ADA",
            "price": 0.3484963867379889,
            "volume_24h": 280255543.61,
            "market_cap": 12190743287.425428
        },
        {
            "timestamp": "2024-10-24 16:20:00",
            "symbol": "ADA",
            "price": 0.3421304208801444,
            "volume_24h": 290991738.49,
            "market_cap": 11968055596.812887
        },
        {
            "timestamp": "2024-10-25 16:20:00",
            "symbol": "ADA",
            "price": 0.3433809531380761,
            "volume_24h": 257634936.34,
            "market_cap": 12011800434.08878
        },
        {
            "timestamp": "2024-10-26 16:20:00",
            "symbol": "ADA",
            "price": 0.3256686075956946,
            "volume_24h": 434510884.49,
            "market_cap": 11392205322.798037
        },
        {
            "timestamp": "2024-10-27 16:20:00",
            "symbol": "ADA",
            "price": 0.3410541983521995,
            "volume_24h": 157518736.61,
            "market_cap": 11932427144.96142
        },
        {
            "timestamp": "2024-10-28 16:20:00",
            "symbol": "ADA",
            "price": 0.3349028426106746,
            "volume_24h": 220416984.43,
            "market_cap": 11717210312.61301
        },
        {
            "timestamp": "2024-10-29 16:20:00",
            "symbol": "ADA",
            "price": 0.3512150119580246,
            "volume_24h": 289087577.59,
            "market_cap": 12287922455.29868
        },
        {
            "timestamp": "2024-10-30 16:20:00",
            "symbol": "ADA",
            "price": 0.3548672285404079,
            "volume_24h": 326149603.71,
            "market_cap": 12415702170.362925
        },
        {
            "timestamp": "2024-10-31 16:20:00",
            "symbol": "ADA",
            "price": 0.3456632080520581,
            "volume_24h": 268213749.48,
            "market_cap": 12093682079.572102
        },
        {
            "timestamp": "2024-11-01 16:20:00",
            "symbol": "ADA",
            "price": 0.3581790650213677,
            "volume_24h": 334820894.36,
            "market_cap": 12534491377.96763
        },
        {
            "timestamp": "2024-11-02 16:20:00",
            "symbol": "ADA",
            "price": 0.3529447078039306,
            "volume_24h": 291505954.34,
            "market_cap": 12351314827.972298
        },
        {
            "timestamp": "2024-11-03 16:20:00",
            "symbol": "ADA",
            "price": 0.3339197931826113,
            "volume_24h": 263009699.6,
            "market_cap": 11685537144.19485
        },
        {
            "timestamp": "2024-11-04 16:20:00",
            "symbol": "ADA",
            "price": 0.3273303314030251,
            "volume_24h": 247685603.73,
            "market_cap": 11454938653.30666
        },
        {
            "timestamp": "2024-11-05 16:20:00",
            "symbol": "ADA",
            "price": 0.3350148782833404,
            "volume_24h": 246928876.1,
            "market_cap": 11723859693.147877
        },
        {
            "timestamp": "2024-11-06 16:20:00",
            "symbol": "ADA",
            "price": 0.3536301707385652,
            "volume_24h": 594596966.81,
            "market_cap": 12378114088.925882
        },
        {
            "timestamp": "2024-11-07 16:20:00",
            "symbol": "ADA",
            "price": 0.389831118801433,
            "volume_24h": 470240162.21,
            "market_cap": 13645255589.645666
        },
        {
            "timestamp": "2024-11-08 16:20:00",
            "symbol": "ADA",
            "price": 0.4538978260134072,
            "volume_24h": 1335147608.67,
            "market_cap": 15887782039.001995
        },
        {
            "timestamp": "2024-11-09 16:20:00",
            "symbol": "ADA",
            "price": 0.4369915482132462,
            "volume_24h": 761142273.93,
            "market_cap": 15296011729.94605
        },
        {
            "timestamp": "2024-11-10 16:20:00",
            "symbol": "ADA",
            "price": 0.6085775435753792,
            "volume_24h": 4182265292.75,
            "market_cap": 21302034977.95837
        },
        {
            "timestamp": "2024-11-11 16:20:00",
            "symbol": "ADA",
            "price": 0.6027554972997603,
            "volume_24h": 3768892319.17,
            "market_cap": 21107610573.79107
        },
        {
            "timestamp": "2024-11-12 16:20:00",
            "symbol": "ADA",
            "price": 0.5606187776000495,
            "volume_24h": 3226725073.29,
            "market_cap": 19632044653.176712
        },
        {
            "timestamp": "2024-11-13 16:20:00",
            "symbol": "ADA",
            "price": 0.5916782599254599,
            "volume_24h": 2152613184.27,
            "market_cap": 20719702020.857708
        },
        {
            "timestamp": "2024-11-14 16:20:00",
            "symbol": "ADA",
            "price": 0.553268665864559,
            "volume_24h": 1535506366.71,
            "market_cap": 19374654555.729904
        },
        {
            "timestamp": "2024-11-15 16:20:00",
            "symbol": "ADA",
            "price": 0.6626365580638652,
            "volume_24h": 3409358155.03,
            "market_cap": 23204557208.06733
        },
        {
            "timestamp": "2024-11-16 16:20:00",
            "symbol": "ADA",
            "price": 0.7521786732093559,
            "volume_24h": 5639229434.62,
            "market_cap": 26351659741.391567
        },
        {
            "timestamp": "2024-11-17 16:20:00",
            "symbol": "ADA",
            "price": 0.726811411911841,
            "volume_24h": 2829180996.39,
            "market_cap": 25462948771.389057
        },
        {
            "timestamp": "2024-11-18 16:20:00",
            "symbol": "ADA",
            "price": 0.7553388608922701,
            "volume_24h": 2276059859.96,
            "market_cap": 26462373051.28079
        },
        {
            "timestamp": "2024-11-19 16:20:00",
            "symbol": "ADA",
            "price": 0.7296552476606738,
            "volume_24h": 1483372020.7,
            "market_cap": 25562579078.23344
        },
        {
            "timestamp": "2024-11-20 16:20:00",
            "symbol": "ADA",
            "price": 0.8323215621597497,
            "volume_24h": 3522150434.47,
            "market_cap": 29159367823.969837
        },
        {
            "timestamp": "2024-11-21 16:20:00",
            "symbol": "ADA",
            "price": 0.7840433662326142,
            "volume_24h": 2605118003.86,
            "market_cap": 27483017575.069
        },
        {
            "timestamp": "2024-11-22 16:20:00",
            "symbol": "ADA",
            "price": 0.9427074548904852,
            "volume_24h": 4430864295.84,
            "market_cap": 33044658837.42598
        },
        {
            "timestamp": "2024-11-23 16:20:00",
            "symbol": "ADA",
            "price": 1.0936745383716249,
            "volume_24h": 7593392559.29,
            "market_cap": 38336497512.76032
        },
        {
            "timestamp": "2024-11-24 16:20:00",
            "symbol": "ADA",
            "price": 0.976889270011772,
            "volume_24h": 4289584777.53,
            "market_cap": 34242831625.03601
        },
        {
            "timestamp": "2024-11-25 16:20:00",
            "symbol": "ADA",
            "price": 1.0024338411819955,
            "volume_24h": 3219462396.69,
            "market_cap": 35138243701.27386
        },
        {
            "timestamp": "2024-11-26 16:20:00",
            "symbol": "ADA",
            "price": 0.917115577116587,
            "volume_24h": 3061958954.53,
            "market_cap": 32166708302.80197
        },
        {
            "timestamp": "2024-11-27 16:20:00",
            "symbol": "ADA",
            "price": 1.029824991053411,
            "volume_24h": 2690819144.06,
            "market_cap": 36119853284.24927
        },
        {
            "timestamp": "2024-11-28 16:20:00",
            "symbol": "ADA",
            "price": 0.9869956939203364,
            "volume_24h": 1781404457.12,
            "market_cap": 34617668017.67135
        },
        {
            "timestamp": "2024-11-29 16:20:00",
            "symbol": "ADA",
            "price": 1.0606837437194052,
            "volume_24h": 2061977730.58,
            "market_cap": 37202186329.68304
        },
        {
            "timestamp": "2024-11-30 16:20:00",
            "symbol": "ADA",
            "price": 1.086441822271168,
            "volume_24h": 2591768394.06,
            "market_cap": 38105619462.74593
        },
        {
            "timestamp": "2024-12-01 16:20:00",
            "symbol": "ADA",
            "price": 1.069544444252466,
            "volume_24h": 1353959378.05,
            "market_cap": 37525912514.854126
        },
        {
            "timestamp": "2024-12-02 16:20:00",
            "symbol": "ADA",
            "price": 1.2194429004917022,
            "volume_24h": 5230561643.55,
            "market_cap": 42785232391.81052
        },
        {
            "timestamp": "2024-12-03 16:20:00",
            "symbol": "ADA",
            "price": 1.207916177694914,
            "volume_24h": 6424718418.57,
            "market_cap": 42380807130.58861
        },
        {
            "timestamp": "2024-12-04 16:20:00",
            "symbol": "ADA",
            "price": 1.1726823233510957,
            "volume_24h": 2817577509.89,
            "market_cap": 41144596197.25862
        },
        {
            "timestamp": "2024-12-05 16:20:00",
            "symbol": "ADA",
            "price": 1.2110627591467396,
            "volume_24h": 3281296826.98,
            "market_cap": 42491207723.024574
        },
        {
            "timestamp": "2024-12-06 16:20:00",
            "symbol": "ADA",
            "price": 1.206108514783735,
            "volume_24h": 2579972352.17,
            "market_cap": 42337081062.39986
        },
        {
            "timestamp": "2024-12-07 16:20:00",
            "symbol": "ADA",
            "price": 1.2240753243141491,
            "volume_24h": 1616883438.12,
            "market_cap": 42967755883.27885
        },
        {
            "timestamp": "2024-12-08 16:20:00",
            "symbol": "ADA",
            "price": 1.194541225458053,
            "volume_24h": 1670992683.5,
            "market_cap": 41931043579.16276
        },
        {
            "timestamp": "2024-12-09 16:20:00",
            "symbol": "ADA",
            "price": 1.1203543777439775,
            "volume_24h": 1965713785.01,
            "market_cap": 39326920859.74235
        },
        {
            "timestamp": "2024-12-10 16:20:00",
            "symbol": "ADA",
            "price": 0.9438908089626692,
            "volume_24h": 3994236540.5,
            "market_cap": 33132658631.69215
        },
        {
            "timestamp": "2024-12-11 16:20:00",
            "symbol": "ADA",
            "price": 1.0907276993505488,
            "volume_24h": 2785378614.18,
            "market_cap": 38298425809.53731
        },
        {
            "timestamp": "2024-12-12 16:20:00",
            "symbol": "ADA",
            "price": 1.1492277516373692,
            "volume_24h": 2125465487.53,
            "market_cap": 40352522275.314125
        },
        {
            "timestamp": "2024-12-13 16:20:00",
            "symbol": "ADA",
            "price": 1.0973153516037326,
            "volume_24h": 1533605612.35,
            "market_cap": 38529736255.97395
        },
        {
            "timestamp": "2024-12-14 16:20:00",
            "symbol": "ADA",
            "price": 1.068754937548493,
            "volume_24h": 1068842271.03,
            "market_cap": 37526902185.256256
        },
        {
            "timestamp": "2024-12-15 16:20:00",
            "symbol": "ADA",
            "price": 1.0873316553842276,
            "volume_24h": 976137704.79,
            "market_cap": 38179181439.0427
        },
        {
            "timestamp": "2024-12-16 16:20:00",
            "symbol": "ADA",
            "price": 1.0851710691456553,
            "volume_24h": 1650232005.53,
            "market_cap": 38110467110.40807
        },
        {
            "timestamp": "2024-12-17 16:20:00",
            "symbol": "ADA",
            "price": 1.0792410509385717,
            "volume_24h": 1682125695.24,
            "market_cap": 37902208919.35335
        },
        {
            "timestamp": "2024-12-18 16:20:00",
            "symbol": "ADA",
            "price": 1.0184265444637255,
            "volume_24h": 1461331278.65,
            "market_cap": 35766444969.55511
        },
        {
            "timestamp": "2024-12-19 16:20:00",
            "symbol": "ADA",
            "price": 0.9389879845245972,
            "volume_24h": 2292336431.63,
            "market_cap": 32976616976.590076
        },
        {
            "timestamp": "2024-12-20 16:20:00",
            "symbol": "ADA",
            "price": 0.884857494341623,
            "volume_24h": 3154681638.79,
            "market_cap": 31075591115.83557
        },
        {
            "timestamp": "2024-12-21 16:20:00",
            "symbol": "ADA",
            "price": 0.920386958019466,
            "volume_24h": 1785429639.08,
            "market_cap": 32329668396.23937
        },
        {
            "timestamp": "2024-12-22 16:20:00",
            "symbol": "ADA",
            "price": 0.8885785892443981,
            "volume_24h": 1168429489.55,
            "market_cap": 31212362239.55924
        },
        {
            "timestamp": "2024-12-23 16:20:00",
            "symbol": "ADA",
            "price": 0.8685222030394275,
            "volume_24h": 1186670751.81,
            "market_cap": 30507858215.91585
        },
        {
            "timestamp": "2024-12-24 16:20:00",
            "symbol": "ADA",
            "price": 0.9408148840464764,
            "volume_24h": 1145447659.33,
            "market_cap": 33047223190.6894
        },
        {
            "timestamp": "2024-12-25 16:20:00",
            "symbol": "ADA",
            "price": 0.9115055502994256,
            "volume_24h": 810663015.63,
            "market_cap": 32017698562.27021
        },
        {
            "timestamp": "2024-12-26 16:20:00",
            "symbol": "ADA",
            "price": 0.8712371196490355,
            "volume_24h": 701986820.1,
            "market_cap": 30608207910.521214
        },
        {
            "timestamp": "2024-12-27 16:20:00",
            "symbol": "ADA",
            "price": 0.8702886125109661,
            "volume_24h": 905979206.41,
            "market_cap": 30574885060.711582
        },
        {
            "timestamp": "2024-12-28 16:20:00",
            "symbol": "ADA",
            "price": 0.8744437108660893,
            "volume_24h": 595248502.77,
            "market_cap": 30720861525.067818
        },
        {
            "timestamp": "2024-12-29 16:20:00",
            "symbol": "ADA",
            "price": 0.8753492954840603,
            "volume_24h": 575672029.27,
            "market_cap": 30752676425.5608
        },
        {
            "timestamp": "2024-12-30 16:20:00",
            "symbol": "ADA",
            "price": 0.838814030118968,
            "volume_24h": 845012068.8,
            "market_cap": 29469123448.83353
        },
        {
            "timestamp": "2024-12-31 16:20:00",
            "symbol": "ADA",
            "price": 0.8698125545873426,
            "volume_24h": 859815063.09,
            "market_cap": 30565022917.50013
        },
        {
            "timestamp": "2025-01-01 16:20:00",
            "symbol": "ADA",
            "price": 0.8885683518617187,
            "volume_24h": 580906311.4,
            "market_cap": 31224097531.339497
        },
        {
            "timestamp": "2025-01-02 16:20:00",
            "symbol": "ADA",
            "price": 0.9585765650838908,
            "volume_24h": 1558009452.59,
            "market_cap": 33684170831.34388
        },
        {
            "timestamp": "2025-01-03 16:20:00",
            "symbol": "ADA",
            "price": 1.1015947251071447,
            "volume_24h": 2074086786.75,
            "market_cap": 38709797692.75808
        },
        {
            "timestamp": "2025-01-04 16:20:00",
            "symbol": "ADA",
            "price": 1.0712102238376646,
            "volume_24h": 1645840004.1,
            "market_cap": 37642092964.03171
        },
        {
            "timestamp": "2025-01-05 16:20:00",
            "symbol": "ADA",
            "price": 1.0864754741431926,
            "volume_24h": 1129090870.82,
            "market_cap": 38190866505.214005
        },
        {
            "timestamp": "2025-01-06 16:20:00",
            "symbol": "ADA",
            "price": 1.1120048230916844,
            "volume_24h": 1239708432.87,
            "market_cap": 39088252576.83772
        },
        {
            "timestamp": "2025-01-07 16:20:00",
            "symbol": "ADA",
            "price": 1.0438730865299894,
            "volume_24h": 1925021642.46,
            "market_cap": 36693343425.43873
        },
        {
            "timestamp": "2025-01-08 16:20:00",
            "symbol": "ADA",
            "price": 0.969057728572,
            "volume_24h": 1816325561.01,
            "market_cap": 34063497270.313465
        },
        {
            "timestamp": "2025-01-09 16:20:00",
            "symbol": "ADA",
            "price": 0.926945417955514,
            "volume_24h": 1868732549.24,
            "market_cap": 32583200962.429794
        },
        {
            "timestamp": "2025-01-10 16:20:00",
            "symbol": "ADA",
            "price": 0.926881435622542,
            "volume_24h": 1348543874.12,
            "market_cap": 32587493576.198597
        },
        {
            "timestamp": "2025-01-11 16:20:00",
            "symbol": "ADA",
            "price": 0.9354188601016332,
            "volume_24h": 663447619.67,
            "market_cap": 32887654151.94991
        },
        {
            "timestamp": "2025-01-12 16:20:00",
            "symbol": "ADA",
            "price": 0.9906524512586804,
            "volume_24h": 1397458631.51,
            "market_cap": 34829568433.37225
        },
        {
            "timestamp": "2025-01-13 16:20:00",
            "symbol": "ADA",
            "price": 0.9248206484456444,
            "volume_24h": 1363654104.08,
            "market_cap": 32515039984.71636
        },
        {
            "timestamp": "2025-01-14 16:20:00",
            "symbol": "ADA",
            "price": 0.9746888792894368,
            "volume_24h": 1139233025.62,
            "market_cap": 34268317793.314373
        },
        {
            "timestamp": "2025-01-15 16:20:00",
            "symbol": "ADA",
            "price": 1.0744322413004714,
            "volume_24h": 2040284706.11,
            "market_cap": 37781642952.53844
        },
        {
            "timestamp": "2025-01-16 16:20:00",
            "symbol": "ADA",
            "price": 1.131755999088216,
            "volume_24h": 2127979329.07,
            "market_cap": 39797391983.68529
        },
        {
            "timestamp": "2025-01-17 16:20:00",
            "symbol": "ADA",
            "price": 1.1183653700714058,
            "volume_24h": 1814851683.92,
            "market_cap": 39326520071.08271
        },
        {
            "timestamp": "2025-01-18 16:20:00",
            "symbol": "ADA",
            "price": 1.0604511679683144,
            "volume_24h": 1864678806.29,
            "market_cap": 37290008486.98158
        },
        {
            "timestamp": "2025-01-19 16:20:00",
            "symbol": "ADA",
            "price": 1.0736575806865998,
            "volume_24h": 2315850234.22,
            "market_cap": 37754402564.92008
        },
        {
            "timestamp": "2025-01-20 16:20:00",
            "symbol": "ADA",
            "price": 1.038210029263809,
            "volume_24h": 3062519937.67,
            "market_cap": 36515241665.836365
        },
        {
            "timestamp": "2025-01-21 16:20:00",
            "symbol": "ADA",
            "price": 1.010498067193002,
            "volume_24h": 2129394336.87,
            "market_cap": 35540574726.07703
        },
        {
            "timestamp": "2025-01-22 16:20:00",
            "symbol": "ADA",
            "price": 0.988477317516811,
            "volume_24h": 1075823845.59,
            "market_cap": 34766075372.93633
        },
        {
            "timestamp": "2025-01-23 16:20:00",
            "symbol": "ADA",
            "price": 1.0062597599659886,
            "volume_24h": 1033637348.54,
            "market_cap": 35391507766.32304
        },
        {
            "timestamp": "2025-01-24 16:20:00",
            "symbol": "ADA",
            "price": 0.9922976115469,
            "volume_24h": 1080232949.63,
            "market_cap": 34900440246.9129
        },
        {
            "timestamp": "2025-01-25 16:20:00",
            "symbol": "ADA",
            "price": 0.98986447560857,
            "volume_24h": 612621656.64,
            "market_cap": 34823656093.39819
        },
        {
            "timestamp": "2025-01-26 16:20:00",
            "symbol": "ADA",
            "price": 0.9898983031908,
            "volume_24h": 483366296.99,
            "market_cap": 34824846155.390594
        },
        {
            "timestamp": "2025-01-27 16:20:00",
            "symbol": "ADA",
            "price": 0.9229102018982128,
            "volume_24h": 1319127444.24,
            "market_cap": 32468189603.665585
        },
        {
            "timestamp": "2025-01-28 16:20:00",
            "symbol": "ADA",
            "price": 0.9494747770867036,
            "volume_24h": 807006283.65,
            "market_cap": 33402737365.93625
        },
        {
            "timestamp": "2025-01-29 16:20:00",
            "symbol": "ADA",
            "price": 0.9170494551312426,
            "volume_24h": 668203770.18,
            "market_cap": 32262007207.092567
        },
        {
            "timestamp": "2025-01-30 16:20:00",
            "symbol": "ADA",
            "price": 0.9733496431357334,
            "volume_24h": 855094766.97,
            "market_cap": 34248128717.43493
        },
        {
            "timestamp": "2025-01-31 16:20:00",
            "symbol": "ADA",
            "price": 0.9737871605208512,
            "volume_24h": 635435679.71,
            "market_cap": 34263523135.90244
        },
        {
            "timestamp": "2025-02-01 16:20:00",
            "symbol": "ADA",
            "price": 0.9264966977544348,
            "volume_24h": 580968333.07,
            "market_cap": 32599568289.508724
        },
        {
            "timestamp": "2025-02-02 16:20:00",
            "symbol": "ADA",
            "price": 0.862286068182395,
            "volume_24h": 835275531.28,
            "market_cap": 30340263093.14971
        },
        {
            "timestamp": "2025-02-03 16:20:00",
            "symbol": "ADA",
            "price": 0.7646393997875618,
            "volume_24h": 4826833964.82,
            "market_cap": 26904482650.22353
        },
        {
            "timestamp": "2025-02-04 16:20:00",
            "symbol": "ADA",
            "price": 0.7650952496230078,
            "volume_24h": 1830010464.24,
            "market_cap": 26926380260.127693
        },
        {
            "timestamp": "2025-02-05 16:20:00",
            "symbol": "ADA",
            "price": 0.7507552829207883,
            "volume_24h": 1066998623.5,
            "market_cap": 26421706630.887688
        },
        {
            "timestamp": "2025-02-06 16:20:00",
            "symbol": "ADA",
            "price": 0.7127186092292108,
            "volume_24h": 819830107.05,
            "market_cap": 25083062925.86603
        },
        {
            "timestamp": "2025-02-07 16:20:00",
            "symbol": "ADA",
            "price": 0.7312264522243317,
            "volume_24h": 947785827.7,
            "market_cap": 25734418712.648037
        },
        {
            "timestamp": "2025-02-08 16:20:00",
            "symbol": "ADA",
            "price": 0.6848417536004237,
            "volume_24h": 699331150.15,
            "market_cap": 24101978785.70536
        },
        {
            "timestamp": "2025-02-09 16:20:00",
            "symbol": "ADA",
            "price": 0.6963762426267661,
            "volume_24h": 549796202.17,
            "market_cap": 24510495859.09248
        },
        {
            "timestamp": "2025-02-10 16:20:00",
            "symbol": "ADA",
            "price": 0.7034727917860839,
            "volume_24h": 810055074.85,
            "market_cap": 24760274539.25996
        },
        {
            "timestamp": "2025-02-11 16:20:00",
            "symbol": "ADA",
            "price": 0.7976083694271587,
            "volume_24h": 1537388675.85,
            "market_cap": 28073583559.19659
        },
        {
            "timestamp": "2025-02-12 16:20:00",
            "symbol": "ADA",
            "price": 0.7652821193825787,
            "volume_24h": 1432586390.71,
            "market_cap": 26935789979.58085
        },
        {
            "timestamp": "2025-02-13 16:20:00",
            "symbol": "ADA",
            "price": 0.7904779379658733,
            "volume_24h": 801472718.6,
            "market_cap": 27822612316.77433
        },
        {
            "timestamp": "2025-02-14 16:20:00",
            "symbol": "ADA",
            "price": 0.8029858665432005,
            "volume_24h": 826036430.18,
            "market_cap": 28266060886.725624
        },
        {
            "timestamp": "2025-02-15 16:20:00",
            "symbol": "ADA",
            "price": 0.7872320555333684,
            "volume_24h": 635476576.26,
            "market_cap": 27711507936.59854
        },
        {
            "timestamp": "2025-02-16 16:20:00",
            "symbol": "ADA",
            "price": 0.7718231316934507,
            "volume_24h": 444290562.26,
            "market_cap": 27169095426.484207
        },
        {
            "timestamp": "2025-02-17 16:20:00",
            "symbol": "ADA",
            "price": 0.8067691988089998,
            "volume_24h": 894666262.02,
            "market_cap": 28399238697.98669
        },
        {
            "timestamp": "2025-02-18 16:20:00",
            "symbol": "ADA",
            "price": 0.7552274268981366,
            "volume_24h": 875525350.27,
            "market_cap": 26584906810.286148
        },
        {
            "timestamp": "2025-02-19 16:20:00",
            "symbol": "ADA",
            "price": 0.7666903787691463,
            "volume_24h": 825892630.45,
            "market_cap": 26991171201.43085
        },
        {
            "timestamp": "2025-02-20 16:20:00",
            "symbol": "ADA",
            "price": 0.7921965801917014,
            "volume_24h": 663466292.32,
            "market_cap": 27889111580.439644
        },
        {
            "timestamp": "2025-02-21 16:20:00",
            "symbol": "ADA",
            "price": 0.8082092821073803,
            "volume_24h": 753337003.33,
            "market_cap": 28452835334.867645
        },
        {
            "timestamp": "2025-02-22 16:20:00",
            "symbol": "ADA",
            "price": 0.7757596306292841,
            "volume_24h": 803053998.88,
            "market_cap": 27310452278.126846
        },
        {
            "timestamp": "2025-02-23 16:20:00",
            "symbol": "ADA",
            "price": 0.763244660515429,
            "volume_24h": 500845882.39,
            "market_cap": 26869865425.49652
        },
        {
            "timestamp": "2025-02-24 16:20:00",
            "symbol": "ADA",
            "price": 0.721403745445333,
            "volume_24h": 678575465.46,
            "market_cap": 25398880235.72348
        },
        {
            "timestamp": "2025-02-25 16:20:00",
            "symbol": "ADA",
            "price": 0.6494382208792864,
            "volume_24h": 1416866594.62,
            "market_cap": 22865148256.79443
        },
        {
            "timestamp": "2025-02-26 16:20:00",
            "symbol": "ADA",
            "price": 0.6681816157113478,
            "volume_24h": 837834431.7,
            "market_cap": 23525057833.86008
        },
        {
            "timestamp": "2025-02-27 16:20:00",
            "symbol": "ADA",
            "price": 0.6667443573779597,
            "volume_24h": 789852812.16,
            "market_cap": 23474455445.79653
        },
        {
            "timestamp": "2025-02-28 16:20:00",
            "symbol": "ADA",
            "price": 0.6269931847439223,
            "volume_24h": 1126309711.91,
            "market_cap": 22074912846.61274
        },
        {
            "timestamp": "2025-03-01 16:20:00",
            "symbol": "ADA",
            "price": 0.6359223430132155,
            "volume_24h": 595899882.59,
            "market_cap": 22392366819.93633
        },
        {
            "timestamp": "2025-03-02 16:20:00",
            "symbol": "ADA",
            "price": 0.9761741482290832,
            "volume_24h": 2578069707.19,
            "market_cap": 34373457462.918976
        },
        {
            "timestamp": "2025-03-03 16:20:00",
            "symbol": "ADA",
            "price": 0.966631828484013,
            "volume_24h": 10208015659.47,
            "market_cap": 34037449259.4137
        },
        {
            "timestamp": "2025-03-04 16:20:00",
            "symbol": "ADA",
            "price": 0.8428538303028791,
            "volume_24h": 5191747090.51,
            "market_cap": 29678925974.35944
        },
        {
            "timestamp": "2025-03-05 16:20:00",
            "symbol": "ADA",
            "price": 0.940049468035773,
            "volume_24h": 4982905543.52,
            "market_cap": 33101419927.158604
        },
        {
            "timestamp": "2025-03-06 16:20:00",
            "symbol": "ADA",
            "price": 0.9287227609071664,
            "volume_24h": 2811867984.89,
            "market_cap": 32713528107.85366
        },
        {
            "timestamp": "2025-03-07 16:20:00",
            "symbol": "ADA",
            "price": 0.8252751240776115,
            "volume_24h": 3117892670.36,
            "market_cap": 29069666540.58778
        },
        {
            "timestamp": "2025-03-08 16:20:00",
            "symbol": "ADA",
            "price": 0.8128256963998534,
            "volume_24h": 1927453671.02,
            "market_cap": 28631145251.55937
        },
        {
            "timestamp": "2025-03-09 16:20:00",
            "symbol": "ADA",
            "price": 0.7556688223783518,
            "volume_24h": 1232791005.35,
            "market_cap": 26617839361.400032
        },
        {
            "timestamp": "2025-03-10 16:20:00",
            "symbol": "ADA",
            "price": 0.6963089503121976,
            "volume_24h": 1966355642.33,
            "market_cap": 24526934599.44725
        },
        {
            "timestamp": "2025-03-11 16:20:00",
            "symbol": "ADA",
            "price": 0.7181995270851129,
            "volume_24h": 2069633265.79,
            "market_cap": 25302622599.627094
        },
        {
            "timestamp": "2025-03-12 16:20:00",
            "symbol": "ADA",
            "price": 0.7301777320623548,
            "volume_24h": 1452983618.67,
            "market_cap": 25724622320.49883
        },
        {
            "timestamp": "2025-03-13 16:20:00",
            "symbol": "ADA",
            "price": 0.7064599096528298,
            "volume_24h": 1098313596.86,
            "market_cap": 24889028468.538425
        },
        {
            "timestamp": "2025-03-14 16:20:00",
            "symbol": "ADA",
            "price": 0.7401578458151875,
            "volume_24h": 1093714462.6,
            "market_cap": 26076228026.526184
        },
        {
            "timestamp": "2025-03-15 16:20:00",
            "symbol": "ADA",
            "price": 0.7487399208101815,
            "volume_24h": 823186218.74,
            "market_cap": 26378579944.80348
        },
        {
            "timestamp": "2025-03-16 16:20:00",
            "symbol": "ADA",
            "price": 0.713632833914991,
            "volume_24h": 741838849.42,
            "market_cap": 25144708198.55884
        },
        {
            "timestamp": "2025-03-17 16:20:00",
            "symbol": "ADA",
            "price": 0.723901918275921,
            "volume_24h": 870560508.74,
            "market_cap": 25506537303.738056
        },
        {
            "timestamp": "2025-03-18 16:20:00",
            "symbol": "ADA",
            "price": 0.6896198701686017,
            "volume_24h": 676516366.4,
            "market_cap": 24298616290.100693
        },
        {
            "timestamp": "2025-03-19 16:20:00",
            "symbol": "ADA",
            "price": 0.7360211595138816,
            "volume_24h": 894518721.55,
            "market_cap": 25933556311.320267
        },
        {
            "timestamp": "2025-03-20 16:20:00",
            "symbol": "ADA",
            "price": 0.7242262939704343,
            "volume_24h": 1010721935.26,
            "market_cap": 25517966615.56007
        },
        {
            "timestamp": "2025-03-21 16:20:00",
            "symbol": "ADA",
            "price": 0.7031855416961712,
            "volume_24h": 702411230.41,
            "market_cap": 24779513860.009308
        },
        {
            "timestamp": "2025-03-22 16:20:00",
            "symbol": "ADA",
            "price": 0.7030870385505684,
            "volume_24h": 498429303.23,
            "market_cap": 24776042713.46692
        },
        {
            "timestamp": "2025-03-23 16:20:00",
            "symbol": "ADA",
            "price": 0.7096136888678158,
            "volume_24h": 504210467.21,
            "market_cap": 25006034959.33358
        },
        {
            "timestamp": "2025-03-24 16:20:00",
            "symbol": "ADA",
            "price": 0.7317150355344441,
            "volume_24h": 846926243.34,
            "market_cap": 25784863011.926296
        },
        {
            "timestamp": "2025-03-25 16:20:00",
            "symbol": "ADA",
            "price": 0.7561634697582439,
            "volume_24h": 1080707670.61,
            "market_cap": 26646399944.6153
        },
        {
            "timestamp": "2025-03-26 16:20:00",
            "symbol": "ADA",
            "price": 0.7404826120061445,
            "volume_24h": 940207385.32,
            "market_cap": 26096165356.68024
        },
        {
            "timestamp": "2025-03-27 16:20:00",
            "symbol": "ADA",
            "price": 0.7377179638210477,
            "volume_24h": 687861843.05,
            "market_cap": 25998733337.31672
        },
        {
            "timestamp": "2025-03-28 16:20:00",
            "symbol": "ADA",
            "price": 0.6966931930923963,
            "volume_24h": 767606122.52,
            "market_cap": 24552934093.288155
        },
        {
            "timestamp": "2025-03-29 16:20:00",
            "symbol": "ADA",
            "price": 0.6708978685374817,
            "volume_24h": 643275724.21,
            "market_cap": 23643852577.936245
        },
        {
            "timestamp": "2025-03-30 16:20:00",
            "symbol": "ADA",
            "price": 0.6697886639983742,
            "volume_24h": 462740732.8,
            "market_cap": 23604761876.01077
        },
        {
            "timestamp": "2025-03-31 16:20:00",
            "symbol": "ADA",
            "price": 0.655456816728431,
            "volume_24h": 731243166.99,
            "market_cap": 23116658599.42205
        },
        {
            "timestamp": "2025-04-01 16:20:00",
            "symbol": "ADA",
            "price": 0.6906612062958825,
            "volume_24h": 753811470.42,
            "market_cap": 24358247418.184776
        },
        {
            "timestamp": "2025-04-02 16:20:00",
            "symbol": "ADA",
            "price": 0.6959455375780869,
            "volume_24h": 669596575.53,
            "market_cap": 24544615275.012756
        },
        {
            "timestamp": "2025-04-03 16:20:00",
            "symbol": "ADA",
            "price": 0.6305768480886657,
            "volume_24h": 1166024452.22,
            "market_cap": 22239191577.44419
        },
        {
            "timestamp": "2025-04-04 16:20:00",
            "symbol": "ADA",
            "price": 0.657346779671384,
            "volume_24h": 917315727.54,
            "market_cap": 23183313834.37081
        },
        {
            "timestamp": "2025-04-05 16:20:00",
            "symbol": "ADA",
            "price": 0.6482813681555747,
            "volume_24h": 505863968.82,
            "market_cap": 22867686724.353035
        },
        {
            "timestamp": "2025-04-06 16:20:00",
            "symbol": "ADA",
            "price": 0.6258182316202942,
            "volume_24h": 477587471.16,
            "market_cap": 22075314778.51625
        },
        {
            "timestamp": "2025-04-07 16:20:00",
            "symbol": "ADA",
            "price": 0.5674103702694829,
            "volume_24h": 2200499890.98,
            "market_cap": 20015016980.031216
        },
        {
            "timestamp": "2025-04-08 16:20:00",
            "symbol": "ADA",
            "price": 0.5879795488093429,
            "volume_24h": 1160654132.39,
            "market_cap": 20740580838.76905
        },
        {
            "timestamp": "2025-04-09 16:20:00",
            "symbol": "ADA",
            "price": 0.5747954185363158,
            "volume_24h": 1321428745.41,
            "market_cap": 20275519561.94351
        },
        {
            "timestamp": "2025-04-10 16:20:00",
            "symbol": "ADA",
            "price": 0.5905199110239042,
            "volume_24h": 1381790081.47,
            "market_cap": 20834145559.81787
        },
        {
            "timestamp": "2025-04-11 16:20:00",
            "symbol": "ADA",
            "price": 0.6181975523895223,
            "volume_24h": 880439259.41,
            "market_cap": 21810641014.414627
        },
        {
            "timestamp": "2025-04-12 16:20:00",
            "symbol": "ADA",
            "price": 0.6591616093328364,
            "volume_24h": 637572402.79,
            "market_cap": 23255894780.02919
        },
        {
            "timestamp": "2025-04-13 16:20:00",
            "symbol": "ADA",
            "price": 0.646790061636658,
            "volume_24h": 637926660.89,
            "market_cap": 22819413942.2273
        },
        {
            "timestamp": "2025-04-14 16:20:00",
            "symbol": "ADA",
            "price": 0.6323370895651976,
            "volume_24h": 763643785.57,
            "market_cap": 22309498326.703545
        },
        {
            "timestamp": "2025-04-15 16:20:00",
            "symbol": "ADA",
            "price": 0.6239982634871574,
            "volume_24h": 703337829.21,
            "market_cap": 22019098125.72718
        },
        {
            "timestamp": "2025-04-16 16:20:00",
            "symbol": "ADA",
            "price": 0.6110246925790646,
            "volume_24h": 594279289.44,
            "market_cap": 21561298244.570534
        },
        {
            "timestamp": "2025-04-17 16:20:00",
            "symbol": "ADA",
            "price": 0.6238322239905484,
            "volume_24h": 575696538.33,
            "market_cap": 22013239071.01099
        },
        {
            "timestamp": "2025-04-18 16:20:00",
            "symbol": "ADA",
            "price": 0.6183397238147786,
            "volume_24h": 380183778.93,
            "market_cap": 21819424588.81999
        },
        {
            "timestamp": "2025-04-19 16:20:00",
            "symbol": "ADA",
            "price": 0.6220733930649589,
            "volume_24h": 391122663.1,
            "market_cap": 21951175002.88251
        },
        {
            "timestamp": "2025-04-20 16:20:00",
            "symbol": "ADA",
            "price": 0.6133064434195904,
            "volume_24h": 367064005.66,
            "market_cap": 21643768480.13639
        },
        {
            "timestamp": "2025-04-21 16:20:00",
            "symbol": "ADA",
            "price": 0.6343629697789795,
            "volume_24h": 575752348.35,
            "market_cap": 22386859615.74788
        },
        {
            "timestamp": "2025-04-22 16:20:00",
            "symbol": "ADA",
            "price": 0.6542338642305393,
            "volume_24h": 745247140.93,
            "market_cap": 23088109445.44933
        },
        {
            "timestamp": "2025-04-23 16:20:00",
            "symbol": "ADA",
            "price": 0.6987974635283608,
            "volume_24h": 1066693735.76,
            "market_cap": 24660772241.009983
        }
    ],
    "investment_thesis": "ADA represents a moderate opportunity with a balanced risk-reward profile (score: 50.8/100). Technical factors are balanced (51.0/100), showing mixed price signals. Fundamental factors are average (52.0/100), suggesting a moderate market foundation. Sentiment indicators are neutral (49.0/100), showing balanced market perception. Multiple bullish patterns (inverse head and shoulders, double bottom) have been identified, strengthening the positive case. This analysis is set against a broader market that is currently in a strong bullish trend with sentiment showing greed. The current recommendation for ADA is Hold, suggesting investors maintain existing positions while monitoring for changes in market conditions.",
    "risk_assessment": "ADA is classified as a moderate risk investment. With a market cap of $24.63B and global rank of #13, it balances growth potential with reasonable stability. Annualized volatility of 78.0% indicates moderate price fluctuations. Daily trading volume of $1096.40M and liquidity ratio of 0.045 suggest adequate liquidity for most trading activities. Investors should be aware of risks including increased competition, potential regulatory impacts, and higher sensitivity to market sentiment. The RSI of 74.9 indicates overbought conditions, increasing the risk of a short-term correction. The current bullish market environment potentially reduces short-term downside risk, though caution is warranted for any sudden sentiment changes. High Bitcoin dominance (63.5%) may limit altcoin performance in the near term.",
    "analysis_time": "2025-04-23 20:16:22"
}