{
    "symbol": "BTC",
    "name": "Bitcoin",
    "price_usd": 93319.5373202996,
    "market_cap_usd": 1852879197236.4607,
    "volume_24h_usd": 50380010181.92114,
    "percent_change_24h": 1.89303672,
    "percent_change_7d": 11.12448191,
    "technical_score": 75,
    "fundamental_score": 77,
    "sentiment_score": 42,
    "total_score": 67.5,
    "technical_weight": 0.4,
    "fundamental_weight": 0.35,
    "sentiment_weight": 0.25,
    "risk_profile": "Conservative",
    "market_opportunity": "Good",
    "recommendation": "Strong Buy",
    "rank": 3,
    "technical_data": {
        "symbol": "BTC",
        "price": 93115.44632961876,
        "ma_7": 87250.287438078,
        "ma_30": 84179.92306885785,
        "ma_90": 89642.12746002308,
        "ma_200": 88579.87541685924,
        "rsi_14": 89.45235993821656,
        "macd": 1425.0036981423036,
        "macd_signal": 282.43769717762893,
        "bb_upper": 91736.99526930781,
        "bb_middle": 83841.38747948443,
        "bb_lower": 75945.77968966105,
        "bb_width": 0.18834630549871073,
        "roc_7": 9.66539912251221,
        "roc_30": 5.634818697754951,
        "obv": 1052152359214.149,
        "tenkan_sen": 88774.32281885043,
        "kijun_sen": 85389.4077814755,
        "adx": 25.23859678597045,
        "stoch_k": 99.6777474997068,
        "stoch_d": 99.6372264818164,
        "mfi": 76.92972730877784,
        "psar": 81434.93478307006,
        "technical_score": 75,
        "score_components": {
            "trend_score": 20,
            "momentum_score": 10,
            "volatility_score": 4,
            "support_resistance_score": 3,
            "volume_score": 10,
            "ichimoku_score": 10,
            "obv_score": 5,
            "adx_score": 3,
            "psar_score": 5,
            "ma_cross_score": 5
        }
    },
    "fundamental_data": {
        "symbol": "BTC",
        "market_cap_usd": 1852879197236.4607,
        "volume_24h_usd": 50380010181.92114,
        "volume_mcap_ratio": 0.02719012132958377,
        "market_share": 68.9534788624677,
        "cmc_rank": 1,
        "price_change_30d": 5.51597288,
        "fundamental_score": 77,
        "score_components": {
            "market_cap_score": 25,
            "volume_mcap_score": 5,
            "rank_score": 15,
            "stability_score": 15,
            "growth_score": 7,
            "market_position_score": 10
        }
    },
    "sentiment_data": {
        "symbol": "BTC",
        "price_change_1h": -0.84437032,
        "price_change_24h": 1.89303672,
        "price_change_7d": 11.12448191,
        "market_avg_change_24h": 3.7310203413333327,
        "market_avg_change_7d": 11.602763898000001,
        "relative_performance_24h": -1.8379836213333327,
        "relative_performance_7d": -0.4782819880000009,
        "fear_greed_value": 72,
        "fear_greed_classification": "Greed",
        "market_trend": "Strong Bullish",
        "sentiment_score": 42,
        "score_components": {
            "momentum_score": 17,
            "market_sentiment_score": 10,
            "relative_score": 8,
            "alignment_score": 7
        }
    },
    "pattern_data": {
        "head_and_shoulders": false,
        "inverse_head_and_shoulders": true,
        "double_top": true,
        "double_bottom": true,
        "ascending_triangle": false,
        "descending_triangle": false,
        "symmetric_triangle": true,
        "bullish_flag": false,
        "bearish_flag": false,
        "pattern_strength": 10
    },
    "divergence_data": {
        "bearish_divergence": false,
        "bullish_divergence": false,
        "bearish_divergence_strength": 0,
        "bullish_divergence_strength": 0,
        "rsi_divergences": [],
        "macd_divergences": []
    },
    "historical_data": [
        {
            "timestamp": "2024-04-29 16:20:00",
            "symbol": "BTC",
            "price": 63059.81026642338,
            "volume_24h": 25066850623.75,
            "market_cap": 1241762496060.3716
        },
        {
            "timestamp": "2024-04-30 16:20:00",
            "symbol": "BTC",
            "price": 60427.62010875648,
            "volume_24h": 31613194683.21,
            "market_cap": 1189958581757.1848
        },
        {
            "timestamp": "2024-05-01 16:20:00",
            "symbol": "BTC",
            "price": 57083.78166987516,
            "volume_24h": 44742255125.26,
            "market_cap": 1124133387703.879
        },
        {
            "timestamp": "2024-05-02 16:20:00",
            "symbol": "BTC",
            "price": 59012.82223349329,
            "volume_24h": 41147852850.34,
            "market_cap": 1162147061885.4292
        },
        {
            "timestamp": "2024-05-03 16:20:00",
            "symbol": "BTC",
            "price": 61713.62984917799,
            "volume_24h": 31475898630.54,
            "market_cap": 1215359652839.091
        },
        {
            "timestamp": "2024-05-04 16:20:00",
            "symbol": "BTC",
            "price": 63600.645940423245,
            "volume_24h": 25065264737.71,
            "market_cap": 1252550294342.298
        },
        {
            "timestamp": "2024-05-05 16:20:00",
            "symbol": "BTC",
            "price": 64453.517679485776,
            "volume_24h": 18752319167.04,
            "market_cap": 1269372714051.688
        },
        {
            "timestamp": "2024-05-06 16:20:00",
            "symbol": "BTC",
            "price": 63574.22820959379,
            "volume_24h": 26141801636.78,
            "market_cap": 1252084252711.4363
        },
        {
            "timestamp": "2024-05-07 16:20:00",
            "symbol": "BTC",
            "price": 63740.904448565285,
            "volume_24h": 25597315776.57,
            "market_cap": 1255389606331.7651
        },
        {
            "timestamp": "2024-05-08 16:20:00",
            "symbol": "BTC",
            "price": 62258.53541506785,
            "volume_24h": 25461762057.55,
            "market_cap": 1226216097194.2395
        },
        {
            "timestamp": "2024-05-09 16:20:00",
            "symbol": "BTC",
            "price": 62414.10322698436,
            "volume_24h": 25507005022.59,
            "market_cap": 1229308551643.3032
        },
        {
            "timestamp": "2024-05-10 16:20:00",
            "symbol": "BTC",
            "price": 61159.72256379948,
            "volume_24h": 27460774528.04,
            "market_cap": 1204631129963.98
        },
        {
            "timestamp": "2024-05-11 16:20:00",
            "symbol": "BTC",
            "price": 61208.88145531114,
            "volume_24h": 18563446864.24,
            "market_cap": 1205628277581.191
        },
        {
            "timestamp": "2024-05-12 16:20:00",
            "symbol": "BTC",
            "price": 61700.88521886424,
            "volume_24h": 12548966291.58,
            "market_cap": 1215346214398.5486
        },
        {
            "timestamp": "2024-05-13 16:20:00",
            "symbol": "BTC",
            "price": 63013.838747989415,
            "volume_24h": 25915883465.77,
            "market_cap": 1241235757277.6309
        },
        {
            "timestamp": "2024-05-14 16:20:00",
            "symbol": "BTC",
            "price": 61508.34344214138,
            "volume_24h": 29253164298.57,
            "market_cap": 1211607833359.3435
        },
        {
            "timestamp": "2024-05-15 16:20:00",
            "symbol": "BTC",
            "price": 64908.80341166748,
            "volume_24h": 32673844630.61,
            "market_cap": 1278618591403.7903
        },
        {
            "timestamp": "2024-05-16 16:20:00",
            "symbol": "BTC",
            "price": 65599.37166233906,
            "volume_24h": 35083545466.33,
            "market_cap": 1292250812692.22
        },
        {
            "timestamp": "2024-05-17 16:20:00",
            "symbol": "BTC",
            "price": 67213.65155302084,
            "volume_24h": 30622486288.32,
            "market_cap": 1324084537038.9968
        },
        {
            "timestamp": "2024-05-18 16:20:00",
            "symbol": "BTC",
            "price": 66893.57507086903,
            "volume_24h": 20415023175.26,
            "market_cap": 1317801087620.9924
        },
        {
            "timestamp": "2024-05-19 16:20:00",
            "symbol": "BTC",
            "price": 66843.47578865134,
            "volume_24h": 16319082675.08,
            "market_cap": 1316846753130.9636
        },
        {
            "timestamp": "2024-05-20 16:20:00",
            "symbol": "BTC",
            "price": 67525.991641198,
            "volume_24h": 25092047251.25,
            "market_cap": 1330328683485.3503
        },
        {
            "timestamp": "2024-05-21 16:20:00",
            "symbol": "BTC",
            "price": 70158.19718139306,
            "volume_24h": 59618231989.6,
            "market_cap": 1382215547847.8633
        },
        {
            "timestamp": "2024-05-22 16:20:00",
            "symbol": "BTC",
            "price": 70511.25904987566,
            "volume_24h": 33362836903.83,
            "market_cap": 1389205774674.7454
        },
        {
            "timestamp": "2024-05-23 16:20:00",
            "symbol": "BTC",
            "price": 67867.16282874801,
            "volume_24h": 36520574840.31,
            "market_cap": 1337124135690.694
        },
        {
            "timestamp": "2024-05-24 16:20:00",
            "symbol": "BTC",
            "price": 68152.04511812849,
            "volume_24h": 38805091238.84,
            "market_cap": 1342793134214.1091
        },
        {
            "timestamp": "2024-05-25 16:20:00",
            "symbol": "BTC",
            "price": 68994.24565320385,
            "volume_24h": 19774378889.06,
            "market_cap": 1359420736843.6172
        },
        {
            "timestamp": "2024-05-26 16:20:00",
            "symbol": "BTC",
            "price": 68783.54575348643,
            "volume_24h": 14612127654.28,
            "market_cap": 1355304726224.033
        },
        {
            "timestamp": "2024-05-27 16:20:00",
            "symbol": "BTC",
            "price": 70580.30733878336,
            "volume_24h": 23099477850.65,
            "market_cap": 1390736820341.121
        },
        {
            "timestamp": "2024-05-28 16:20:00",
            "symbol": "BTC",
            "price": 68065.3013592215,
            "volume_24h": 31944163404.07,
            "market_cap": 1341199741358.82
        },
        {
            "timestamp": "2024-05-29 16:20:00",
            "symbol": "BTC",
            "price": 67336.45564173836,
            "volume_24h": 28254095678.68,
            "market_cap": 1326870110663.9944
        },
        {
            "timestamp": "2024-05-30 16:20:00",
            "symbol": "BTC",
            "price": 68397.24004505506,
            "volume_24h": 26524596213.77,
            "market_cap": 1347807969459.4363
        },
        {
            "timestamp": "2024-05-31 16:20:00",
            "symbol": "BTC",
            "price": 66661.04142930279,
            "volume_24h": 29123353945.08,
            "market_cap": 1313623882287.7107
        },
        {
            "timestamp": "2024-06-01 16:20:00",
            "symbol": "BTC",
            "price": 67586.09482682956,
            "volume_24h": 15688127942.28,
            "market_cap": 1331884701843.9685
        },
        {
            "timestamp": "2024-06-02 16:20:00",
            "symbol": "BTC",
            "price": 68008.21511239193,
            "volume_24h": 14600070512.53,
            "market_cap": 1340230414316.2454
        },
        {
            "timestamp": "2024-06-03 16:20:00",
            "symbol": "BTC",
            "price": 69383.26588853865,
            "volume_24h": 31089818055.52,
            "market_cap": 1367356350162.3364
        },
        {
            "timestamp": "2024-06-04 16:20:00",
            "symbol": "BTC",
            "price": 70876.48534223142,
            "volume_24h": 28901318826.38,
            "market_cap": 1396811376155.3286
        },
        {
            "timestamp": "2024-06-05 16:20:00",
            "symbol": "BTC",
            "price": 71607.84444858822,
            "volume_24h": 35219352683.06,
            "market_cap": 1411245106941.7544
        },
        {
            "timestamp": "2024-06-06 16:20:00",
            "symbol": "BTC",
            "price": 71119.68668952874,
            "volume_24h": 25354800197.44,
            "market_cap": 1401641435932.6904
        },
        {
            "timestamp": "2024-06-07 16:20:00",
            "symbol": "BTC",
            "price": 71136.46693323551,
            "volume_24h": 29796659821.98,
            "market_cap": 1402035740433.832
        },
        {
            "timestamp": "2024-06-08 16:20:00",
            "symbol": "BTC",
            "price": 69333.47567524924,
            "volume_24h": 25487155281.38,
            "market_cap": 1366533546832.4275
        },
        {
            "timestamp": "2024-06-09 16:20:00",
            "symbol": "BTC",
            "price": 69574.92528864922,
            "volume_24h": 12904141560.3,
            "market_cap": 1371321986164.052
        },
        {
            "timestamp": "2024-06-10 16:20:00",
            "symbol": "BTC",
            "price": 69921.65328963577,
            "volume_24h": 17863826899.74,
            "market_cap": 1378190467478.7527
        },
        {
            "timestamp": "2024-06-11 16:20:00",
            "symbol": "BTC",
            "price": 66491.6586027884,
            "volume_24h": 35280035303.37,
            "market_cap": 1310613758136.632
        },
        {
            "timestamp": "2024-06-12 16:20:00",
            "symbol": "BTC",
            "price": 69597.31264376243,
            "volume_24h": 29091325248.93,
            "market_cap": 1371854343882.746
        },
        {
            "timestamp": "2024-06-13 16:20:00",
            "symbol": "BTC",
            "price": 66717.92915071645,
            "volume_24h": 35809621712.32,
            "market_cap": 1315130208961.3755
        },
        {
            "timestamp": "2024-06-14 16:20:00",
            "symbol": "BTC",
            "price": 65806.9681102517,
            "volume_24h": 23186530244.86,
            "market_cap": 1297193272858.2202
        },
        {
            "timestamp": "2024-06-15 16:20:00",
            "symbol": "BTC",
            "price": 66218.1938696544,
            "volume_24h": 20620291547.87,
            "market_cap": 1305318862654.2366
        },
        {
            "timestamp": "2024-06-16 16:20:00",
            "symbol": "BTC",
            "price": 66562.50763841195,
            "volume_24h": 12682024425.98,
            "market_cap": 1312154168076.87
        },
        {
            "timestamp": "2024-06-17 16:20:00",
            "symbol": "BTC",
            "price": 65202.17789972964,
            "volume_24h": 22908760692.11,
            "market_cap": 1285363134026.3203
        },
        {
            "timestamp": "2024-06-18 16:20:00",
            "symbol": "BTC",
            "price": 64394.1306326436,
            "volume_24h": 39460167971.88,
            "market_cap": 1269468660239.5532
        },
        {
            "timestamp": "2024-06-19 16:20:00",
            "symbol": "BTC",
            "price": 64907.41452496655,
            "volume_24h": 27374712553.68,
            "market_cap": 1279613134485.338
        },
        {
            "timestamp": "2024-06-20 16:20:00",
            "symbol": "BTC",
            "price": 64573.75212294929,
            "volume_24h": 23738660004.15,
            "market_cap": 1273051698962.0437
        },
        {
            "timestamp": "2024-06-21 16:20:00",
            "symbol": "BTC",
            "price": 63702.70335620808,
            "volume_24h": 26380338253.43,
            "market_cap": 1255902172910.9202
        },
        {
            "timestamp": "2024-06-22 16:20:00",
            "symbol": "BTC",
            "price": 64268.79468896067,
            "volume_24h": 13891200776.72,
            "market_cap": 1267077539630.5513
        },
        {
            "timestamp": "2024-06-23 16:20:00",
            "symbol": "BTC",
            "price": 64124.27398722923,
            "volume_24h": 8461178812.26,
            "market_cap": 1264251934809.138
        },
        {
            "timestamp": "2024-06-24 16:20:00",
            "symbol": "BTC",
            "price": 60887.95524312725,
            "volume_24h": 30545409341.4,
            "market_cap": 1200476058766.7834
        },
        {
            "timestamp": "2024-06-25 16:20:00",
            "symbol": "BTC",
            "price": 61730.65238342476,
            "volume_24h": 38187868682.43,
            "market_cap": 1217119321550.861
        },
        {
            "timestamp": "2024-06-26 16:20:00",
            "symbol": "BTC",
            "price": 61473.37236784121,
            "volume_24h": 23300331559.35,
            "market_cap": 1212075462319.887
        },
        {
            "timestamp": "2024-06-27 16:20:00",
            "symbol": "BTC",
            "price": 61644.32367639363,
            "volume_24h": 23267277072.59,
            "market_cap": 1215491739917.1914
        },
        {
            "timestamp": "2024-06-28 16:20:00",
            "symbol": "BTC",
            "price": 60744.175860863164,
            "volume_24h": 22692087597.05,
            "market_cap": 1197760827437.2517
        },
        {
            "timestamp": "2024-06-29 16:20:00",
            "symbol": "BTC",
            "price": 60865.19521218976,
            "volume_24h": 17077841067.69,
            "market_cap": 1200160065573.573
        },
        {
            "timestamp": "2024-06-30 16:20:00",
            "symbol": "BTC",
            "price": 61535.25854951233,
            "volume_24h": 13637364338.85,
            "market_cap": 1213395487366.0444
        },
        {
            "timestamp": "2024-07-01 16:20:00",
            "symbol": "BTC",
            "price": 63185.76632514453,
            "volume_24h": 24431226161.41,
            "market_cap": 1245964422797.6353
        },
        {
            "timestamp": "2024-07-02 16:20:00",
            "symbol": "BTC",
            "price": 61776.38386813187,
            "volume_24h": 22760717919.26,
            "market_cap": 1218186243317.8623
        },
        {
            "timestamp": "2024-07-03 16:20:00",
            "symbol": "BTC",
            "price": 60277.6487709466,
            "volume_24h": 26746318302.51,
            "market_cap": 1188637741065.5312
        },
        {
            "timestamp": "2024-07-04 16:20:00",
            "symbol": "BTC",
            "price": 57975.4767992394,
            "volume_24h": 39990342518.74,
            "market_cap": 1143244110140.4238
        },
        {
            "timestamp": "2024-07-05 16:20:00",
            "symbol": "BTC",
            "price": 56593.11730850539,
            "volume_24h": 54472103762.53,
            "market_cap": 1115987750392.6028
        },
        {
            "timestamp": "2024-07-06 16:20:00",
            "symbol": "BTC",
            "price": 57392.09367212433,
            "volume_24h": 23623091523.11,
            "market_cap": 1131747695574.481
        },
        {
            "timestamp": "2024-07-07 16:20:00",
            "symbol": "BTC",
            "price": 56976.28272797106,
            "volume_24h": 20604911239.24,
            "market_cap": 1123550701384.4355
        },
        {
            "timestamp": "2024-07-08 16:20:00",
            "symbol": "BTC",
            "price": 55748.18119251785,
            "volume_24h": 38345920254.94,
            "market_cap": 1099335122986.6652
        },
        {
            "timestamp": "2024-07-09 16:20:00",
            "symbol": "BTC",
            "price": 57659.42891364912,
            "volume_24h": 28228156105.9,
            "market_cap": 1137028081834.2097
        },
        {
            "timestamp": "2024-07-10 16:20:00",
            "symbol": "BTC",
            "price": 57908.71350976214,
            "volume_24h": 27103734229.26,
            "market_cap": 1141948769848.229
        },
        {
            "timestamp": "2024-07-11 16:20:00",
            "symbol": "BTC",
            "price": 57540.226520394855,
            "volume_24h": 28138558339.7,
            "market_cap": 1134691598315.6174
        },
        {
            "timestamp": "2024-07-12 16:20:00",
            "symbol": "BTC",
            "price": 58117.18886963998,
            "volume_24h": 24717158139.24,
            "market_cap": 1146077299282.8872
        },
        {
            "timestamp": "2024-07-13 16:20:00",
            "symbol": "BTC",
            "price": 58905.43809060279,
            "volume_24h": 17975032205.5,
            "market_cap": 1161626607896.2383
        },
        {
            "timestamp": "2024-07-14 16:20:00",
            "symbol": "BTC",
            "price": 60043.85505531868,
            "volume_24h": 21571688207.23,
            "market_cap": 1184083014978.966
        },
        {
            "timestamp": "2024-07-15 16:20:00",
            "symbol": "BTC",
            "price": 63131.50698153358,
            "volume_24h": 31167022602.94,
            "market_cap": 1245332485506.7732
        },
        {
            "timestamp": "2024-07-16 16:20:00",
            "symbol": "BTC",
            "price": 64539.05986293599,
            "volume_24h": 43133844806.15,
            "market_cap": 1273127505519.1116
        },
        {
            "timestamp": "2024-07-17 16:20:00",
            "symbol": "BTC",
            "price": 64318.30173703552,
            "volume_24h": 35275153408.39,
            "market_cap": 1268803922451.4128
        },
        {
            "timestamp": "2024-07-18 16:20:00",
            "symbol": "BTC",
            "price": 63621.16841225472,
            "volume_24h": 28302136637.32,
            "market_cap": 1255077247540.9983
        },
        {
            "timestamp": "2024-07-19 16:20:00",
            "symbol": "BTC",
            "price": 66306.62753102335,
            "volume_24h": 31396004334.28,
            "market_cap": 1308084284446.2876
        },
        {
            "timestamp": "2024-07-20 16:20:00",
            "symbol": "BTC",
            "price": 66800.50613688312,
            "volume_24h": 24123824947.58,
            "market_cap": 1317862095232.9248
        },
        {
            "timestamp": "2024-07-21 16:20:00",
            "symbol": "BTC",
            "price": 67081.03048578244,
            "volume_24h": 19604456054.01,
            "market_cap": 1323432997001.069
        },
        {
            "timestamp": "2024-07-22 16:20:00",
            "symbol": "BTC",
            "price": 67137.01281246998,
            "volume_24h": 44741869245.32,
            "market_cap": 1324569623731.7046
        },
        {
            "timestamp": "2024-07-23 16:20:00",
            "symbol": "BTC",
            "price": 66589.77118391418,
            "volume_24h": 36435246108.83,
            "market_cap": 1313810725097.39
        },
        {
            "timestamp": "2024-07-24 16:20:00",
            "symbol": "BTC",
            "price": 66303.94360162049,
            "volume_24h": 28893627703.42,
            "market_cap": 1308201671238.8228
        },
        {
            "timestamp": "2024-07-25 16:20:00",
            "symbol": "BTC",
            "price": 64908.89617760129,
            "volume_24h": 36787542130.8,
            "market_cap": 1280709901048.2944
        },
        {
            "timestamp": "2024-07-26 16:20:00",
            "symbol": "BTC",
            "price": 67593.59748425412,
            "volume_24h": 33790797316.4,
            "market_cap": 1333716309400.8118
        },
        {
            "timestamp": "2024-07-27 16:20:00",
            "symbol": "BTC",
            "price": 68834.44694032989,
            "volume_24h": 23253918530.3,
            "market_cap": 1358233322230.744
        },
        {
            "timestamp": "2024-07-28 16:20:00",
            "symbol": "BTC",
            "price": 67737.46812759218,
            "volume_24h": 32551962927.83,
            "market_cap": 1336617464820.9175
        },
        {
            "timestamp": "2024-07-29 16:20:00",
            "symbol": "BTC",
            "price": 67866.71108486873,
            "volume_24h": 32330416075.54,
            "market_cap": 1339203154764.0742
        },
        {
            "timestamp": "2024-07-30 16:20:00",
            "symbol": "BTC",
            "price": 66291.54231186399,
            "volume_24h": 34675300986.21,
            "market_cap": 1308154604229.0752
        },
        {
            "timestamp": "2024-07-31 16:20:00",
            "symbol": "BTC",
            "price": 66594.41457589495,
            "volume_24h": 27036622105.85,
            "market_cap": 1314161257924.2832
        },
        {
            "timestamp": "2024-08-01 16:20:00",
            "symbol": "BTC",
            "price": 63081.79542065916,
            "volume_24h": 36673413771.4,
            "market_cap": 1244872678261.688
        },
        {
            "timestamp": "2024-08-02 16:20:00",
            "symbol": "BTC",
            "price": 63247.61169653076,
            "volume_24h": 44310077195.02,
            "market_cap": 1248170239138.281
        },
        {
            "timestamp": "2024-08-03 16:20:00",
            "symbol": "BTC",
            "price": 60662.10445742858,
            "volume_24h": 32983089097.93,
            "market_cap": 1197170392517.8296
        },
        {
            "timestamp": "2024-08-04 16:20:00",
            "symbol": "BTC",
            "price": 59046.26128379495,
            "volume_24h": 29203134039.38,
            "market_cap": 1165308198121.4707
        },
        {
            "timestamp": "2024-08-05 16:20:00",
            "symbol": "BTC",
            "price": 54930.287074757616,
            "volume_24h": 105353661526.77,
            "market_cap": 1084104640080.0
        },
        {
            "timestamp": "2024-08-06 16:20:00",
            "symbol": "BTC",
            "price": 56643.0816827294,
            "volume_24h": 56163024672.0,
            "market_cap": 1117933349477.1045
        },
        {
            "timestamp": "2024-08-07 16:20:00",
            "symbol": "BTC",
            "price": 56133.14593946197,
            "volume_24h": 41115887700.43,
            "market_cap": 1107888674777.9731
        },
        {
            "timestamp": "2024-08-08 16:20:00",
            "symbol": "BTC",
            "price": 59645.86249563489,
            "volume_24h": 43290666240.75,
            "market_cap": 1177243808395.4072
        },
        {
            "timestamp": "2024-08-09 16:20:00",
            "symbol": "BTC",
            "price": 60053.41644207748,
            "volume_24h": 39103810226.53,
            "market_cap": 1185312174023.0583
        },
        {
            "timestamp": "2024-08-10 16:20:00",
            "symbol": "BTC",
            "price": 60053.41644207748,
            "volume_24h": 39103810226.53,
            "market_cap": 1185312174023.0583
        },
        {
            "timestamp": "2024-08-11 16:20:00",
            "symbol": "BTC",
            "price": 60079.37529426926,
            "volume_24h": 18002410620.88,
            "market_cap": 1185876749245.9338
        },
        {
            "timestamp": "2024-08-12 16:20:00",
            "symbol": "BTC",
            "price": 59770.43615834421,
            "volume_24h": 36485768512.17,
            "market_cap": 1179807503691.2693
        },
        {
            "timestamp": "2024-08-13 16:20:00",
            "symbol": "BTC",
            "price": 59965.86140833653,
            "volume_24h": 28546846135.68,
            "market_cap": 1183690484478.8865
        },
        {
            "timestamp": "2024-08-14 16:20:00",
            "symbol": "BTC",
            "price": 59176.77967362105,
            "volume_24h": 33294579347.34,
            "market_cap": 1168141286831.3457
        },
        {
            "timestamp": "2024-08-15 16:20:00",
            "symbol": "BTC",
            "price": 59772.58389648453,
            "volume_24h": 29054000609.43,
            "market_cap": 1179929993116.0354
        },
        {
            "timestamp": "2024-08-16 16:20:00",
            "symbol": "BTC",
            "price": 58335.00244207616,
            "volume_24h": 34684453711.4,
            "market_cap": 1151578507843.4905
        },
        {
            "timestamp": "2024-08-17 16:20:00",
            "symbol": "BTC",
            "price": 59478.76935825599,
            "volume_24h": 19252633827.07,
            "market_cap": 1174184660805.9775
        },
        {
            "timestamp": "2024-08-18 16:20:00",
            "symbol": "BTC",
            "price": 59854.36832275265,
            "volume_24h": 15965046021.5,
            "market_cap": 1181629197728.9138
        },
        {
            "timestamp": "2024-08-19 16:20:00",
            "symbol": "BTC",
            "price": 58582.74779758223,
            "volume_24h": 23826184460.07,
            "market_cap": 1156548984352.8037
        },
        {
            "timestamp": "2024-08-20 16:20:00",
            "symbol": "BTC",
            "price": 58925.18215320038,
            "volume_24h": 31767571469.91,
            "market_cap": 1163337538606.599
        },
        {
            "timestamp": "2024-08-21 16:20:00",
            "symbol": "BTC",
            "price": 59518.48021617339,
            "volume_24h": 25958202333.84,
            "market_cap": 1175076092758.0012
        },
        {
            "timestamp": "2024-08-22 16:20:00",
            "symbol": "BTC",
            "price": 60396.14748738585,
            "volume_24h": 34503543715.73,
            "market_cap": 1192432243859.4148
        },
        {
            "timestamp": "2024-08-23 16:20:00",
            "symbol": "BTC",
            "price": 61561.80404256361,
            "volume_24h": 29181321487.84,
            "market_cap": 1215480876151.6792
        },
        {
            "timestamp": "2024-08-24 16:20:00",
            "symbol": "BTC",
            "price": 64115.41425687679,
            "volume_24h": 34238847781.13,
            "market_cap": 1265931605450.973
        },
        {
            "timestamp": "2024-08-25 16:20:00",
            "symbol": "BTC",
            "price": 64180.85442726177,
            "volume_24h": 19615275141.59,
            "market_cap": 1267248916878.942
        },
        {
            "timestamp": "2024-08-26 16:20:00",
            "symbol": "BTC",
            "price": 63532.89014720685,
            "volume_24h": 25499383902.96,
            "market_cap": 1254483917434.912
        },
        {
            "timestamp": "2024-08-27 16:20:00",
            "symbol": "BTC",
            "price": 61940.51282620011,
            "volume_24h": 31357900327.78,
            "market_cap": 1223064544579.9924
        },
        {
            "timestamp": "2024-08-28 16:20:00",
            "symbol": "BTC",
            "price": 58212.60754362982,
            "volume_24h": 43358650295.9,
            "market_cap": 1149484660165.7134
        },
        {
            "timestamp": "2024-08-29 16:20:00",
            "symbol": "BTC",
            "price": 60788.5461280458,
            "volume_24h": 33791638032.14,
            "market_cap": 1200378472430.195
        },
        {
            "timestamp": "2024-08-30 16:20:00",
            "symbol": "BTC",
            "price": 58240.39535856546,
            "volume_24h": 34661578441.24,
            "market_cap": 1150083628657.152
        },
        {
            "timestamp": "2024-08-31 16:20:00",
            "symbol": "BTC",
            "price": 58986.499051116254,
            "volume_24h": 17720969962.8,
            "market_cap": 1164843263324.2996
        },
        {
            "timestamp": "2024-09-01 16:20:00",
            "symbol": "BTC",
            "price": 58270.09518412968,
            "volume_24h": 20351299174.5,
            "market_cap": 1150723258815.045
        },
        {
            "timestamp": "2024-09-02 16:20:00",
            "symbol": "BTC",
            "price": 58569.541621460565,
            "volume_24h": 27751172216.37,
            "market_cap": 1156666039678.785
        },
        {
            "timestamp": "2024-09-03 16:20:00",
            "symbol": "BTC",
            "price": 57875.26357051896,
            "volume_24h": 26465953481.4,
            "market_cap": 1142983268150.528
        },
        {
            "timestamp": "2024-09-04 16:20:00",
            "symbol": "BTC",
            "price": 58282.92996502246,
            "volume_24h": 35525075858.78,
            "market_cap": 1151060532115.04
        },
        {
            "timestamp": "2024-09-05 16:20:00",
            "symbol": "BTC",
            "price": 55991.77729151399,
            "volume_24h": 30337054159.06,
            "market_cap": 1105840737046.9294
        },
        {
            "timestamp": "2024-09-06 16:20:00",
            "symbol": "BTC",
            "price": 54046.919455536,
            "volume_24h": 39566410423.26,
            "market_cap": 1067453466518.886
        },
        {
            "timestamp": "2024-09-07 16:20:00",
            "symbol": "BTC",
            "price": 54709.99956080125,
            "volume_24h": 31094920580.22,
            "market_cap": 1080575833575.3966
        },
        {
            "timestamp": "2024-09-08 16:20:00",
            "symbol": "BTC",
            "price": 53826.81992344712,
            "volume_24h": 16640960020.49,
            "market_cap": 1063161940868.9236
        },
        {
            "timestamp": "2024-09-09 16:20:00",
            "symbol": "BTC",
            "price": 55935.27531879855,
            "volume_24h": 27851300660.57,
            "market_cap": 1104831432556.4468
        },
        {
            "timestamp": "2024-09-10 16:20:00",
            "symbol": "BTC",
            "price": 56731.34888692014,
            "volume_24h": 33162140033.12,
            "market_cap": 1120580068828.6057
        },
        {
            "timestamp": "2024-09-11 16:20:00",
            "symbol": "BTC",
            "price": 56900.49009843745,
            "volume_24h": 35897549670.89,
            "market_cap": 1123943090408.5735
        },
        {
            "timestamp": "2024-09-12 16:20:00",
            "symbol": "BTC",
            "price": 57805.06179478846,
            "volume_24h": 33788788194.3,
            "market_cap": 1141834946644.8154
        },
        {
            "timestamp": "2024-09-13 16:20:00",
            "symbol": "BTC",
            "price": 59668.29481870131,
            "volume_24h": 30058630746.8,
            "market_cap": 1178663807535.5828
        },
        {
            "timestamp": "2024-09-14 16:20:00",
            "symbol": "BTC",
            "price": 59971.137543996,
            "volume_24h": 24084457521.58,
            "market_cap": 1184672249889.5986
        },
        {
            "timestamp": "2024-09-15 16:20:00",
            "symbol": "BTC",
            "price": 60226.60231589119,
            "volume_24h": 13895921252.58,
            "market_cap": 1189746596129.0796
        },
        {
            "timestamp": "2024-09-16 16:20:00",
            "symbol": "BTC",
            "price": 57774.21171419381,
            "volume_24h": 31745219865.75,
            "market_cap": 1141324294960.6328
        },
        {
            "timestamp": "2024-09-17 16:20:00",
            "symbol": "BTC",
            "price": 60871.72287193499,
            "volume_24h": 35059203782.98,
            "market_cap": 1202542373053.2495
        },
        {
            "timestamp": "2024-09-18 16:20:00",
            "symbol": "BTC",
            "price": 59604.08613721602,
            "volume_24h": 32053580357.3,
            "market_cap": 1177527298970.9043
        },
        {
            "timestamp": "2024-09-19 16:20:00",
            "symbol": "BTC",
            "price": 63258.59720021229,
            "volume_24h": 51764231256.38,
            "market_cap": 1249748865420.862
        },
        {
            "timestamp": "2024-09-20 16:20:00",
            "symbol": "BTC",
            "price": 62993.02998664588,
            "volume_24h": 39052320308.29,
            "market_cap": 1244531434864.757
        },
        {
            "timestamp": "2024-09-21 16:20:00",
            "symbol": "BTC",
            "price": 63164.57038911898,
            "volume_24h": 17770109805.93,
            "market_cap": 1247944943760.6392
        },
        {
            "timestamp": "2024-09-22 16:20:00",
            "symbol": "BTC",
            "price": 62563.72609811968,
            "volume_24h": 15683675629.69,
            "market_cap": 1236101254290.4473
        },
        {
            "timestamp": "2024-09-23 16:20:00",
            "symbol": "BTC",
            "price": 63487.199924249886,
            "volume_24h": 33122515811.1,
            "market_cap": 1254375334563.335
        },
        {
            "timestamp": "2024-09-24 16:20:00",
            "symbol": "BTC",
            "price": 63257.843969556656,
            "volume_24h": 26426508482.47,
            "market_cap": 1249871949810.613
        },
        {
            "timestamp": "2024-09-25 16:20:00",
            "symbol": "BTC",
            "price": 63566.01863369497,
            "volume_24h": 27517991593.13,
            "market_cap": 1255989202469.7317
        },
        {
            "timestamp": "2024-09-26 16:20:00",
            "symbol": "BTC",
            "price": 65286.30127184349,
            "volume_24h": 33545568464.34,
            "market_cap": 1290008348405.6736
        },
        {
            "timestamp": "2024-09-27 16:20:00",
            "symbol": "BTC",
            "price": 66054.01006890026,
            "volume_24h": 35490297058.18,
            "market_cap": 1305203855841.9048
        },
        {
            "timestamp": "2024-09-28 16:20:00",
            "symbol": "BTC",
            "price": 65583.43405551618,
            "volume_24h": 18646401902.91,
            "market_cap": 1295934952946.669
        },
        {
            "timestamp": "2024-09-29 16:20:00",
            "symbol": "BTC",
            "price": 65729.2251937554,
            "volume_24h": 14183578503.09,
            "market_cap": 1298846626840.841
        },
        {
            "timestamp": "2024-09-30 16:20:00",
            "symbol": "BTC",
            "price": 63658.991008290606,
            "volume_24h": 31161178305.91,
            "market_cap": 1257963475204.0913
        },
        {
            "timestamp": "2024-10-01 16:20:00",
            "symbol": "BTC",
            "price": 62510.71690137091,
            "volume_24h": 38922162417.39,
            "market_cap": 1235300593699.8062
        },
        {
            "timestamp": "2024-10-02 16:20:00",
            "symbol": "BTC",
            "price": 62129.45421469401,
            "volume_24h": 48045283710.7,
            "market_cap": 1227799540494.7976
        },
        {
            "timestamp": "2024-10-03 16:20:00",
            "symbol": "BTC",
            "price": 60509.75459663035,
            "volume_24h": 41627904324.01,
            "market_cap": 1195819063416.0305
        },
        {
            "timestamp": "2024-10-04 16:20:00",
            "symbol": "BTC",
            "price": 61839.69781791276,
            "volume_24h": 30929355913.33,
            "market_cap": 1222133309998.0735
        },
        {
            "timestamp": "2024-10-05 16:20:00",
            "symbol": "BTC",
            "price": 62115.89361539019,
            "volume_24h": 17247980969.43,
            "market_cap": 1227624544020.7642
        },
        {
            "timestamp": "2024-10-06 16:20:00",
            "symbol": "BTC",
            "price": 62798.3563505335,
            "volume_24h": 13697627080.41,
            "market_cap": 1241141753841.7922
        },
        {
            "timestamp": "2024-10-07 16:20:00",
            "symbol": "BTC",
            "price": 63687.68709674687,
            "volume_24h": 29326437818.38,
            "market_cap": 1258748922854.9438
        },
        {
            "timestamp": "2024-10-08 16:20:00",
            "symbol": "BTC",
            "price": 62252.217157164814,
            "volume_24h": 30664201666.26,
            "market_cap": 1230409220402.9497
        },
        {
            "timestamp": "2024-10-09 16:20:00",
            "symbol": "BTC",
            "price": 61849.16956482106,
            "volume_24h": 24778387278.98,
            "market_cap": 1222470050713.8489
        },
        {
            "timestamp": "2024-10-10 16:20:00",
            "symbol": "BTC",
            "price": 60675.29516978762,
            "volume_24h": 28237009572.78,
            "market_cap": 1199292472801.049
        },
        {
            "timestamp": "2024-10-11 16:20:00",
            "symbol": "BTC",
            "price": 62188.00698733661,
            "volume_24h": 32281425081.54,
            "market_cap": 1229220148397.044
        },
        {
            "timestamp": "2024-10-12 16:20:00",
            "symbol": "BTC",
            "price": 63274.19307386432,
            "volume_24h": 23633184550.44,
            "market_cap": 1250720157281.5547
        },
        {
            "timestamp": "2024-10-13 16:20:00",
            "symbol": "BTC",
            "price": 62431.540293176105,
            "volume_24h": 15951319118.49,
            "market_cap": 1234093184685.474
        },
        {
            "timestamp": "2024-10-14 16:20:00",
            "symbol": "BTC",
            "price": 65624.0036558457,
            "volume_24h": 38649702334.07,
            "market_cap": 1297224723483.0542
        },
        {
            "timestamp": "2024-10-15 16:20:00",
            "symbol": "BTC",
            "price": 66600.6967253306,
            "volume_24h": 44845878187.41,
            "market_cap": 1316564637487.9338
        },
        {
            "timestamp": "2024-10-16 16:20:00",
            "symbol": "BTC",
            "price": 67604.29237382485,
            "volume_24h": 44981209793.1,
            "market_cap": 1336433290454.6006
        },
        {
            "timestamp": "2024-10-17 16:20:00",
            "symbol": "BTC",
            "price": 67336.4215262158,
            "volume_24h": 31568316525.86,
            "market_cap": 1331171764395.536
        },
        {
            "timestamp": "2024-10-18 16:20:00",
            "symbol": "BTC",
            "price": 68611.65571946962,
            "volume_24h": 36860932354.93,
            "market_cap": 1356410992133.86
        },
        {
            "timestamp": "2024-10-19 16:20:00",
            "symbol": "BTC",
            "price": 68124.91275455747,
            "volume_24h": 19362408041.27,
            "market_cap": 1346822440166.6748
        },
        {
            "timestamp": "2024-10-20 16:20:00",
            "symbol": "BTC",
            "price": 68540.51591958213,
            "volume_24h": 15221916329.7,
            "market_cap": 1355074649665.7932
        },
        {
            "timestamp": "2024-10-21 16:20:00",
            "symbol": "BTC",
            "price": 67115.1527028007,
            "volume_24h": 35379064054.35,
            "market_cap": 1326933214281.0037
        },
        {
            "timestamp": "2024-10-22 16:20:00",
            "symbol": "BTC",
            "price": 67041.85263696632,
            "volume_24h": 34063151619.62,
            "market_cap": 1325513363523.9475
        },
        {
            "timestamp": "2024-10-23 16:20:00",
            "symbol": "BTC",
            "price": 65978.63281313657,
            "volume_24h": 27806459859.35,
            "market_cap": 1304524777519.7737
        },
        {
            "timestamp": "2024-10-24 16:20:00",
            "symbol": "BTC",
            "price": 67358.26070074736,
            "volume_24h": 33373455405.81,
            "market_cap": 1331831914265.5503
        },
        {
            "timestamp": "2024-10-25 16:20:00",
            "symbol": "BTC",
            "price": 67752.74318666678,
            "volume_24h": 31699185073.15,
            "market_cap": 1339664353849.2815
        },
        {
            "timestamp": "2024-10-26 16:20:00",
            "symbol": "BTC",
            "price": 66759.37110382252,
            "volume_24h": 34538134420.34,
            "market_cap": 1320053072647.214
        },
        {
            "timestamp": "2024-10-27 16:20:00",
            "symbol": "BTC",
            "price": 67697.09587560219,
            "volume_24h": 14687597456.29,
            "market_cap": 1338625178781.8052
        },
        {
            "timestamp": "2024-10-28 16:20:00",
            "symbol": "BTC",
            "price": 68806.93764097379,
            "volume_24h": 29039592999.87,
            "market_cap": 1360609233414.721
        },
        {
            "timestamp": "2024-10-29 16:20:00",
            "symbol": "BTC",
            "price": 72573.59878635869,
            "volume_24h": 53166432349.52,
            "market_cap": 1435129707605.264
        },
        {
            "timestamp": "2024-10-30 16:20:00",
            "symbol": "BTC",
            "price": 71803.74388629277,
            "volume_24h": 48861282921.3,
            "market_cap": 1419941653530.7637
        },
        {
            "timestamp": "2024-10-31 16:20:00",
            "symbol": "BTC",
            "price": 70809.97239962073,
            "volume_24h": 39783391240.58,
            "market_cap": 1400325339189.84
        },
        {
            "timestamp": "2024-11-01 16:20:00",
            "symbol": "BTC",
            "price": 70428.60972208265,
            "volume_24h": 49396382777.61,
            "market_cap": 1392819075162.0662
        },
        {
            "timestamp": "2024-11-02 16:20:00",
            "symbol": "BTC",
            "price": 69315.15418053493,
            "volume_24h": 27930505572.79,
            "market_cap": 1370828475439.894
        },
        {
            "timestamp": "2024-11-03 16:20:00",
            "symbol": "BTC",
            "price": 68414.07985934561,
            "volume_24h": 28308575250.25,
            "market_cap": 1353038256053.4514
        },
        {
            "timestamp": "2024-11-04 16:20:00",
            "symbol": "BTC",
            "price": 68430.83740927682,
            "volume_24h": 35427924557.24,
            "market_cap": 1353400877764.234
        },
        {
            "timestamp": "2024-11-05 16:20:00",
            "symbol": "BTC",
            "price": 69853.24821763812,
            "volume_24h": 44972051679.94,
            "market_cap": 1381564947692.7578
        },
        {
            "timestamp": "2024-11-06 16:20:00",
            "symbol": "BTC",
            "price": 74382.9286007627,
            "volume_24h": 109088258797.98,
            "market_cap": 1471187365071.7583
        },
        {
            "timestamp": "2024-11-07 16:20:00",
            "symbol": "BTC",
            "price": 75753.73288147419,
            "volume_24h": 63918672133.35,
            "market_cap": 1498336870349.322
        },
        {
            "timestamp": "2024-11-08 16:20:00",
            "symbol": "BTC",
            "price": 76420.30986472384,
            "volume_24h": 60426741778.43,
            "market_cap": 1511555213288.0657
        },
        {
            "timestamp": "2024-11-09 16:20:00",
            "symbol": "BTC",
            "price": 76238.60420440442,
            "volume_24h": 39123375155.11,
            "market_cap": 1507994330699.4292
        },
        {
            "timestamp": "2024-11-10 16:20:00",
            "symbol": "BTC",
            "price": 79611.37580902709,
            "volume_24h": 62689958896.72,
            "market_cap": 1574744539607.3762
        },
        {
            "timestamp": "2024-11-11 16:20:00",
            "symbol": "BTC",
            "price": 84744.48749639197,
            "volume_24h": 92166712039.48,
            "market_cap": 1676314012502.0928
        },
        {
            "timestamp": "2024-11-12 16:20:00",
            "symbol": "BTC",
            "price": 86297.03148980114,
            "volume_24h": 152690401900.1,
            "market_cap": 1707063413048.7234
        },
        {
            "timestamp": "2024-11-13 16:20:00",
            "symbol": "BTC",
            "price": 93215.6487276322,
            "volume_24h": 112630098180.11,
            "market_cap": 1843962786631.9685
        },
        {
            "timestamp": "2024-11-14 16:20:00",
            "symbol": "BTC",
            "price": 88298.29087162296,
            "volume_24h": 106569447357.18,
            "market_cap": 1746730034766.0762
        },
        {
            "timestamp": "2024-11-15 16:20:00",
            "symbol": "BTC",
            "price": 89006.89577478915,
            "volume_24h": 80373107708.79,
            "market_cap": 1760786392244.0117
        },
        {
            "timestamp": "2024-11-16 16:20:00",
            "symbol": "BTC",
            "price": 90620.00444474503,
            "volume_24h": 59110577495.05,
            "market_cap": 1792738900870.5557
        },
        {
            "timestamp": "2024-11-17 16:20:00",
            "symbol": "BTC",
            "price": 90258.7005536738,
            "volume_24h": 43268309465.02,
            "market_cap": 1785634897836.317
        },
        {
            "timestamp": "2024-11-18 16:20:00",
            "symbol": "BTC",
            "price": 92007.97156025728,
            "volume_24h": 63395055301.28,
            "market_cap": 1820285341316.244
        },
        {
            "timestamp": "2024-11-19 16:20:00",
            "symbol": "BTC",
            "price": 92376.44788010746,
            "volume_24h": 70942970302.33,
            "market_cap": 1827624419624.5264
        },
        {
            "timestamp": "2024-11-20 16:20:00",
            "symbol": "BTC",
            "price": 94347.7727468982,
            "volume_24h": 76921805090.46,
            "market_cap": 1866671249884.017
        },
        {
            "timestamp": "2024-11-21 16:20:00",
            "symbol": "BTC",
            "price": 96801.00357821636,
            "volume_24h": 99414820764.37,
            "market_cap": 1915253836271.71
        },
        {
            "timestamp": "2024-11-22 16:20:00",
            "symbol": "BTC",
            "price": 98488.87407648696,
            "volume_24h": 83773805689.77,
            "market_cap": 1948696233500.2896
        },
        {
            "timestamp": "2024-11-23 16:20:00",
            "symbol": "BTC",
            "price": 98159.77314730776,
            "volume_24h": 53596806140.72,
            "market_cap": 1942222940294.821
        },
        {
            "timestamp": "2024-11-24 16:20:00",
            "symbol": "BTC",
            "price": 96220.11285500042,
            "volume_24h": 50627770594.35,
            "market_cap": 1903882644492.8896
        },
        {
            "timestamp": "2024-11-25 16:20:00",
            "symbol": "BTC",
            "price": 96295.20647779782,
            "volume_24h": 63881786572.37,
            "market_cap": 1905420020643.5864
        },
        {
            "timestamp": "2024-11-26 16:20:00",
            "symbol": "BTC",
            "price": 93459.86296883327,
            "volume_24h": 94974831828.88,
            "market_cap": 1849361524979.8865
        },
        {
            "timestamp": "2024-11-27 16:20:00",
            "symbol": "BTC",
            "price": 95762.78307360387,
            "volume_24h": 75768423035.2,
            "market_cap": 1894969465031.332
        },
        {
            "timestamp": "2024-11-28 16:20:00",
            "symbol": "BTC",
            "price": 95237.56390744253,
            "volume_24h": 65920100657.92,
            "market_cap": 1884616247625.103
        },
        {
            "timestamp": "2024-11-29 16:20:00",
            "symbol": "BTC",
            "price": 97944.17719238538,
            "volume_24h": 51332943455.66,
            "market_cap": 1938218497790.2407
        },
        {
            "timestamp": "2024-11-30 16:20:00",
            "symbol": "BTC",
            "price": 96625.15922175325,
            "volume_24h": 40267105476.18,
            "market_cap": 1912125518106.152
        },
        {
            "timestamp": "2024-12-01 16:20:00",
            "symbol": "BTC",
            "price": 97366.78104546123,
            "volume_24h": 32475568343.47,
            "market_cap": 1926883046983.1584
        },
        {
            "timestamp": "2024-12-02 16:20:00",
            "symbol": "BTC",
            "price": 97135.7292053784,
            "volume_24h": 60532063790.33,
            "market_cap": 1922354255316.016
        },
        {
            "timestamp": "2024-12-03 16:20:00",
            "symbol": "BTC",
            "price": 95808.56150770329,
            "volume_24h": 71003494511.2,
            "market_cap": 1896105851500.3845
        },
        {
            "timestamp": "2024-12-04 16:20:00",
            "symbol": "BTC",
            "price": 95224.64922863936,
            "volume_24h": 59583676521.06,
            "market_cap": 1884549895835.535
        },
        {
            "timestamp": "2024-12-05 16:20:00",
            "symbol": "BTC",
            "price": 101996.41699277711,
            "volume_24h": 138036413603.94,
            "market_cap": 2018567026251.911
        },
        {
            "timestamp": "2024-12-06 16:20:00",
            "symbol": "BTC",
            "price": 99417.84492160652,
            "volume_24h": 116743890887.51,
            "market_cap": 1967535620334.5088
        },
        {
            "timestamp": "2024-12-07 16:20:00",
            "symbol": "BTC",
            "price": 99681.37262315216,
            "volume_24h": 62940541259.9,
            "market_cap": 1972750983231.8315
        },
        {
            "timestamp": "2024-12-08 16:20:00",
            "symbol": "BTC",
            "price": 100121.1078134516,
            "volume_24h": 42933638713.02,
            "market_cap": 1981453592417.4456
        },
        {
            "timestamp": "2024-12-09 16:20:00",
            "symbol": "BTC",
            "price": 98194.46923872732,
            "volume_24h": 77070030899.85,
            "market_cap": 1943328346666.18
        },
        {
            "timestamp": "2024-12-10 16:20:00",
            "symbol": "BTC",
            "price": 95366.76715526287,
            "volume_24h": 113068382774.91,
            "market_cap": 1887676056256.803
        },
        {
            "timestamp": "2024-12-11 16:20:00",
            "symbol": "BTC",
            "price": 100773.56253968038,
            "volume_24h": 93549195842.54,
            "market_cap": 1994756237277.951
        },
        {
            "timestamp": "2024-12-12 16:20:00",
            "symbol": "BTC",
            "price": 102507.03557616308,
            "volume_24h": 77743135532.95,
            "market_cap": 2029125436638.686
        },
        {
            "timestamp": "2024-12-13 16:20:00",
            "symbol": "BTC",
            "price": 100240.8719175781,
            "volume_24h": 61269829393.02,
            "market_cap": 1984325297146.3235
        },
        {
            "timestamp": "2024-12-14 16:20:00",
            "symbol": "BTC",
            "price": 101484.09588329328,
            "volume_24h": 49153150740.03,
            "market_cap": 2008964243943.5784
        },
        {
            "timestamp": "2024-12-15 16:20:00",
            "symbol": "BTC",
            "price": 103001.19766262984,
            "volume_24h": 43383782373.97,
            "market_cap": 2039062488519.868
        },
        {
            "timestamp": "2024-12-16 16:20:00",
            "symbol": "BTC",
            "price": 106706.82580182138,
            "volume_24h": 77942599531.6,
            "market_cap": 2112468307868.6323
        },
        {
            "timestamp": "2024-12-17 16:20:00",
            "symbol": "BTC",
            "price": 106732.58955906105,
            "volume_24h": 76996101446.07,
            "market_cap": 2113025740617.3533
        },
        {
            "timestamp": "2024-12-18 16:20:00",
            "symbol": "BTC",
            "price": 103542.79267380196,
            "volume_24h": 73252450340.44,
            "market_cap": 2049927266506.8467
        },
        {
            "timestamp": "2024-12-19 16:20:00",
            "symbol": "BTC",
            "price": 100021.71988244884,
            "volume_24h": 98973625496.48,
            "market_cap": 1980257816270.8496
        },
        {
            "timestamp": "2024-12-20 16:20:00",
            "symbol": "BTC",
            "price": 97370.55067430956,
            "volume_24h": 123729668940.03,
            "market_cap": 1927816942832.8987
        },
        {
            "timestamp": "2024-12-21 16:20:00",
            "symbol": "BTC",
            "price": 97501.7756130843,
            "volume_24h": 61819099094.39,
            "market_cap": 1930457448223.9053
        },
        {
            "timestamp": "2024-12-22 16:20:00",
            "symbol": "BTC",
            "price": 95511.06849520624,
            "volume_24h": 42026186089.9,
            "market_cap": 1891088115107.8228
        },
        {
            "timestamp": "2024-12-23 16:20:00",
            "symbol": "BTC",
            "price": 92932.42697453192,
            "volume_24h": 57888286587.71,
            "market_cap": 1840074507040.9463
        },
        {
            "timestamp": "2024-12-24 16:20:00",
            "symbol": "BTC",
            "price": 98278.3278456623,
            "volume_24h": 53130351911.61,
            "market_cap": 1945965239259.412
        },
        {
            "timestamp": "2024-12-25 16:20:00",
            "symbol": "BTC",
            "price": 98181.56505360016,
            "volume_24h": 39691950564.04,
            "market_cap": 1944095624165.463
        },
        {
            "timestamp": "2024-12-26 16:20:00",
            "symbol": "BTC",
            "price": 96408.38173607658,
            "volume_24h": 44877850008.5,
            "market_cap": 1909026328978.124
        },
        {
            "timestamp": "2024-12-27 16:20:00",
            "symbol": "BTC",
            "price": 94199.91708713266,
            "volume_24h": 49478483524.36,
            "market_cap": 1865337620767.444
        },
        {
            "timestamp": "2024-12-28 16:20:00",
            "symbol": "BTC",
            "price": 94400.17453614934,
            "volume_24h": 31777733207.93,
            "market_cap": 1869346995429.0583
        },
        {
            "timestamp": "2024-12-29 16:20:00",
            "symbol": "BTC",
            "price": 93875.56121809408,
            "volume_24h": 23418245631.14,
            "market_cap": 1859006285983.448
        },
        {
            "timestamp": "2024-12-30 16:20:00",
            "symbol": "BTC",
            "price": 92013.77924314648,
            "volume_24h": 47397995870.54,
            "market_cap": 1822175830389.348
        },
        {
            "timestamp": "2024-12-31 16:20:00",
            "symbol": "BTC",
            "price": 95091.3452853762,
            "volume_24h": 53914997294.39,
            "market_cap": 1883169983762.5327
        },
        {
            "timestamp": "2025-01-01 16:20:00",
            "symbol": "BTC",
            "price": 93934.1426291814,
            "volume_24h": 28507857149.86,
            "market_cap": 1860288480905.6963
        },
        {
            "timestamp": "2025-01-02 16:20:00",
            "symbol": "BTC",
            "price": 96914.27607658104,
            "volume_24h": 40386581345.54,
            "market_cap": 1919359907870.834
        },
        {
            "timestamp": "2025-01-03 16:20:00",
            "symbol": "BTC",
            "price": 97754.7205491262,
            "volume_24h": 36099138188.78,
            "market_cap": 1936048076740.1736
        },
        {
            "timestamp": "2025-01-04 16:20:00",
            "symbol": "BTC",
            "price": 97770.74621076114,
            "volume_24h": 29355706700.73,
            "market_cap": 1936411615357.222
        },
        {
            "timestamp": "2025-01-05 16:20:00",
            "symbol": "BTC",
            "price": 98065.06777863488,
            "volume_24h": 19896773891.35,
            "market_cap": 1942286538930.4204
        },
        {
            "timestamp": "2025-01-06 16:20:00",
            "symbol": "BTC",
            "price": 102274.0344509918,
            "volume_24h": 42353728635.19,
            "market_cap": 2025697311165.8083
        },
        {
            "timestamp": "2025-01-07 16:20:00",
            "symbol": "BTC",
            "price": 97664.76425130817,
            "volume_24h": 52420910305.12,
            "market_cap": 1934445008878.018
        },
        {
            "timestamp": "2025-01-08 16:20:00",
            "symbol": "BTC",
            "price": 95007.95206689482,
            "volume_24h": 62600997412.9,
            "market_cap": 1881856899467.634
        },
        {
            "timestamp": "2025-01-09 16:20:00",
            "symbol": "BTC",
            "price": 94236.40908793884,
            "volume_24h": 63639465414.82,
            "market_cap": 1866612645657.757
        },
        {
            "timestamp": "2025-01-10 16:20:00",
            "symbol": "BTC",
            "price": 93613.8054020915,
            "volume_24h": 65073771117.1,
            "market_cap": 1854327065063.06
        },
        {
            "timestamp": "2025-01-11 16:20:00",
            "symbol": "BTC",
            "price": 94379.48556952724,
            "volume_24h": 31832566897.15,
            "market_cap": 1869537275288.2332
        },
        {
            "timestamp": "2025-01-12 16:20:00",
            "symbol": "BTC",
            "price": 94790.78687766372,
            "volume_24h": 20019953841.68,
            "market_cap": 1877728991881.5083
        },
        {
            "timestamp": "2025-01-13 16:20:00",
            "symbol": "BTC",
            "price": 91721.58490901766,
            "volume_24h": 58903796099.11,
            "market_cap": 1816959836914.2043
        },
        {
            "timestamp": "2025-01-14 16:20:00",
            "symbol": "BTC",
            "price": 95912.95310266668,
            "volume_24h": 59843273530.32,
            "market_cap": 1900044233129.606
        },
        {
            "timestamp": "2025-01-15 16:20:00",
            "symbol": "BTC",
            "price": 99216.21508711416,
            "volume_24h": 55265141980.32,
            "market_cap": 1965526797631.879
        },
        {
            "timestamp": "2025-01-16 16:20:00",
            "symbol": "BTC",
            "price": 99426.7078816358,
            "volume_24h": 53917911051.15,
            "market_cap": 1969738731628.1875
        },
        {
            "timestamp": "2025-01-17 16:20:00",
            "symbol": "BTC",
            "price": 104678.50621281464,
            "volume_24h": 63833943216.36,
            "market_cap": 2073828072020.0745
        },
        {
            "timestamp": "2025-01-18 16:20:00",
            "symbol": "BTC",
            "price": 103896.65328623448,
            "volume_24h": 61288785698.05,
            "market_cap": 2058384494822.2712
        },
        {
            "timestamp": "2025-01-19 16:20:00",
            "symbol": "BTC",
            "price": 104734.35103499168,
            "volume_24h": 58777061074.21,
            "market_cap": 2075027335667.0552
        },
        {
            "timestamp": "2025-01-20 16:20:00",
            "symbol": "BTC",
            "price": 104747.1382307202,
            "volume_24h": 116642587239.87,
            "market_cap": 2075327501267.9043
        },
        {
            "timestamp": "2025-01-21 16:20:00",
            "symbol": "BTC",
            "price": 106128.99654536856,
            "volume_24h": 104057347308.28,
            "market_cap": 2102753973062.731
        },
        {
            "timestamp": "2025-01-22 16:20:00",
            "symbol": "BTC",
            "price": 104037.82375218737,
            "volume_24h": 63625601669.3,
            "market_cap": 2061367361982.3472
        },
        {
            "timestamp": "2025-01-23 16:20:00",
            "symbol": "BTC",
            "price": 105874.25109004554,
            "volume_24h": 80608074813.16,
            "market_cap": 2097803951391.531
        },
        {
            "timestamp": "2025-01-24 16:20:00",
            "symbol": "BTC",
            "price": 106002.51989097214,
            "volume_24h": 76046662820.67,
            "market_cap": 2100387884402.3464
        },
        {
            "timestamp": "2025-01-25 16:20:00",
            "symbol": "BTC",
            "price": 104931.54064537805,
            "volume_24h": 35261660832.54,
            "market_cap": 2079209243912.589
        },
        {
            "timestamp": "2025-01-26 16:20:00",
            "symbol": "BTC",
            "price": 104947.04380963452,
            "volume_24h": 20070430099.57,
            "market_cap": 2079562719394.373
        },
        {
            "timestamp": "2025-01-27 16:20:00",
            "symbol": "BTC",
            "price": 100919.86912746695,
            "volume_24h": 75819765946.7,
            "market_cap": 1999810768412.3955
        },
        {
            "timestamp": "2025-01-28 16:20:00",
            "symbol": "BTC",
            "price": 102216.62470403948,
            "volume_24h": 53964265003.4,
            "market_cap": 2025554891256.1587
        },
        {
            "timestamp": "2025-01-29 16:20:00",
            "symbol": "BTC",
            "price": 101772.8963603418,
            "volume_24h": 39776285995.59,
            "market_cap": 2016807636857.2175
        },
        {
            "timestamp": "2025-01-30 16:20:00",
            "symbol": "BTC",
            "price": 105859.44337479184,
            "volume_24h": 54452653902.89,
            "market_cap": 2097839031560.245
        },
        {
            "timestamp": "2025-01-31 16:20:00",
            "symbol": "BTC",
            "price": 105196.58432272349,
            "volume_24h": 36954757400.82,
            "market_cap": 2084751298431.492
        },
        {
            "timestamp": "2025-02-01 16:20:00",
            "symbol": "BTC",
            "price": 101910.03440266078,
            "volume_24h": 37348068486.99,
            "market_cap": 2019667634926.8508
        },
        {
            "timestamp": "2025-02-02 16:20:00",
            "symbol": "BTC",
            "price": 99050.65646140682,
            "volume_24h": 43833962061.13,
            "market_cap": 1963057721478.095
        },
        {
            "timestamp": "2025-02-03 16:20:00",
            "symbol": "BTC",
            "price": 98776.84513213806,
            "volume_24h": 116183135665.51,
            "market_cap": 1957677653935.49
        },
        {
            "timestamp": "2025-02-04 16:20:00",
            "symbol": "BTC",
            "price": 99691.78082180789,
            "volume_24h": 73529810655.49,
            "market_cap": 1975857699141.657
        },
        {
            "timestamp": "2025-02-05 16:20:00",
            "symbol": "BTC",
            "price": 97525.49487634657,
            "volume_24h": 58306744440.1,
            "market_cap": 1932961062453.3867
        },
        {
            "timestamp": "2025-02-06 16:20:00",
            "symbol": "BTC",
            "price": 97236.39667564991,
            "volume_24h": 47397809724.59,
            "market_cap": 1927274583728.0996
        },
        {
            "timestamp": "2025-02-07 16:20:00",
            "symbol": "BTC",
            "price": 98473.65939932076,
            "volume_24h": 53413811731.92,
            "market_cap": 1951848470900.784
        },
        {
            "timestamp": "2025-02-08 16:20:00",
            "symbol": "BTC",
            "price": 95807.2078331605,
            "volume_24h": 36024550682.25,
            "market_cap": 1899049084955.1235
        },
        {
            "timestamp": "2025-02-09 16:20:00",
            "symbol": "BTC",
            "price": 96518.72851770144,
            "volume_24h": 23935418800.02,
            "market_cap": 1913195394902.62
        },
        {
            "timestamp": "2025-02-10 16:20:00",
            "symbol": "BTC",
            "price": 97056.82169483992,
            "volume_24h": 41482223988.4,
            "market_cap": 1923894289522.7104
        },
        {
            "timestamp": "2025-02-11 16:20:00",
            "symbol": "BTC",
            "price": 96994.49329922209,
            "volume_24h": 31601084807.28,
            "market_cap": 1922702441771.8196
        },
        {
            "timestamp": "2025-02-12 16:20:00",
            "symbol": "BTC",
            "price": 95488.60593171556,
            "volume_24h": 45349204759.65,
            "market_cap": 1892894794001.6985
        },
        {
            "timestamp": "2025-02-13 16:20:00",
            "symbol": "BTC",
            "price": 95708.76710079734,
            "volume_24h": 42633462890.05,
            "market_cap": 1897304279095.2537
        },
        {
            "timestamp": "2025-02-14 16:20:00",
            "symbol": "BTC",
            "price": 96639.20656398898,
            "volume_24h": 27983127131.96,
            "market_cap": 1915795538601.0696
        },
        {
            "timestamp": "2025-02-15 16:20:00",
            "symbol": "BTC",
            "price": 97664.28760633936,
            "volume_24h": 26699087111.87,
            "market_cap": 1936163639880.794
        },
        {
            "timestamp": "2025-02-16 16:20:00",
            "symbol": "BTC",
            "price": 97016.42104677972,
            "volume_24h": 15358483208.85,
            "market_cap": 1923368107224.6167
        },
        {
            "timestamp": "2025-02-17 16:20:00",
            "symbol": "BTC",
            "price": 95671.71102091644,
            "volume_24h": 24797893589.79,
            "market_cap": 1896749935061.68
        },
        {
            "timestamp": "2025-02-18 16:20:00",
            "symbol": "BTC",
            "price": 95574.78273309192,
            "volume_24h": 29288648442.77,
            "market_cap": 1894868031835.8489
        },
        {
            "timestamp": "2025-02-19 16:20:00",
            "symbol": "BTC",
            "price": 96333.77050179536,
            "volume_24h": 36425170176.82,
            "market_cap": 1909957262167.944
        },
        {
            "timestamp": "2025-02-20 16:20:00",
            "symbol": "BTC",
            "price": 97519.07190874196,
            "volume_24h": 29743567315.49,
            "market_cap": 1933496010873.8408
        },
        {
            "timestamp": "2025-02-21 16:20:00",
            "symbol": "BTC",
            "price": 98556.49966601284,
            "volume_24h": 38901154972.89,
            "market_cap": 1954107117584.944
        },
        {
            "timestamp": "2025-02-22 16:20:00",
            "symbol": "BTC",
            "price": 96777.48404777488,
            "volume_24h": 35517961041.44,
            "market_cap": 1918875501118.97
        },
        {
            "timestamp": "2025-02-23 16:20:00",
            "symbol": "BTC",
            "price": 95503.30595153058,
            "volume_24h": 15124569062.44,
            "market_cap": 1893648432214.4016
        },
        {
            "timestamp": "2025-02-24 16:20:00",
            "symbol": "BTC",
            "price": 94474.1001285118,
            "volume_24h": 31087513452.48,
            "market_cap": 1873281111509.6985
        },
        {
            "timestamp": "2025-02-25 16:20:00",
            "symbol": "BTC",
            "price": 86755.00813123878,
            "volume_24h": 85633553916.53,
            "market_cap": 1720262280074.0735
        },
        {
            "timestamp": "2025-02-26 16:20:00",
            "symbol": "BTC",
            "price": 86440.06986227432,
            "volume_24h": 53862306940.59,
            "market_cap": 1714057660289.3577
        },
        {
            "timestamp": "2025-02-27 16:20:00",
            "symbol": "BTC",
            "price": 85354.08056525401,
            "volume_24h": 67913501115.11,
            "market_cap": 1692563394325.414
        },
        {
            "timestamp": "2025-02-28 16:20:00",
            "symbol": "BTC",
            "price": 83662.42854459822,
            "volume_24h": 84530703366.68,
            "market_cap": 1659059924985.3718
        },
        {
            "timestamp": "2025-03-01 16:20:00",
            "symbol": "BTC",
            "price": 84942.37206003463,
            "volume_24h": 40490436827.28,
            "market_cap": 1684477315407.4363
        },
        {
            "timestamp": "2025-03-02 16:20:00",
            "symbol": "BTC",
            "price": 89327.38471219216,
            "volume_24h": 28795020619.59,
            "market_cap": 1771478164442.8962
        },
        {
            "timestamp": "2025-03-03 16:20:00",
            "symbol": "BTC",
            "price": 90368.02264782236,
            "volume_24h": 78305925529.81,
            "market_cap": 1792153773945.3848
        },
        {
            "timestamp": "2025-03-04 16:20:00",
            "symbol": "BTC",
            "price": 82621.64922132611,
            "volume_24h": 71234348942.68,
            "market_cap": 1638565932064.5132
        },
        {
            "timestamp": "2025-03-05 16:20:00",
            "symbol": "BTC",
            "price": 87988.63694293314,
            "volume_24h": 58418664687.23,
            "market_cap": 1745042825113.9573
        },
        {
            "timestamp": "2025-03-06 16:20:00",
            "symbol": "BTC",
            "price": 90751.43211442811,
            "volume_24h": 46020503307.38,
            "market_cap": 1799879959482.8616
        },
        {
            "timestamp": "2025-03-07 16:20:00",
            "symbol": "BTC",
            "price": 88283.48552898281,
            "volume_24h": 60994613323.99,
            "market_cap": 1750974571279.415
        },
        {
            "timestamp": "2025-03-08 16:20:00",
            "symbol": "BTC",
            "price": 86203.38267115019,
            "volume_24h": 35858225475.02,
            "market_cap": 1709756512645.4702
        },
        {
            "timestamp": "2025-03-09 16:20:00",
            "symbol": "BTC",
            "price": 83400.15387305133,
            "volume_24h": 19960007190.21,
            "market_cap": 1654199017592.5747
        },
        {
            "timestamp": "2025-03-10 16:20:00",
            "symbol": "BTC",
            "price": 79662.61434565744,
            "volume_24h": 50815940372.03,
            "market_cap": 1580102697813.5684
        },
        {
            "timestamp": "2025-03-11 16:20:00",
            "symbol": "BTC",
            "price": 80865.82576549881,
            "volume_24h": 60631219310.23,
            "market_cap": 1604007455973.8389
        },
        {
            "timestamp": "2025-03-12 16:20:00",
            "symbol": "BTC",
            "price": 82038.41320803737,
            "volume_24h": 43638572901.86,
            "market_cap": 1627304940169.1765
        },
        {
            "timestamp": "2025-03-13 16:20:00",
            "symbol": "BTC",
            "price": 80958.63401195021,
            "volume_24h": 30405197146.27,
            "market_cap": 1605925823748.7988
        },
        {
            "timestamp": "2025-03-14 16:20:00",
            "symbol": "BTC",
            "price": 84693.98329601924,
            "volume_24h": 30921472932.51,
            "market_cap": 1680059725196.057
        },
        {
            "timestamp": "2025-03-15 16:20:00",
            "symbol": "BTC",
            "price": 84268.86347998233,
            "volume_24h": 18838700055.7,
            "market_cap": 1671660658153.283
        },
        {
            "timestamp": "2025-03-16 16:20:00",
            "symbol": "BTC",
            "price": 84296.4077795546,
            "volume_24h": 15947057816.46,
            "market_cap": 1672248365943.8103
        },
        {
            "timestamp": "2025-03-17 16:20:00",
            "symbol": "BTC",
            "price": 83749.06892316496,
            "volume_24h": 26386656148.25,
            "market_cap": 1661423409193.4658
        },
        {
            "timestamp": "2025-03-18 16:20:00",
            "symbol": "BTC",
            "price": 81689.06141016535,
            "volume_24h": 24379701321.7,
            "market_cap": 1620594244708.9253
        },
        {
            "timestamp": "2025-03-19 16:20:00",
            "symbol": "BTC",
            "price": 84570.09040289432,
            "volume_24h": 25122466940.77,
            "market_cap": 1677789660016.9077
        },
        {
            "timestamp": "2025-03-20 16:20:00",
            "symbol": "BTC",
            "price": 84512.00982077974,
            "volume_24h": 36953655344.09,
            "market_cap": 1676677540055.5364
        },
        {
            "timestamp": "2025-03-21 16:20:00",
            "symbol": "BTC",
            "price": 83670.3960653235,
            "volume_24h": 21990389950.81,
            "market_cap": 1660014633667.5017
        },
        {
            "timestamp": "2025-03-22 16:20:00",
            "symbol": "BTC",
            "price": 84090.04483728601,
            "volume_24h": 12155458515.45,
            "market_cap": 1668378023338.5684
        },
        {
            "timestamp": "2025-03-23 16:20:00",
            "symbol": "BTC",
            "price": 85265.16208914093,
            "volume_24h": 11018815296.0,
            "market_cap": 1691733802827.3042
        },
        {
            "timestamp": "2025-03-24 16:20:00",
            "symbol": "BTC",
            "price": 88148.44146800031,
            "volume_24h": 28274084697.19,
            "market_cap": 1748986547277.469
        },
        {
            "timestamp": "2025-03-25 16:20:00",
            "symbol": "BTC",
            "price": 87807.00574436017,
            "volume_24h": 31027288046.52,
            "market_cap": 1742250627104.549
        },
        {
            "timestamp": "2025-03-26 16:20:00",
            "symbol": "BTC",
            "price": 86645.5081731646,
            "volume_24h": 28718698881.46,
            "market_cap": 1719245820242.3513
        },
        {
            "timestamp": "2025-03-27 16:20:00",
            "symbol": "BTC",
            "price": 87214.68279899098,
            "volume_24h": 26786591208.17,
            "market_cap": 1730580455329.9202
        },
        {
            "timestamp": "2025-03-28 16:20:00",
            "symbol": "BTC",
            "price": 83765.83938236469,
            "volume_24h": 31766562290.59,
            "market_cap": 1662185152070.678
        },
        {
            "timestamp": "2025-03-29 16:20:00",
            "symbol": "BTC",
            "price": 82537.87281393274,
            "volume_24h": 19986995319.94,
            "market_cap": 1637856786757.8372
        },
        {
            "timestamp": "2025-03-30 16:20:00",
            "symbol": "BTC",
            "price": 82767.61375565905,
            "volume_24h": 14378133447.6,
            "market_cap": 1642449797340.0388
        },
        {
            "timestamp": "2025-03-31 16:20:00",
            "symbol": "BTC",
            "price": 83422.9887661686,
            "volume_24h": 27324357145.16,
            "market_cap": 1655492672795.536
        },
        {
            "timestamp": "2025-04-01 16:20:00",
            "symbol": "BTC",
            "price": 85148.47661336687,
            "volume_24h": 27466719361.1,
            "market_cap": 1689774924331.33
        },
        {
            "timestamp": "2025-04-02 16:20:00",
            "symbol": "BTC",
            "price": 86991.07731646423,
            "volume_24h": 31529981562.55,
            "market_cap": 1726383599660.8235
        },
        {
            "timestamp": "2025-04-03 16:20:00",
            "symbol": "BTC",
            "price": 82268.87711157529,
            "volume_24h": 51359949805.16,
            "market_cap": 1632708381962.9546
        },
        {
            "timestamp": "2025-04-04 16:20:00",
            "symbol": "BTC",
            "price": 83055.02091683143,
            "volume_24h": 43929060193.98,
            "market_cap": 1648357950917.5266
        },
        {
            "timestamp": "2025-04-05 16:20:00",
            "symbol": "BTC",
            "price": 82657.00251449566,
            "volume_24h": 20960108437.34,
            "market_cap": 1640503861030.5098
        },
        {
            "timestamp": "2025-04-06 16:20:00",
            "symbol": "BTC",
            "price": 82307.6346198028,
            "volume_24h": 13711158414.53,
            "market_cap": 1633602259653.9592
        },
        {
            "timestamp": "2025-04-07 16:20:00",
            "symbol": "BTC",
            "price": 78143.49041515621,
            "volume_24h": 98256276644.46,
            "market_cap": 1550991685186.0588
        },
        {
            "timestamp": "2025-04-08 16:20:00",
            "symbol": "BTC",
            "price": 78013.73498859243,
            "volume_24h": 48933318100.14,
            "market_cap": 1548452888440.3523
        },
        {
            "timestamp": "2025-04-09 16:20:00",
            "symbol": "BTC",
            "price": 77663.36923333224,
            "volume_24h": 62249016726.65,
            "market_cap": 1541534080506.2422
        },
        {
            "timestamp": "2025-04-10 16:20:00",
            "symbol": "BTC",
            "price": 78753.78996788566,
            "volume_24h": 68328080175.44,
            "market_cap": 1563211225883.8914
        },
        {
            "timestamp": "2025-04-11 16:20:00",
            "symbol": "BTC",
            "price": 82208.27272277068,
            "volume_24h": 42276203322.51,
            "market_cap": 1631819005016.5442
        },
        {
            "timestamp": "2025-04-12 16:20:00",
            "symbol": "BTC",
            "price": 84941.61825503118,
            "volume_24h": 29356801073.67,
            "market_cap": 1686115500606.808
        },
        {
            "timestamp": "2025-04-13 16:20:00",
            "symbol": "BTC",
            "price": 84164.42262583271,
            "volume_24h": 25623232954.28,
            "market_cap": 1670728679892.6238
        },
        {
            "timestamp": "2025-04-14 16:20:00",
            "symbol": "BTC",
            "price": 84293.27896530955,
            "volume_24h": 35286370141.0,
            "market_cap": 1673325605367.638
        },
        {
            "timestamp": "2025-04-15 16:20:00",
            "symbol": "BTC",
            "price": 84965.41909019694,
            "volume_24h": 28745354439.22,
            "market_cap": 1686712258423.8171
        },
        {
            "timestamp": "2025-04-16 16:20:00",
            "symbol": "BTC",
            "price": 84908.68320790521,
            "volume_24h": 25931104042.0,
            "market_cap": 1685620424797.9148
        },
        {
            "timestamp": "2025-04-17 16:20:00",
            "symbol": "BTC",
            "price": 84735.52638947054,
            "volume_24h": 25122482614.96,
            "market_cap": 1682225256389.0808
        },
        {
            "timestamp": "2025-04-18 16:20:00",
            "symbol": "BTC",
            "price": 84470.38111645794,
            "volume_24h": 15883848088.48,
            "market_cap": 1676999176754.2944
        },
        {
            "timestamp": "2025-04-19 16:20:00",
            "symbol": "BTC",
            "price": 85226.53222225279,
            "volume_24h": 14457543524.26,
            "market_cap": 1692044957474.4958
        },
        {
            "timestamp": "2025-04-20 16:20:00",
            "symbol": "BTC",
            "price": 84433.19930808211,
            "volume_24h": 14588406996.14,
            "market_cap": 1676331419771.106
        },
        {
            "timestamp": "2025-04-21 16:20:00",
            "symbol": "BTC",
            "price": 88019.64988874678,
            "volume_24h": 35481130975.96,
            "market_cap": 1747570735277.3923
        },
        {
            "timestamp": "2025-04-22 16:20:00",
            "symbol": "BTC",
            "price": 90751.2768119171,
            "volume_24h": 44847683417.72,
            "market_cap": 1801845274550.563
        },
        {
            "timestamp": "2025-04-23 16:20:00",
            "symbol": "BTC",
            "price": 93115.44632961876,
            "volume_24h": 53923334413.82,
            "market_cap": 1848821992230.5464
        }
    ],
    "investment_thesis": "BTC presents a good investment opportunity based on its overall score of 67.5/100. Technically, BTC shows very strong indicators with a score of 75.0/100, suggesting positive price momentum. Fundamentally strong (77.0/100), this cryptocurrency demonstrates solid market presence and stability. Despite mixed sentiment (42.0/100), other factors suggest potential upside. Multiple bullish patterns (inverse head and shoulders, double bottom) have been identified, strengthening the positive case. Chart analysis reveals a double top pattern, suggesting potential downside risk. This analysis is set against a broader market that is currently in a strong bullish trend with sentiment showing greed. Based on comprehensive analysis, BTC is rated as a Strong Buy with above-average potential for significant price appreciation.",
    "risk_assessment": "BTC is classified as a conservative risk investment. As a large-cap cryptocurrency (market cap: $1852.88B) ranked #3 globally, it presents relatively lower volatility compared to smaller cryptocurrencies. Historical volatility (44.2% annualized) is moderate for the crypto market. With a daily trading volume of $50380.01M and liquidity ratio of 0.027, BTC offers sufficient liquidity for most investors. Primary risks include regulatory changes, market-wide corrections, and competition from other established cryptocurrencies. The RSI of 89.5 indicates overbought conditions, increasing the risk of a short-term correction. The current bullish market environment potentially reduces short-term downside risk, though caution is warranted for any sudden sentiment changes.",
    "analysis_time": "2025-04-23 20:16:22",
    "predictions": {
        "predicted_price_7d": 96377.00170157106,
        "predicted_price_30d": 102324.46487751833,
        "price_change_7d": 2.9000000000000057,
        "price_change_30d": 9.249999999999982,
        "prediction_confidence": 85,
        "trend": "bullish",
        "last_rsi": 77.95287046348999
    }
}