{
    "symbol": "ETH",
    "name": "Ethereum",
    "price_usd": 1787.959620808011,
    "market_cap_usd": 215830130938.0519,
    "volume_24h_usd": 25578048200.48701,
    "percent_change_24h": 5.06839734,
    "percent_change_7d": 14.45979869,
    "technical_score": 47,
    "fundamental_score": 74,
    "sentiment_score": 48,
    "total_score": 56.7,
    "technical_weight": 0.4,
    "fundamental_weight": 0.35,
    "sentiment_weight": 0.25,
    "risk_profile": "Conservative",
    "market_opportunity": "Moderate",
    "recommendation": "Buy",
    "rank": 7,
    "technical_data": {
        "symbol": "ETH",
        "price": 1788.585560051211,
        "ma_7": 1638.5375878809948,
        "ma_30": 1718.7925800209207,
        "ma_90": 2241.1900200888203,
        "ma_200": 2759.5680523347532,
        "rsi_14": 75.10700971906333,
        "macd": -55.19639044811629,
        "macd_signal": -89.81790833895792,
        "bb_upper": 1810.9659119823689,
        "bb_middle": 1624.7412431022703,
        "bb_lower": 1438.5165742221718,
        "bb_width": 0.22923609488058833,
        "roc_7": 12.558364799338474,
        "roc_30": -14.051732894995272,
        "obv": -524933802590.98004,
        "tenkan_sen": 1683.6693085466545,
        "kijun_sen": 1704.8670632458152,
        "adx": 36.06278588219741,
        "stoch_k": 99.7007784112459,
        "stoch_d": 92.7574557882602,
        "mfi": 61.86017217432057,
        "psar": 1541.1707720559593,
        "technical_score": 47,
        "score_components": {
            "trend_score": 8,
            "momentum_score": 6,
            "volatility_score": 4,
            "support_resistance_score": 3,
            "volume_score": 10,
            "ichimoku_score": 0,
            "obv_score": 5,
            "adx_score": 5,
            "psar_score": 5,
            "ma_cross_score": 1
        }
    },
    "fundamental_data": {
        "symbol": "ETH",
        "market_cap_usd": 215830130938.0519,
        "volume_24h_usd": 25578048200.48701,
        "volume_mcap_ratio": 0.11851008980682352,
        "market_share": 8.03195286218185,
        "cmc_rank": 2,
        "price_change_30d": -14.56534626,
        "fundamental_score": 74,
        "score_components": {
            "market_cap_score": 25,
            "volume_mcap_score": 12,
            "rank_score": 15,
            "stability_score": 12,
            "growth_score": 2,
            "market_position_score": 8
        }
    },
    "sentiment_data": {
        "symbol": "ETH",
        "price_change_1h": -1.06045343,
        "price_change_24h": 5.06839734,
        "price_change_7d": 14.45979869,
        "market_avg_change_24h": 3.7310203413333327,
        "market_avg_change_7d": 11.602763898000001,
        "relative_performance_24h": 1.337376998666667,
        "relative_performance_7d": 2.8570347919999985,
        "fear_greed_value": 72,
        "fear_greed_classification": "Greed",
        "market_trend": "Strong Bullish",
        "sentiment_score": 48,
        "score_components": {
            "momentum_score": 19,
            "market_sentiment_score": 10,
            "relative_score": 9,
            "alignment_score": 10
        }
    },
    "pattern_data": {
        "head_and_shoulders": false,
        "inverse_head_and_shoulders": true,
        "double_top": true,
        "double_bottom": true,
        "ascending_triangle": false,
        "descending_triangle": false,
        "symmetric_triangle": false,
        "bullish_flag": false,
        "bearish_flag": false,
        "pattern_strength": 8
    },
    "divergence_data": {
        "bearish_divergence": false,
        "bullish_divergence": false,
        "bearish_divergence_strength": 0,
        "bullish_divergence_strength": 0,
        "rsi_divergences": [],
        "macd_divergences": []
    },
    "historical_data": [
        {
            "timestamp": "2024-04-29 16:20:00",
            "symbol": "ETH",
            "price": 3180.4101105032005,
            "volume_24h": 14779083029.9,
            "market_cap": 388184662358.3985
        },
        {
            "timestamp": "2024-04-30 16:20:00",
            "symbol": "ETH",
            "price": 2959.2393623895045,
            "volume_24h": 15882741603.52,
            "market_cap": 361194089166.39417
        },
        {
            "timestamp": "2024-05-01 16:20:00",
            "symbol": "ETH",
            "price": 2886.1958317478243,
            "volume_24h": 18488161562.31,
            "market_cap": 352281687578.55334
        },
        {
            "timestamp": "2024-05-02 16:20:00",
            "symbol": "ETH",
            "price": 2983.4772579178143,
            "volume_24h": 16893797624.09,
            "market_cap": 358290680356.39124
        },
        {
            "timestamp": "2024-05-03 16:20:00",
            "symbol": "ETH",
            "price": 3082.506460576484,
            "volume_24h": 12737723791.14,
            "market_cap": 370190571812.158
        },
        {
            "timestamp": "2024-05-04 16:20:00",
            "symbol": "ETH",
            "price": 3124.834916880788,
            "volume_24h": 9449582687.49,
            "market_cap": 375318006272.8186
        },
        {
            "timestamp": "2024-05-05 16:20:00",
            "symbol": "ETH",
            "price": 3155.3345731318545,
            "volume_24h": 8946306068.82,
            "market_cap": 378948567016.78
        },
        {
            "timestamp": "2024-05-06 16:20:00",
            "symbol": "ETH",
            "price": 3087.6001070693483,
            "volume_24h": 12067413960.38,
            "market_cap": 370819527321.1455
        },
        {
            "timestamp": "2024-05-07 16:20:00",
            "symbol": "ETH",
            "price": 3072.436368775845,
            "volume_24h": 11530477324.87,
            "market_cap": 369004330009.6073
        },
        {
            "timestamp": "2024-05-08 16:20:00",
            "symbol": "ETH",
            "price": 3009.323200779804,
            "volume_24h": 11566671276.44,
            "market_cap": 361429710767.21625
        },
        {
            "timestamp": "2024-05-09 16:20:00",
            "symbol": "ETH",
            "price": 3016.687210949978,
            "volume_24h": 11271688996.35,
            "market_cap": 362319949621.1333
        },
        {
            "timestamp": "2024-05-10 16:20:00",
            "symbol": "ETH",
            "price": 2928.955285247724,
            "volume_24h": 11525635616.59,
            "market_cap": 351788940392.0972
        },
        {
            "timestamp": "2024-05-11 16:20:00",
            "symbol": "ETH",
            "price": 2925.462879396184,
            "volume_24h": 8855657756.41,
            "market_cap": 351374762324.40497
        },
        {
            "timestamp": "2024-05-12 16:20:00",
            "symbol": "ETH",
            "price": 2948.634081962721,
            "volume_24h": 5733877045.41,
            "market_cap": 354164025683.8266
        },
        {
            "timestamp": "2024-05-13 16:20:00",
            "symbol": "ETH",
            "price": 2960.143519561087,
            "volume_24h": 12146467149.67,
            "market_cap": 355552517774.1897
        },
        {
            "timestamp": "2024-05-14 16:20:00",
            "symbol": "ETH",
            "price": 2886.593716673867,
            "volume_24h": 12866801438.99,
            "market_cap": 346723166608.2336
        },
        {
            "timestamp": "2024-05-15 16:20:00",
            "symbol": "ETH",
            "price": 2981.732316992507,
            "volume_24h": 13217972896.98,
            "market_cap": 358155956584.22424
        },
        {
            "timestamp": "2024-05-16 16:20:00",
            "symbol": "ETH",
            "price": 2952.11627500255,
            "volume_24h": 13992797644.53,
            "market_cap": 354603514446.4025
        },
        {
            "timestamp": "2024-05-17 16:20:00",
            "symbol": "ETH",
            "price": 3110.224530747251,
            "volume_24h": 14808632214.94,
            "market_cap": 373601139188.38086
        },
        {
            "timestamp": "2024-05-18 16:20:00",
            "symbol": "ETH",
            "price": 3115.653766101559,
            "volume_24h": 10638619528.36,
            "market_cap": 374259394973.2512
        },
        {
            "timestamp": "2024-05-19 16:20:00",
            "symbol": "ETH",
            "price": 3073.4839762179517,
            "volume_24h": 7927403402.11,
            "market_cap": 369200243917.43616
        },
        {
            "timestamp": "2024-05-20 16:20:00",
            "symbol": "ETH",
            "price": 3114.888669771816,
            "volume_24h": 11700229379.84,
            "market_cap": 374180839594.8679
        },
        {
            "timestamp": "2024-05-21 16:20:00",
            "symbol": "ETH",
            "price": 3803.87877471607,
            "volume_24h": 49451403732.77,
            "market_cap": 456950252675.0339
        },
        {
            "timestamp": "2024-05-22 16:20:00",
            "symbol": "ETH",
            "price": 3764.140661120215,
            "volume_24h": 27056613108.41,
            "market_cap": 452180613793.6036
        },
        {
            "timestamp": "2024-05-23 16:20:00",
            "symbol": "ETH",
            "price": 3793.9216901242457,
            "volume_24h": 32074921005.49,
            "market_cap": 455763608066.3681
        },
        {
            "timestamp": "2024-05-24 16:20:00",
            "symbol": "ETH",
            "price": 3669.986131375376,
            "volume_24h": 38416892679.81,
            "market_cap": 440879657161.9647
        },
        {
            "timestamp": "2024-05-25 16:20:00",
            "symbol": "ETH",
            "price": 3753.5636259665607,
            "volume_24h": 12941922412.6,
            "market_cap": 450925973462.43896
        },
        {
            "timestamp": "2024-05-26 16:20:00",
            "symbol": "ETH",
            "price": 3835.336425076885,
            "volume_24h": 12751707888.98,
            "market_cap": 460757658557.7556
        },
        {
            "timestamp": "2024-05-27 16:20:00",
            "symbol": "ETH",
            "price": 3960.603754032995,
            "volume_24h": 18438091740.27,
            "market_cap": 475814133427.2521
        },
        {
            "timestamp": "2024-05-28 16:20:00",
            "symbol": "ETH",
            "price": 3840.728607019973,
            "volume_24h": 18691048379.29,
            "market_cap": 461416040501.3329
        },
        {
            "timestamp": "2024-05-29 16:20:00",
            "symbol": "ETH",
            "price": 3758.034952448843,
            "volume_24h": 18909103475.81,
            "market_cap": 451484294794.1128
        },
        {
            "timestamp": "2024-05-30 16:20:00",
            "symbol": "ETH",
            "price": 3774.4842278783713,
            "volume_24h": 14900348386.55,
            "market_cap": 453465395054.3465
        },
        {
            "timestamp": "2024-05-31 16:20:00",
            "symbol": "ETH",
            "price": 3725.7138751437096,
            "volume_24h": 15514058696.41,
            "market_cap": 447610179213.1585
        },
        {
            "timestamp": "2024-06-01 16:20:00",
            "symbol": "ETH",
            "price": 3793.397427346592,
            "volume_24h": 10466084271.39,
            "market_cap": 455746697891.2228
        },
        {
            "timestamp": "2024-06-02 16:20:00",
            "symbol": "ETH",
            "price": 3791.904842336129,
            "volume_24h": 10076773234.1,
            "market_cap": 455574430673.9471
        },
        {
            "timestamp": "2024-06-03 16:20:00",
            "symbol": "ETH",
            "price": 3782.69911605277,
            "volume_24h": 14211669800.31,
            "market_cap": 454474470473.2208
        },
        {
            "timestamp": "2024-06-04 16:20:00",
            "symbol": "ETH",
            "price": 3822.9652823331817,
            "volume_24h": 12736449747.81,
            "market_cap": 459316938063.9411
        },
        {
            "timestamp": "2024-06-05 16:20:00",
            "symbol": "ETH",
            "price": 3816.587306571394,
            "volume_24h": 13982634531.88,
            "market_cap": 458556697246.7123
        },
        {
            "timestamp": "2024-06-06 16:20:00",
            "symbol": "ETH",
            "price": 3847.3660832928967,
            "volume_24h": 14111117518.69,
            "market_cap": 462257434273.14514
        },
        {
            "timestamp": "2024-06-07 16:20:00",
            "symbol": "ETH",
            "price": 3798.173843746679,
            "volume_24h": 13885577982.39,
            "market_cap": 456348918446.5582
        },
        {
            "timestamp": "2024-06-08 16:20:00",
            "symbol": "ETH",
            "price": 3683.032805953259,
            "volume_24h": 15904827961.99,
            "market_cap": 442508842559.772
        },
        {
            "timestamp": "2024-06-09 16:20:00",
            "symbol": "ETH",
            "price": 3692.4287986892314,
            "volume_24h": 7846501430.27,
            "market_cap": 443650287070.0339
        },
        {
            "timestamp": "2024-06-10 16:20:00",
            "symbol": "ETH",
            "price": 3694.9656581770055,
            "volume_24h": 9580436611.11,
            "market_cap": 443965524114.2836
        },
        {
            "timestamp": "2024-06-11 16:20:00",
            "symbol": "ETH",
            "price": 3464.4657003387347,
            "volume_24h": 17893197947.26,
            "market_cap": 416231198493.9576
        },
        {
            "timestamp": "2024-06-12 16:20:00",
            "symbol": "ETH",
            "price": 3615.1105850567183,
            "volume_24h": 15452756751.1,
            "market_cap": 434371087011.9908
        },
        {
            "timestamp": "2024-06-13 16:20:00",
            "symbol": "ETH",
            "price": 3458.151299249246,
            "volume_24h": 17130751399.76,
            "market_cap": 415505835043.75446
        },
        {
            "timestamp": "2024-06-14 16:20:00",
            "symbol": "ETH",
            "price": 3421.376138023142,
            "volume_24h": 12261159079.31,
            "market_cap": 411082153678.0094
        },
        {
            "timestamp": "2024-06-15 16:20:00",
            "symbol": "ETH",
            "price": 3558.63443038123,
            "volume_24h": 15992694928.9,
            "market_cap": 427570246055.3995
        },
        {
            "timestamp": "2024-06-16 16:20:00",
            "symbol": "ETH",
            "price": 3590.019105528083,
            "volume_24h": 9599649952.58,
            "market_cap": 431357253684.5869
        },
        {
            "timestamp": "2024-06-17 16:20:00",
            "symbol": "ETH",
            "price": 3471.2766993552577,
            "volume_24h": 15539577063.55,
            "market_cap": 417088467118.15
        },
        {
            "timestamp": "2024-06-18 16:20:00",
            "symbol": "ETH",
            "price": 3407.1440061578387,
            "volume_24h": 20666131586.23,
            "market_cap": 416615319395.7382
        },
        {
            "timestamp": "2024-06-19 16:20:00",
            "symbol": "ETH",
            "price": 3532.175148081118,
            "volume_24h": 17015149755.95,
            "market_cap": 431900301071.4982
        },
        {
            "timestamp": "2024-06-20 16:20:00",
            "symbol": "ETH",
            "price": 3497.21547695757,
            "volume_24h": 16423592390.93,
            "market_cap": 427622789734.06256
        },
        {
            "timestamp": "2024-06-21 16:20:00",
            "symbol": "ETH",
            "price": 3483.3336099441235,
            "volume_24h": 15171876020.0,
            "market_cap": 425930637889.0624
        },
        {
            "timestamp": "2024-06-22 16:20:00",
            "symbol": "ETH",
            "price": 3502.006347511938,
            "volume_24h": 9730569380.4,
            "market_cap": 428212088714.10834
        },
        {
            "timestamp": "2024-06-23 16:20:00",
            "symbol": "ETH",
            "price": 3478.5079716029977,
            "volume_24h": 7524231404.36,
            "market_cap": 425337895995.0115
        },
        {
            "timestamp": "2024-06-24 16:20:00",
            "symbol": "ETH",
            "price": 3284.1324577816167,
            "volume_24h": 18924751758.48,
            "market_cap": 401569571029.5941
        },
        {
            "timestamp": "2024-06-25 16:20:00",
            "symbol": "ETH",
            "price": 3409.040840594708,
            "volume_24h": 17676740797.55,
            "market_cap": 409687962821.0275
        },
        {
            "timestamp": "2024-06-26 16:20:00",
            "symbol": "ETH",
            "price": 3362.468114252714,
            "volume_24h": 10873951389.14,
            "market_cap": 404098017540.51184
        },
        {
            "timestamp": "2024-06-27 16:20:00",
            "symbol": "ETH",
            "price": 3446.790954764671,
            "volume_24h": 13104156048.07,
            "market_cap": 414238353712.9334
        },
        {
            "timestamp": "2024-06-28 16:20:00",
            "symbol": "ETH",
            "price": 3401.108499620343,
            "volume_24h": 11915673453.07,
            "market_cap": 408754423054.0282
        },
        {
            "timestamp": "2024-06-29 16:20:00",
            "symbol": "ETH",
            "price": 3381.784562252441,
            "volume_24h": 8526052398.46,
            "market_cap": 406438826183.0409
        },
        {
            "timestamp": "2024-06-30 16:20:00",
            "symbol": "ETH",
            "price": 3390.8460717751545,
            "volume_24h": 7104456467.39,
            "market_cap": 407536016914.36847
        },
        {
            "timestamp": "2024-07-01 16:20:00",
            "symbol": "ETH",
            "price": 3468.6738985435763,
            "volume_24h": 11977681400.74,
            "market_cap": 416897641317.7302
        },
        {
            "timestamp": "2024-07-02 16:20:00",
            "symbol": "ETH",
            "price": 3407.0588024198687,
            "volume_24h": 10517042868.26,
            "market_cap": 409499247274.7669
        },
        {
            "timestamp": "2024-07-03 16:20:00",
            "symbol": "ETH",
            "price": 3303.3271637101902,
            "volume_24h": 13502276034.68,
            "market_cap": 397038388673.1551
        },
        {
            "timestamp": "2024-07-04 16:20:00",
            "symbol": "ETH",
            "price": 3127.6561397471787,
            "volume_24h": 20586151709.92,
            "market_cap": 375929056141.55023
        },
        {
            "timestamp": "2024-07-05 16:20:00",
            "symbol": "ETH",
            "price": 2985.7080008781404,
            "volume_24h": 31303074707.18,
            "market_cap": 358872690724.0766
        },
        {
            "timestamp": "2024-07-06 16:20:00",
            "symbol": "ETH",
            "price": 3028.6820801702665,
            "volume_24h": 12356537646.38,
            "market_cap": 364042656280.93097
        },
        {
            "timestamp": "2024-07-07 16:20:00",
            "symbol": "ETH",
            "price": 2980.9111416141923,
            "volume_24h": 10715778664.59,
            "market_cap": 358307775443.85986
        },
        {
            "timestamp": "2024-07-08 16:20:00",
            "symbol": "ETH",
            "price": 2966.927811230832,
            "volume_24h": 21525480968.53,
            "market_cap": 356633853897.30853
        },
        {
            "timestamp": "2024-07-09 16:20:00",
            "symbol": "ETH",
            "price": 3077.766621495955,
            "volume_24h": 16196033097.15,
            "market_cap": 369963539332.8481
        },
        {
            "timestamp": "2024-07-10 16:20:00",
            "symbol": "ETH",
            "price": 3141.69033511032,
            "volume_24h": 14523343256.81,
            "market_cap": 377654127542.7359
        },
        {
            "timestamp": "2024-07-11 16:20:00",
            "symbol": "ETH",
            "price": 3123.5099158400694,
            "volume_24h": 15233490306.57,
            "market_cap": 375474538905.2887
        },
        {
            "timestamp": "2024-07-12 16:20:00",
            "symbol": "ETH",
            "price": 3128.9921395461947,
            "volume_24h": 12757058808.61,
            "market_cap": 376140018630.6672
        },
        {
            "timestamp": "2024-07-13 16:20:00",
            "symbol": "ETH",
            "price": 3159.851399661252,
            "volume_24h": 9439679557.84,
            "market_cap": 379856432881.8655
        },
        {
            "timestamp": "2024-07-14 16:20:00",
            "symbol": "ETH",
            "price": 3192.673615472396,
            "volume_24h": 10100782524.28,
            "market_cap": 383809576756.6194
        },
        {
            "timestamp": "2024-07-15 16:20:00",
            "symbol": "ETH",
            "price": 3375.118063295947,
            "volume_24h": 14463669660.95,
            "market_cap": 405749771708.55865
        },
        {
            "timestamp": "2024-07-16 16:20:00",
            "symbol": "ETH",
            "price": 3463.702699478418,
            "volume_24h": 21503221026.62,
            "market_cap": 416404887690.1456
        },
        {
            "timestamp": "2024-07-17 16:20:00",
            "symbol": "ETH",
            "price": 3403.781230138858,
            "volume_24h": 17943680056.0,
            "market_cap": 409206725394.94525
        },
        {
            "timestamp": "2024-07-18 16:20:00",
            "symbol": "ETH",
            "price": 3397.1519363644784,
            "volume_24h": 15348181051.72,
            "market_cap": 408414873831.7074
        },
        {
            "timestamp": "2024-07-19 16:20:00",
            "symbol": "ETH",
            "price": 3491.2851906287874,
            "volume_24h": 15856193244.22,
            "market_cap": 419736912211.9834
        },
        {
            "timestamp": "2024-07-20 16:20:00",
            "symbol": "ETH",
            "price": 3502.0720481578146,
            "volume_24h": 12335539611.98,
            "market_cap": 421040237509.8612
        },
        {
            "timestamp": "2024-07-21 16:20:00",
            "symbol": "ETH",
            "price": 3503.400179961676,
            "volume_24h": 10108145778.8,
            "market_cap": 421207900477.557
        },
        {
            "timestamp": "2024-07-22 16:20:00",
            "symbol": "ETH",
            "price": 3462.277027998283,
            "volume_24h": 20551878090.95,
            "market_cap": 416263733208.6869
        },
        {
            "timestamp": "2024-07-23 16:20:00",
            "symbol": "ETH",
            "price": 3462.4590930034765,
            "volume_24h": 22079543004.43,
            "market_cap": 416285622577.4854
        },
        {
            "timestamp": "2024-07-24 16:20:00",
            "symbol": "ETH",
            "price": 3420.517942889461,
            "volume_24h": 17940213152.65,
            "market_cap": 411243108769.2765
        },
        {
            "timestamp": "2024-07-25 16:20:00",
            "symbol": "ETH",
            "price": 3150.0972295249503,
            "volume_24h": 24474488423.49,
            "market_cap": 378730882054.95496
        },
        {
            "timestamp": "2024-07-26 16:20:00",
            "symbol": "ETH",
            "price": 3257.2319519947628,
            "volume_24h": 19225317126.85,
            "market_cap": 391611509217.6359
        },
        {
            "timestamp": "2024-07-27 16:20:00",
            "symbol": "ETH",
            "price": 3277.9604757413545,
            "volume_24h": 11934291066.86,
            "market_cap": 394103664700.5406
        },
        {
            "timestamp": "2024-07-28 16:20:00",
            "symbol": "ETH",
            "price": 3274.837031959511,
            "volume_24h": 13584665728.98,
            "market_cap": 393728138317.5899
        },
        {
            "timestamp": "2024-07-29 16:20:00",
            "symbol": "ETH",
            "price": 3302.3390348767634,
            "volume_24h": 14522340401.86,
            "market_cap": 397034657788.0063
        },
        {
            "timestamp": "2024-07-30 16:20:00",
            "symbol": "ETH",
            "price": 3322.5420598370897,
            "volume_24h": 15482873115.34,
            "market_cap": 399527948781.032
        },
        {
            "timestamp": "2024-07-31 16:20:00",
            "symbol": "ETH",
            "price": 3308.765563935928,
            "volume_24h": 14118354477.96,
            "market_cap": 397877404581.2504
        },
        {
            "timestamp": "2024-08-01 16:20:00",
            "symbol": "ETH",
            "price": 3117.334435183238,
            "volume_24h": 19818633855.47,
            "market_cap": 374863561790.0188
        },
        {
            "timestamp": "2024-08-02 16:20:00",
            "symbol": "ETH",
            "price": 3033.5634851032355,
            "volume_24h": 21087893758.47,
            "market_cap": 364795583556.0645
        },
        {
            "timestamp": "2024-08-03 16:20:00",
            "symbol": "ETH",
            "price": 2928.708415253302,
            "volume_24h": 17027576476.48,
            "market_cap": 352192346807.57947
        },
        {
            "timestamp": "2024-08-04 16:20:00",
            "symbol": "ETH",
            "price": 2817.111522825632,
            "volume_24h": 17155911364.93,
            "market_cap": 338778893104.81647
        },
        {
            "timestamp": "2024-08-05 16:20:00",
            "symbol": "ETH",
            "price": 2482.3583596681124,
            "volume_24h": 69565399801.78,
            "market_cap": 298527459682.42255
        },
        {
            "timestamp": "2024-08-06 16:20:00",
            "symbol": "ETH",
            "price": 2534.2274365358016,
            "volume_24h": 29637770941.17,
            "market_cap": 304758529990.72485
        },
        {
            "timestamp": "2024-08-07 16:20:00",
            "symbol": "ETH",
            "price": 2395.6426901489576,
            "volume_24h": 23420689659.79,
            "market_cap": 288097912080.5828
        },
        {
            "timestamp": "2024-08-08 16:20:00",
            "symbol": "ETH",
            "price": 2562.3811484171447,
            "volume_24h": 22867895372.73,
            "market_cap": 308155118605.12103
        },
        {
            "timestamp": "2024-08-09 16:20:00",
            "symbol": "ETH",
            "price": 2579.5613492729044,
            "volume_24h": 21393774364.05,
            "market_cap": 310226316544.2821
        },
        {
            "timestamp": "2024-08-10 16:20:00",
            "symbol": "ETH",
            "price": 2599.590525149689,
            "volume_24h": 10872380771.38,
            "market_cap": 312640774040.5354
        },
        {
            "timestamp": "2024-08-11 16:20:00",
            "symbol": "ETH",
            "price": 2612.591430570695,
            "volume_24h": 11053420120.03,
            "market_cap": 314210743467.03326
        },
        {
            "timestamp": "2024-08-12 16:20:00",
            "symbol": "ETH",
            "price": 2673.4601917857867,
            "volume_24h": 20853442326.0,
            "market_cap": 321537799953.3178
        },
        {
            "timestamp": "2024-08-13 16:20:00",
            "symbol": "ETH",
            "price": 2677.22940219101,
            "volume_24h": 16749294178.77,
            "market_cap": 321996860649.4592
        },
        {
            "timestamp": "2024-08-14 16:20:00",
            "symbol": "ETH",
            "price": 2654.9520098819085,
            "volume_24h": 17657090824.59,
            "market_cap": 319323764279.48785
        },
        {
            "timestamp": "2024-08-15 16:20:00",
            "symbol": "ETH",
            "price": 2669.625039437641,
            "volume_24h": 12861323655.91,
            "market_cap": 321094598320.849
        },
        {
            "timestamp": "2024-08-16 16:20:00",
            "symbol": "ETH",
            "price": 2581.97568804448,
            "volume_24h": 16039636585.93,
            "market_cap": 310557957138.46234
        },
        {
            "timestamp": "2024-08-17 16:20:00",
            "symbol": "ETH",
            "price": 2610.677594699149,
            "volume_24h": 8954267326.21,
            "market_cap": 314016426404.8284
        },
        {
            "timestamp": "2024-08-18 16:20:00",
            "symbol": "ETH",
            "price": 2674.0303987082675,
            "volume_24h": 8564322486.03,
            "market_cap": 321643211848.68964
        },
        {
            "timestamp": "2024-08-19 16:20:00",
            "symbol": "ETH",
            "price": 2582.2849096240725,
            "volume_24h": 10974957345.18,
            "market_cap": 310614043787.64667
        },
        {
            "timestamp": "2024-08-20 16:20:00",
            "symbol": "ETH",
            "price": 2577.2621771422555,
            "volume_24h": 13453852624.32,
            "market_cap": 310016138844.0655
        },
        {
            "timestamp": "2024-08-21 16:20:00",
            "symbol": "ETH",
            "price": 2601.2315145005573,
            "volume_24h": 11722540983.34,
            "market_cap": 312905701708.0405
        },
        {
            "timestamp": "2024-08-22 16:20:00",
            "symbol": "ETH",
            "price": 2602.6258799148027,
            "volume_24h": 12093243724.77,
            "market_cap": 313079424067.314
        },
        {
            "timestamp": "2024-08-23 16:20:00",
            "symbol": "ETH",
            "price": 2671.9806281867777,
            "volume_24h": 12724535503.78,
            "market_cap": 321428961283.36426
        },
        {
            "timestamp": "2024-08-24 16:20:00",
            "symbol": "ETH",
            "price": 2770.8609334093712,
            "volume_24h": 13508783012.12,
            "market_cap": 333330339239.91925
        },
        {
            "timestamp": "2024-08-25 16:20:00",
            "symbol": "ETH",
            "price": 2767.164122440849,
            "volume_24h": 11330966128.57,
            "market_cap": 332885297368.2944
        },
        {
            "timestamp": "2024-08-26 16:20:00",
            "symbol": "ETH",
            "price": 2719.0658051995706,
            "volume_24h": 11113993315.68,
            "market_cap": 327101227503.0545
        },
        {
            "timestamp": "2024-08-27 16:20:00",
            "symbol": "ETH",
            "price": 2586.300150840079,
            "volume_24h": 14515999996.53,
            "market_cap": 311129095415.33246
        },
        {
            "timestamp": "2024-08-28 16:20:00",
            "symbol": "ETH",
            "price": 2466.039846884195,
            "volume_24h": 21280827317.75,
            "market_cap": 296661418800.4698
        },
        {
            "timestamp": "2024-08-29 16:20:00",
            "symbol": "ETH",
            "price": 2580.3015030233287,
            "volume_24h": 15660520453.17,
            "market_cap": 310406477383.4518
        },
        {
            "timestamp": "2024-08-30 16:20:00",
            "symbol": "ETH",
            "price": 2449.596567608294,
            "volume_24h": 14951467340.95,
            "market_cap": 294688549338.3441
        },
        {
            "timestamp": "2024-08-31 16:20:00",
            "symbol": "ETH",
            "price": 2516.0722336792514,
            "volume_24h": 9782244536.88,
            "market_cap": 302691956345.0017
        },
        {
            "timestamp": "2024-09-01 16:20:00",
            "symbol": "ETH",
            "price": 2480.3963780975973,
            "volume_24h": 9544508418.05,
            "market_cap": 298405989549.5842
        },
        {
            "timestamp": "2024-09-02 16:20:00",
            "symbol": "ETH",
            "price": 2518.336188597857,
            "volume_24h": 14041529526.59,
            "market_cap": 302976682367.7158
        },
        {
            "timestamp": "2024-09-03 16:20:00",
            "symbol": "ETH",
            "price": 2446.2591870039582,
            "volume_24h": 10898999721.57,
            "market_cap": 294310527043.9057
        },
        {
            "timestamp": "2024-09-04 16:20:00",
            "symbol": "ETH",
            "price": 2461.555782304319,
            "volume_24h": 16872844977.92,
            "market_cap": 296156872858.96857
        },
        {
            "timestamp": "2024-09-05 16:20:00",
            "symbol": "ETH",
            "price": 2369.2541596925976,
            "volume_24h": 13359339801.54,
            "market_cap": 285057108769.092
        },
        {
            "timestamp": "2024-09-06 16:20:00",
            "symbol": "ETH",
            "price": 2272.5804879919924,
            "volume_24h": 18222648477.02,
            "market_cap": 273430478638.0266
        },
        {
            "timestamp": "2024-09-07 16:20:00",
            "symbol": "ETH",
            "price": 2297.783324531142,
            "volume_24h": 19139994448.82,
            "market_cap": 276467159585.42303
        },
        {
            "timestamp": "2024-09-08 16:20:00",
            "symbol": "ETH",
            "price": 2252.747155693223,
            "volume_24h": 10016868976.57,
            "market_cap": 271053756385.5073
        },
        {
            "timestamp": "2024-09-09 16:20:00",
            "symbol": "ETH",
            "price": 2327.27119857769,
            "volume_24h": 13830652775.09,
            "market_cap": 280026407665.77496
        },
        {
            "timestamp": "2024-09-10 16:20:00",
            "symbol": "ETH",
            "price": 2334.3396213573146,
            "volume_24h": 14042289380.34,
            "market_cap": 280881897976.87415
        },
        {
            "timestamp": "2024-09-11 16:20:00",
            "symbol": "ETH",
            "price": 2333.753488672507,
            "volume_24h": 15452419492.96,
            "market_cap": 280816216977.22455
        },
        {
            "timestamp": "2024-09-12 16:20:00",
            "symbol": "ETH",
            "price": 2331.9375235230154,
            "volume_24h": 12506105421.08,
            "market_cap": 280602913860.4513
        },
        {
            "timestamp": "2024-09-13 16:20:00",
            "symbol": "ETH",
            "price": 2410.125644123877,
            "volume_24h": 11940500447.24,
            "market_cap": 290016765413.58856
        },
        {
            "timestamp": "2024-09-14 16:20:00",
            "symbol": "ETH",
            "price": 2421.078148986696,
            "volume_24h": 10864450320.74,
            "market_cap": 291340126061.33093
        },
        {
            "timestamp": "2024-09-15 16:20:00",
            "symbol": "ETH",
            "price": 2402.285433631253,
            "volume_24h": 7316050325.79,
            "market_cap": 289084717030.1625
        },
        {
            "timestamp": "2024-09-16 16:20:00",
            "symbol": "ETH",
            "price": 2290.4135169806723,
            "volume_24h": 17339608426.82,
            "market_cap": 275627712201.82355
        },
        {
            "timestamp": "2024-09-17 16:20:00",
            "symbol": "ETH",
            "price": 2374.2548452678684,
            "volume_24h": 15504812719.93,
            "market_cap": 285721487993.3793
        },
        {
            "timestamp": "2024-09-18 16:20:00",
            "symbol": "ETH",
            "price": 2301.1344848856834,
            "volume_24h": 14127938323.35,
            "market_cap": 276926060793.91016
        },
        {
            "timestamp": "2024-09-19 16:20:00",
            "symbol": "ETH",
            "price": 2455.176683536912,
            "volume_24h": 21932726536.22,
            "market_cap": 295468399457.2201
        },
        {
            "timestamp": "2024-09-20 16:20:00",
            "symbol": "ETH",
            "price": 2556.7846517550183,
            "volume_24h": 20415411564.44,
            "market_cap": 307698634369.9699
        },
        {
            "timestamp": "2024-09-21 16:20:00",
            "symbol": "ETH",
            "price": 2561.1079715935844,
            "volume_24h": 11624999697.03,
            "market_cap": 308221625765.30524
        },
        {
            "timestamp": "2024-09-22 16:20:00",
            "symbol": "ETH",
            "price": 2560.340377714489,
            "volume_24h": 11560199423.73,
            "market_cap": 308132209752.23694
        },
        {
            "timestamp": "2024-09-23 16:20:00",
            "symbol": "ETH",
            "price": 2689.4246205389627,
            "volume_24h": 19710666849.13,
            "market_cap": 323671510639.3034
        },
        {
            "timestamp": "2024-09-24 16:20:00",
            "symbol": "ETH",
            "price": 2617.154144860344,
            "volume_24h": 16264272884.79,
            "market_cap": 315006451447.05664
        },
        {
            "timestamp": "2024-09-25 16:20:00",
            "symbol": "ETH",
            "price": 2600.6020457484024,
            "volume_24h": 14655799274.85,
            "market_cap": 313014740677.75464
        },
        {
            "timestamp": "2024-09-26 16:20:00",
            "symbol": "ETH",
            "price": 2645.863526859023,
            "volume_24h": 17094011703.06,
            "market_cap": 318463468505.82434
        },
        {
            "timestamp": "2024-09-27 16:20:00",
            "symbol": "ETH",
            "price": 2688.0757571730587,
            "volume_24h": 16957231360.63,
            "market_cap": 323545421023.40546
        },
        {
            "timestamp": "2024-09-28 16:20:00",
            "symbol": "ETH",
            "price": 2668.2674333320456,
            "volume_24h": 12452070263.68,
            "market_cap": 321164237509.8785
        },
        {
            "timestamp": "2024-09-29 16:20:00",
            "symbol": "ETH",
            "price": 2662.016644384079,
            "volume_24h": 10522697306.03,
            "market_cap": 320416908746.5689
        },
        {
            "timestamp": "2024-09-30 16:20:00",
            "symbol": "ETH",
            "price": 2605.0242960212627,
            "volume_24h": 15542946113.12,
            "market_cap": 313561478002.73096
        },
        {
            "timestamp": "2024-10-01 16:20:00",
            "symbol": "ETH",
            "price": 2522.973233802843,
            "volume_24h": 20171580881.93,
            "market_cap": 303688960766.1704
        },
        {
            "timestamp": "2024-10-02 16:20:00",
            "symbol": "ETH",
            "price": 2464.91444744196,
            "volume_24h": 23684850058.53,
            "market_cap": 296701875974.4871
        },
        {
            "timestamp": "2024-10-03 16:20:00",
            "symbol": "ETH",
            "price": 2329.6567078885123,
            "volume_24h": 21363741894.43,
            "market_cap": 280424306589.66595
        },
        {
            "timestamp": "2024-10-04 16:20:00",
            "symbol": "ETH",
            "price": 2430.4022250746552,
            "volume_24h": 15346642452.23,
            "market_cap": 292555748795.46967
        },
        {
            "timestamp": "2024-10-05 16:20:00",
            "symbol": "ETH",
            "price": 2410.3923967931423,
            "volume_24h": 9372503946.14,
            "market_cap": 290151583240.30273
        },
        {
            "timestamp": "2024-10-06 16:20:00",
            "symbol": "ETH",
            "price": 2444.609261710945,
            "volume_24h": 8162170876.88,
            "market_cap": 294275571167.0847
        },
        {
            "timestamp": "2024-10-07 16:20:00",
            "symbol": "ETH",
            "price": 2470.569307115186,
            "volume_24h": 15124065726.46,
            "market_cap": 297404942388.4873
        },
        {
            "timestamp": "2024-10-08 16:20:00",
            "symbol": "ETH",
            "price": 2423.4207874992344,
            "volume_24h": 14883297219.56,
            "market_cap": 291730234041.0506
        },
        {
            "timestamp": "2024-10-09 16:20:00",
            "symbol": "ETH",
            "price": 2439.416233172846,
            "volume_24h": 13757506885.51,
            "market_cap": 293656896095.73926
        },
        {
            "timestamp": "2024-10-10 16:20:00",
            "symbol": "ETH",
            "price": 2405.7054134547247,
            "volume_24h": 15314893199.68,
            "market_cap": 289599579414.2419
        },
        {
            "timestamp": "2024-10-11 16:20:00",
            "symbol": "ETH",
            "price": 2439.7601360377703,
            "volume_24h": 14955963304.16,
            "market_cap": 293702386766.91327
        },
        {
            "timestamp": "2024-10-12 16:20:00",
            "symbol": "ETH",
            "price": 2480.299794188836,
            "volume_24h": 11159764549.51,
            "market_cap": 298583936706.89
        },
        {
            "timestamp": "2024-10-13 16:20:00",
            "symbol": "ETH",
            "price": 2446.6891929004537,
            "volume_24h": 8340336464.49,
            "market_cap": 294540814015.1416
        },
        {
            "timestamp": "2024-10-14 16:20:00",
            "symbol": "ETH",
            "price": 2617.280391402129,
            "volume_24h": 19651457611.79,
            "market_cap": 315081205278.0864
        },
        {
            "timestamp": "2024-10-15 16:20:00",
            "symbol": "ETH",
            "price": 2592.785121418864,
            "volume_24h": 20987437515.69,
            "market_cap": 312133547228.1661
        },
        {
            "timestamp": "2024-10-16 16:20:00",
            "symbol": "ETH",
            "price": 2604.447070943105,
            "volume_24h": 19099723481.64,
            "market_cap": 313539486362.63794
        },
        {
            "timestamp": "2024-10-17 16:20:00",
            "symbol": "ETH",
            "price": 2619.203291914698,
            "volume_24h": 14949947132.11,
            "market_cap": 315318976845.92096
        },
        {
            "timestamp": "2024-10-18 16:20:00",
            "symbol": "ETH",
            "price": 2638.9122548247155,
            "volume_24h": 16462088207.8,
            "market_cap": 317693367267.16
        },
        {
            "timestamp": "2024-10-19 16:20:00",
            "symbol": "ETH",
            "price": 2641.1041595763886,
            "volume_24h": 10744576093.16,
            "market_cap": 317957619747.48047
        },
        {
            "timestamp": "2024-10-20 16:20:00",
            "symbol": "ETH",
            "price": 2696.5538169743595,
            "volume_24h": 11045828088.35,
            "market_cap": 324636744634.6183
        },
        {
            "timestamp": "2024-10-21 16:20:00",
            "symbol": "ETH",
            "price": 2670.648636504334,
            "volume_24h": 19087887951.29,
            "market_cap": 321522364157.56647
        },
        {
            "timestamp": "2024-10-22 16:20:00",
            "symbol": "ETH",
            "price": 2620.55334917346,
            "volume_24h": 15881274875.6,
            "market_cap": 315496174623.523
        },
        {
            "timestamp": "2024-10-23 16:20:00",
            "symbol": "ETH",
            "price": 2531.637615518915,
            "volume_24h": 14266396164.13,
            "market_cap": 304795219180.1539
        },
        {
            "timestamp": "2024-10-24 16:20:00",
            "symbol": "ETH",
            "price": 2508.856341477031,
            "volume_24h": 18642760732.98,
            "market_cap": 302055811275.906
        },
        {
            "timestamp": "2024-10-25 16:20:00",
            "symbol": "ETH",
            "price": 2531.216982060389,
            "volume_24h": 17121813263.22,
            "market_cap": 304751966813.73804
        },
        {
            "timestamp": "2024-10-26 16:20:00",
            "symbol": "ETH",
            "price": 2456.107241793996,
            "volume_24h": 20094708242.36,
            "market_cap": 295713472754.3334
        },
        {
            "timestamp": "2024-10-27 16:20:00",
            "symbol": "ETH",
            "price": 2497.2792851647228,
            "volume_24h": 9675561207.89,
            "market_cap": 300675477584.1463
        },
        {
            "timestamp": "2024-10-28 16:20:00",
            "symbol": "ETH",
            "price": 2511.6721442275434,
            "volume_24h": 14861088824.2,
            "market_cap": 302413555181.5591
        },
        {
            "timestamp": "2024-10-29 16:20:00",
            "symbol": "ETH",
            "price": 2647.0778824635227,
            "volume_24h": 21950442548.44,
            "market_cap": 318720906422.6124
        },
        {
            "timestamp": "2024-10-30 16:20:00",
            "symbol": "ETH",
            "price": 2678.3911310335093,
            "volume_24h": 23944984108.85,
            "market_cap": 322495123614.8445
        },
        {
            "timestamp": "2024-10-31 16:20:00",
            "symbol": "ETH",
            "price": 2560.0243670136792,
            "volume_24h": 19457982602.19,
            "market_cap": 308246278663.7768
        },
        {
            "timestamp": "2024-11-01 16:20:00",
            "symbol": "ETH",
            "price": 2534.774189156975,
            "volume_24h": 21393348014.71,
            "market_cap": 305210098736.62976
        },
        {
            "timestamp": "2024-11-02 16:20:00",
            "symbol": "ETH",
            "price": 2482.887094562286,
            "volume_24h": 12509468221.93,
            "market_cap": 298966457740.2165
        },
        {
            "timestamp": "2024-11-03 16:20:00",
            "symbol": "ETH",
            "price": 2454.729191587209,
            "volume_24h": 13153570762.12,
            "market_cap": 295580979643.06085
        },
        {
            "timestamp": "2024-11-04 16:20:00",
            "symbol": "ETH",
            "price": 2436.803764436574,
            "volume_24h": 14613140807.56,
            "market_cap": 293427953988.6633
        },
        {
            "timestamp": "2024-11-05 16:20:00",
            "symbol": "ETH",
            "price": 2446.4387067195885,
            "volume_24h": 19096607738.25,
            "market_cap": 294592788193.9277
        },
        {
            "timestamp": "2024-11-06 16:20:00",
            "symbol": "ETH",
            "price": 2645.2591833062247,
            "volume_24h": 37919489112.86,
            "market_cap": 318539479878.9519
        },
        {
            "timestamp": "2024-11-07 16:20:00",
            "symbol": "ETH",
            "price": 2833.609906081916,
            "volume_24h": 33897359128.45,
            "market_cap": 341221293112.35925
        },
        {
            "timestamp": "2024-11-08 16:20:00",
            "symbol": "ETH",
            "price": 2933.771065656728,
            "volume_24h": 32946144047.59,
            "market_cap": 353285114914.5407
        },
        {
            "timestamp": "2024-11-09 16:20:00",
            "symbol": "ETH",
            "price": 3027.492085663184,
            "volume_24h": 29092948068.81,
            "market_cap": 364574664421.45264
        },
        {
            "timestamp": "2024-11-10 16:20:00",
            "symbol": "ETH",
            "price": 3195.3783772901625,
            "volume_24h": 38922088514.07,
            "market_cap": 384797240038.0275
        },
        {
            "timestamp": "2024-11-11 16:20:00",
            "symbol": "ETH",
            "price": 3253.5614309306548,
            "volume_24h": 48725262321.8,
            "market_cap": 391806243702.46094
        },
        {
            "timestamp": "2024-11-12 16:20:00",
            "symbol": "ETH",
            "price": 3232.0898859247577,
            "volume_24h": 68622781804.27,
            "market_cap": 389220282427.6957
        },
        {
            "timestamp": "2024-11-13 16:20:00",
            "symbol": "ETH",
            "price": 3322.232819379205,
            "volume_24h": 47642425520.53,
            "market_cap": 400074305856.1596
        },
        {
            "timestamp": "2024-11-14 16:20:00",
            "symbol": "ETH",
            "price": 3109.868542496576,
            "volume_24h": 42212570159.33,
            "market_cap": 374494315875.23645
        },
        {
            "timestamp": "2024-11-15 16:20:00",
            "symbol": "ETH",
            "price": 3033.4392758084064,
            "volume_24h": 31406990906.3,
            "market_cap": 365288610872.57385
        },
        {
            "timestamp": "2024-11-16 16:20:00",
            "symbol": "ETH",
            "price": 3152.546290451366,
            "volume_24h": 30721301501.44,
            "market_cap": 379633727209.0487
        },
        {
            "timestamp": "2024-11-17 16:20:00",
            "symbol": "ETH",
            "price": 3090.26804126916,
            "volume_24h": 26557274604.15,
            "market_cap": 372137829621.5272
        },
        {
            "timestamp": "2024-11-18 16:20:00",
            "symbol": "ETH",
            "price": 3171.149319711573,
            "volume_24h": 29245867004.89,
            "market_cap": 381882511141.2755
        },
        {
            "timestamp": "2024-11-19 16:20:00",
            "symbol": "ETH",
            "price": 3114.10510952964,
            "volume_24h": 33735053130.79,
            "market_cap": 375016993466.6001
        },
        {
            "timestamp": "2024-11-20 16:20:00",
            "symbol": "ETH",
            "price": 3108.074717343049,
            "volume_24h": 29342016020.49,
            "market_cap": 374293987533.992
        },
        {
            "timestamp": "2024-11-21 16:20:00",
            "symbol": "ETH",
            "price": 3303.6377537408166,
            "volume_24h": 48881244240.37,
            "market_cap": 397848969352.9148
        },
        {
            "timestamp": "2024-11-22 16:20:00",
            "symbol": "ETH",
            "price": 3303.552017882976,
            "volume_24h": 40116884577.7,
            "market_cap": 397841454362.7341
        },
        {
            "timestamp": "2024-11-23 16:20:00",
            "symbol": "ETH",
            "price": 3444.5643207466837,
            "volume_24h": 36711100708.01,
            "market_cap": 414828018318.6064
        },
        {
            "timestamp": "2024-11-24 16:20:00",
            "symbol": "ETH",
            "price": 3313.941540056335,
            "volume_24h": 32147576840.44,
            "market_cap": 399100980509.32776
        },
        {
            "timestamp": "2024-11-25 16:20:00",
            "symbol": "ETH",
            "price": 3528.156702678858,
            "volume_24h": 40090425047.15,
            "market_cap": 424905035481.5664
        },
        {
            "timestamp": "2024-11-26 16:20:00",
            "symbol": "ETH",
            "price": 3319.7425580316817,
            "volume_24h": 46050176795.19,
            "market_cap": 399809320372.2164
        },
        {
            "timestamp": "2024-11-27 16:20:00",
            "symbol": "ETH",
            "price": 3567.06871794594,
            "volume_24h": 40467451002.73,
            "market_cap": 429601314128.8364
        },
        {
            "timestamp": "2024-11-28 16:20:00",
            "symbol": "ETH",
            "price": 3555.778035975776,
            "volume_24h": 39926384265.65,
            "market_cap": 428245360090.12256
        },
        {
            "timestamp": "2024-11-29 16:20:00",
            "symbol": "ETH",
            "price": 3592.900721144057,
            "volume_24h": 27165526526.71,
            "market_cap": 432721728513.0592
        },
        {
            "timestamp": "2024-11-30 16:20:00",
            "symbol": "ETH",
            "price": 3670.1719147894073,
            "volume_24h": 30532245363.79,
            "market_cap": 442033677157.7986
        },
        {
            "timestamp": "2024-12-01 16:20:00",
            "symbol": "ETH",
            "price": 3728.8830823682,
            "volume_24h": 27148313398.09,
            "market_cap": 449110519376.445
        },
        {
            "timestamp": "2024-12-02 16:20:00",
            "symbol": "ETH",
            "price": 3664.91471142071,
            "volume_24h": 43159303575.6,
            "market_cap": 441410705068.9085
        },
        {
            "timestamp": "2024-12-03 16:20:00",
            "symbol": "ETH",
            "price": 3578.0361398067403,
            "volume_24h": 41113758984.19,
            "market_cap": 430946197180.9848
        },
        {
            "timestamp": "2024-12-04 16:20:00",
            "symbol": "ETH",
            "price": 3796.303788954879,
            "volume_24h": 46120462734.0,
            "market_cap": 457234383441.8221
        },
        {
            "timestamp": "2024-12-05 16:20:00",
            "symbol": "ETH",
            "price": 3903.888780443896,
            "volume_24h": 61574259049.46,
            "market_cap": 470191733775.2025
        },
        {
            "timestamp": "2024-12-06 16:20:00",
            "symbol": "ETH",
            "price": 4006.1488295115446,
            "volume_24h": 57490915775.84,
            "market_cap": 482508841850.0367
        },
        {
            "timestamp": "2024-12-07 16:20:00",
            "symbol": "ETH",
            "price": 3998.831719788038,
            "volume_24h": 32504644213.41,
            "market_cap": 481628977941.5681
        },
        {
            "timestamp": "2024-12-08 16:20:00",
            "symbol": "ETH",
            "price": 4000.32512086988,
            "volume_24h": 21133293855.41,
            "market_cap": 481813801907.7676
        },
        {
            "timestamp": "2024-12-09 16:20:00",
            "symbol": "ETH",
            "price": 3835.586233282105,
            "volume_24h": 34205280350.61,
            "market_cap": 461977953516.3967
        },
        {
            "timestamp": "2024-12-10 16:20:00",
            "symbol": "ETH",
            "price": 3570.577123299149,
            "volume_24h": 67102627014.01,
            "market_cap": 430058009294.946
        },
        {
            "timestamp": "2024-12-11 16:20:00",
            "symbol": "ETH",
            "price": 3795.488726116261,
            "volume_24h": 44871261801.07,
            "market_cap": 457147159487.7492
        },
        {
            "timestamp": "2024-12-12 16:20:00",
            "symbol": "ETH",
            "price": 3975.6890616813344,
            "volume_24h": 40511055876.57,
            "market_cap": 478853177950.3181
        },
        {
            "timestamp": "2024-12-13 16:20:00",
            "symbol": "ETH",
            "price": 3901.498055279732,
            "volume_24h": 37721240774.11,
            "market_cap": 469919133003.7674
        },
        {
            "timestamp": "2024-12-14 16:20:00",
            "symbol": "ETH",
            "price": 3877.029770996365,
            "volume_24h": 29032205056.64,
            "market_cap": 466976216658.9785
        },
        {
            "timestamp": "2024-12-15 16:20:00",
            "symbol": "ETH",
            "price": 3895.166500269963,
            "volume_24h": 25607279637.54,
            "market_cap": 469167022699.7024
        },
        {
            "timestamp": "2024-12-16 16:20:00",
            "symbol": "ETH",
            "price": 3969.527392244616,
            "volume_24h": 36813529843.87,
            "market_cap": 478130461267.674
        },
        {
            "timestamp": "2024-12-17 16:20:00",
            "symbol": "ETH",
            "price": 3943.416958760217,
            "volume_24h": 42660286841.08,
            "market_cap": 474988945498.2995
        },
        {
            "timestamp": "2024-12-18 16:20:00",
            "symbol": "ETH",
            "price": 3838.991467906049,
            "volume_24h": 34337275846.28,
            "market_cap": 462414479655.6285
        },
        {
            "timestamp": "2024-12-19 16:20:00",
            "symbol": "ETH",
            "price": 3594.163641438599,
            "volume_24h": 53657207467.0,
            "market_cap": 432926985817.108
        },
        {
            "timestamp": "2024-12-20 16:20:00",
            "symbol": "ETH",
            "price": 3390.125774692846,
            "volume_24h": 82111026100.3,
            "market_cap": 408351377648.6686
        },
        {
            "timestamp": "2024-12-21 16:20:00",
            "symbol": "ETH",
            "price": 3390.155743950901,
            "volume_24h": 34465551153.36,
            "market_cap": 408356364994.8197
        },
        {
            "timestamp": "2024-12-22 16:20:00",
            "symbol": "ETH",
            "price": 3323.756620410562,
            "volume_24h": 25851186532.96,
            "market_cap": 400364115928.39545
        },
        {
            "timestamp": "2024-12-23 16:20:00",
            "symbol": "ETH",
            "price": 3277.5179036461136,
            "volume_24h": 31072000596.71,
            "market_cap": 394800796055.43976
        },
        {
            "timestamp": "2024-12-24 16:20:00",
            "symbol": "ETH",
            "price": 3496.455136887096,
            "volume_24h": 28468989611.13,
            "market_cap": 421178412530.9941
        },
        {
            "timestamp": "2024-12-25 16:20:00",
            "symbol": "ETH",
            "price": 3452.789505982879,
            "volume_24h": 20182547246.66,
            "market_cap": 415924904452.502
        },
        {
            "timestamp": "2024-12-26 16:20:00",
            "symbol": "ETH",
            "price": 3354.768444960693,
            "volume_24h": 19806729248.98,
            "market_cap": 404124447008.0414
        },
        {
            "timestamp": "2024-12-27 16:20:00",
            "symbol": "ETH",
            "price": 3315.6006842298334,
            "volume_24h": 24891924125.33,
            "market_cap": 399412140827.55695
        },
        {
            "timestamp": "2024-12-28 16:20:00",
            "symbol": "ETH",
            "price": 3371.456500494338,
            "volume_24h": 16268563341.49,
            "market_cap": 406147643543.7415
        },
        {
            "timestamp": "2024-12-29 16:20:00",
            "symbol": "ETH",
            "price": 3346.596681477088,
            "volume_24h": 12735620570.1,
            "market_cap": 403160219142.7139
        },
        {
            "timestamp": "2024-12-30 16:20:00",
            "symbol": "ETH",
            "price": 3333.435313920899,
            "volume_24h": 22000709060.68,
            "market_cap": 401581475845.2551
        },
        {
            "timestamp": "2024-12-31 16:20:00",
            "symbol": "ETH",
            "price": 3407.674016121522,
            "volume_24h": 24205602797.61,
            "market_cap": 410531628342.40814
        },
        {
            "timestamp": "2025-01-01 16:20:00",
            "symbol": "ETH",
            "price": 3338.3857703466683,
            "volume_24h": 15892765633.48,
            "market_cap": 402190307281.8235
        },
        {
            "timestamp": "2025-01-02 16:20:00",
            "symbol": "ETH",
            "price": 3470.879690521749,
            "volume_24h": 21480231794.34,
            "market_cap": 418154951374.35785
        },
        {
            "timestamp": "2025-01-03 16:20:00",
            "symbol": "ETH",
            "price": 3585.101481415669,
            "volume_24h": 20296731722.09,
            "market_cap": 431917063709.0607
        },
        {
            "timestamp": "2025-01-04 16:20:00",
            "symbol": "ETH",
            "price": 3619.910429856147,
            "volume_24h": 18861033445.28,
            "market_cap": 436106332131.3328
        },
        {
            "timestamp": "2025-01-05 16:20:00",
            "symbol": "ETH",
            "price": 3630.8755529787977,
            "volume_24h": 13661078327.93,
            "market_cap": 437426392456.8608
        },
        {
            "timestamp": "2025-01-06 16:20:00",
            "symbol": "ETH",
            "price": 3728.575408725308,
            "volume_24h": 21165551697.89,
            "market_cap": 449193864735.3587
        },
        {
            "timestamp": "2025-01-07 16:20:00",
            "symbol": "ETH",
            "price": 3469.9156899217514,
            "volume_24h": 26490289607.45,
            "market_cap": 418038591092.6144
        },
        {
            "timestamp": "2025-01-08 16:20:00",
            "symbol": "ETH",
            "price": 3337.224558438644,
            "volume_24h": 33248393042.75,
            "market_cap": 402059326170.2176
        },
        {
            "timestamp": "2025-01-09 16:20:00",
            "symbol": "ETH",
            "price": 3313.0382957046218,
            "volume_24h": 31970818821.88,
            "market_cap": 399153592990.37823
        },
        {
            "timestamp": "2025-01-10 16:20:00",
            "symbol": "ETH",
            "price": 3241.548157961499,
            "volume_24h": 30398976792.66,
            "market_cap": 390522872144.50806
        },
        {
            "timestamp": "2025-01-11 16:20:00",
            "symbol": "ETH",
            "price": 3265.451075588233,
            "volume_24h": 15072260270.48,
            "market_cap": 393449518028.565
        },
        {
            "timestamp": "2025-01-12 16:20:00",
            "symbol": "ETH",
            "price": 3269.842068055161,
            "volume_24h": 11426916899.03,
            "market_cap": 393985525107.18335
        },
        {
            "timestamp": "2025-01-13 16:20:00",
            "symbol": "ETH",
            "price": 3032.350295272859,
            "volume_24h": 31585605957.78,
            "market_cap": 365377128286.24567
        },
        {
            "timestamp": "2025-01-14 16:20:00",
            "symbol": "ETH",
            "price": 3185.0112123107115,
            "volume_24h": 28556564253.89,
            "market_cap": 383777715752.93896
        },
        {
            "timestamp": "2025-01-15 16:20:00",
            "symbol": "ETH",
            "price": 3351.6264607311896,
            "volume_24h": 23402993379.78,
            "market_cap": 403860438670.5304
        },
        {
            "timestamp": "2025-01-16 16:20:00",
            "symbol": "ETH",
            "price": 3344.146801253492,
            "volume_24h": 28007654169.53,
            "market_cap": 402965504953.2705
        },
        {
            "timestamp": "2025-01-17 16:20:00",
            "symbol": "ETH",
            "price": 3445.0377746993177,
            "volume_24h": 26065012615.73,
            "market_cap": 415129095413.2253
        },
        {
            "timestamp": "2025-01-18 16:20:00",
            "symbol": "ETH",
            "price": 3270.115453986922,
            "volume_24h": 33475310175.28,
            "market_cap": 394056360056.87634
        },
        {
            "timestamp": "2025-01-19 16:20:00",
            "symbol": "ETH",
            "price": 3405.5037818319106,
            "volume_24h": 44398379977.13,
            "market_cap": 410374679261.64667
        },
        {
            "timestamp": "2025-01-20 16:20:00",
            "symbol": "ETH",
            "price": 3325.192058383082,
            "volume_24h": 58647123536.15,
            "market_cap": 400691379689.7524
        },
        {
            "timestamp": "2025-01-21 16:20:00",
            "symbol": "ETH",
            "price": 3340.2830664705803,
            "volume_24h": 40255376751.72,
            "market_cap": 402506397971.03656
        },
        {
            "timestamp": "2025-01-22 16:20:00",
            "symbol": "ETH",
            "price": 3271.796070208085,
            "volume_24h": 23904929567.66,
            "market_cap": 394257158614.07135
        },
        {
            "timestamp": "2025-01-23 16:20:00",
            "symbol": "ETH",
            "price": 3277.6835832182664,
            "volume_24h": 25238416841.23,
            "market_cap": 394971582526.6607
        },
        {
            "timestamp": "2025-01-24 16:20:00",
            "symbol": "ETH",
            "price": 3388.7344537082054,
            "volume_24h": 32250618445.5,
            "market_cap": 408358829644.9444
        },
        {
            "timestamp": "2025-01-25 16:20:00",
            "symbol": "ETH",
            "price": 3344.8442016542526,
            "volume_24h": 17274077196.9,
            "market_cap": 403075210735.37134
        },
        {
            "timestamp": "2025-01-26 16:20:00",
            "symbol": "ETH",
            "price": 3311.472694771794,
            "volume_24h": 12275950857.99,
            "market_cap": 399059992164.9685
        },
        {
            "timestamp": "2025-01-27 16:20:00",
            "symbol": "ETH",
            "price": 3125.221025606714,
            "volume_24h": 35525650781.04,
            "market_cap": 376621982471.2871
        },
        {
            "timestamp": "2025-01-28 16:20:00",
            "symbol": "ETH",
            "price": 3162.6348746830145,
            "volume_24h": 21838521295.92,
            "market_cap": 381135579226.51416
        },
        {
            "timestamp": "2025-01-29 16:20:00",
            "symbol": "ETH",
            "price": 3083.346048289679,
            "volume_24h": 19615497372.85,
            "market_cap": 371586421040.47736
        },
        {
            "timestamp": "2025-01-30 16:20:00",
            "symbol": "ETH",
            "price": 3260.7721996284977,
            "volume_24h": 26440056896.62,
            "market_cap": 392976230739.0153
        },
        {
            "timestamp": "2025-01-31 16:20:00",
            "symbol": "ETH",
            "price": 3406.3276228016957,
            "volume_24h": 24318106348.55,
            "market_cap": 410525836820.4641
        },
        {
            "timestamp": "2025-02-01 16:20:00",
            "symbol": "ETH",
            "price": 3249.0855296722766,
            "volume_24h": 23351379689.72,
            "market_cap": 391581953129.2272
        },
        {
            "timestamp": "2025-02-02 16:20:00",
            "symbol": "ETH",
            "price": 3071.52634512749,
            "volume_24h": 26267568390.79,
            "market_cap": 370189836302.2872
        },
        {
            "timestamp": "2025-02-03 16:20:00",
            "symbol": "ETH",
            "price": 2710.3067628770373,
            "volume_24h": 97850949813.62,
            "market_cap": 326659232762.0137
        },
        {
            "timestamp": "2025-02-04 16:20:00",
            "symbol": "ETH",
            "price": 2789.794087939317,
            "volume_24h": 47635279100.7,
            "market_cap": 336236981683.6793
        },
        {
            "timestamp": "2025-02-05 16:20:00",
            "symbol": "ETH",
            "price": 2739.3382545643244,
            "volume_24h": 38257811102.01,
            "market_cap": 330162203162.12115
        },
        {
            "timestamp": "2025-02-06 16:20:00",
            "symbol": "ETH",
            "price": 2705.3009467442803,
            "volume_24h": 30448266854.66,
            "market_cap": 326066141776.6898
        },
        {
            "timestamp": "2025-02-07 16:20:00",
            "symbol": "ETH",
            "price": 2722.3045725963293,
            "volume_24h": 28544047238.66,
            "market_cap": 328121851542.8765
        },
        {
            "timestamp": "2025-02-08 16:20:00",
            "symbol": "ETH",
            "price": 2592.3912002536604,
            "volume_24h": 24297767913.51,
            "market_cap": 312469461176.4478
        },
        {
            "timestamp": "2025-02-09 16:20:00",
            "symbol": "ETH",
            "price": 2661.7110718523704,
            "volume_24h": 14557212668.32,
            "market_cap": 320831477833.0233
        },
        {
            "timestamp": "2025-02-10 16:20:00",
            "symbol": "ETH",
            "price": 2663.338054964477,
            "volume_24h": 22139136189.96,
            "market_cap": 321033992661.68353
        },
        {
            "timestamp": "2025-02-11 16:20:00",
            "symbol": "ETH",
            "price": 2664.5250919382474,
            "volume_24h": 18168996674.79,
            "market_cap": 321183755694.2442
        },
        {
            "timestamp": "2025-02-12 16:20:00",
            "symbol": "ETH",
            "price": 2593.633124589845,
            "volume_24h": 23842030449.52,
            "market_cap": 312644501029.48663
        },
        {
            "timestamp": "2025-02-13 16:20:00",
            "symbol": "ETH",
            "price": 2637.483138052684,
            "volume_24h": 22252385170.41,
            "market_cap": 317936454515.7252
        },
        {
            "timestamp": "2025-02-14 16:20:00",
            "symbol": "ETH",
            "price": 2717.47809214725,
            "volume_24h": 14590699099.51,
            "market_cap": 327585896884.5994
        },
        {
            "timestamp": "2025-02-15 16:20:00",
            "symbol": "ETH",
            "price": 2692.5238795391647,
            "volume_24h": 14369193467.94,
            "market_cap": 324584458096.5437
        },
        {
            "timestamp": "2025-02-16 16:20:00",
            "symbol": "ETH",
            "price": 2692.9972311485085,
            "volume_24h": 9755065518.63,
            "market_cap": 324647976490.64075
        },
        {
            "timestamp": "2025-02-17 16:20:00",
            "symbol": "ETH",
            "price": 2751.109343856752,
            "volume_24h": 20001889370.89,
            "market_cap": 331660713874.2726
        },
        {
            "timestamp": "2025-02-18 16:20:00",
            "symbol": "ETH",
            "price": 2678.20646618149,
            "volume_24h": 22309931920.11,
            "market_cap": 322875897789.46875
        },
        {
            "timestamp": "2025-02-19 16:20:00",
            "symbol": "ETH",
            "price": 2716.512586528017,
            "volume_24h": 17501093171.74,
            "market_cap": 327500426446.6975
        },
        {
            "timestamp": "2025-02-20 16:20:00",
            "symbol": "ETH",
            "price": 2724.8174265435277,
            "volume_24h": 15166638177.57,
            "market_cap": 328508304727.9132
        },
        {
            "timestamp": "2025-02-21 16:20:00",
            "symbol": "ETH",
            "price": 2759.7568504074225,
            "volume_24h": 21623721391.0,
            "market_cap": 332727393602.86847
        },
        {
            "timestamp": "2025-02-22 16:20:00",
            "symbol": "ETH",
            "price": 2785.9945971615207,
            "volume_24h": 25610815054.91,
            "market_cap": 335897138825.503
        },
        {
            "timestamp": "2025-02-23 16:20:00",
            "symbol": "ETH",
            "price": 2799.548411752551,
            "volume_24h": 17615650708.26,
            "market_cap": 337538500805.1866
        },
        {
            "timestamp": "2025-02-24 16:20:00",
            "symbol": "ETH",
            "price": 2659.739442958653,
            "volume_24h": 24530087914.02,
            "market_cap": 320688326399.76184
        },
        {
            "timestamp": "2025-02-25 16:20:00",
            "symbol": "ETH",
            "price": 2398.957940597128,
            "volume_24h": 40903326287.25,
            "market_cap": 289251298638.5509
        },
        {
            "timestamp": "2025-02-26 16:20:00",
            "symbol": "ETH",
            "price": 2392.988627902588,
            "volume_24h": 22990465608.43,
            "market_cap": 288536813997.5812
        },
        {
            "timestamp": "2025-02-27 16:20:00",
            "symbol": "ETH",
            "price": 2330.5564487064307,
            "volume_24h": 30044109967.55,
            "market_cap": 281014509515.6601
        },
        {
            "timestamp": "2025-02-28 16:20:00",
            "symbol": "ETH",
            "price": 2212.930234313992,
            "volume_24h": 36619295881.27,
            "market_cap": 266836714501.5936
        },
        {
            "timestamp": "2025-03-01 16:20:00",
            "symbol": "ETH",
            "price": 2177.671714660714,
            "volume_24h": 18760891101.96,
            "market_cap": 262590341568.138
        },
        {
            "timestamp": "2025-03-02 16:20:00",
            "symbol": "ETH",
            "price": 2265.706008650454,
            "volume_24h": 18421369925.33,
            "market_cap": 273211604596.2056
        },
        {
            "timestamp": "2025-03-03 16:20:00",
            "symbol": "ETH",
            "price": 2280.6325266799004,
            "volume_24h": 37699214637.99,
            "market_cap": 275016293016.3352
        },
        {
            "timestamp": "2025-03-04 16:20:00",
            "symbol": "ETH",
            "price": 2059.0919485572585,
            "volume_24h": 34564508504.38,
            "market_cap": 248306112633.90085
        },
        {
            "timestamp": "2025-03-05 16:20:00",
            "symbol": "ETH",
            "price": 2180.027311601494,
            "volume_24h": 25792860737.3,
            "market_cap": 262894872614.41415
        },
        {
            "timestamp": "2025-03-06 16:20:00",
            "symbol": "ETH",
            "price": 2257.2630917544493,
            "volume_24h": 18055537378.42,
            "market_cap": 272214527271.7017
        },
        {
            "timestamp": "2025-03-07 16:20:00",
            "symbol": "ETH",
            "price": 2189.2111273381047,
            "volume_24h": 21071472893.04,
            "market_cap": 264013155208.9771
        },
        {
            "timestamp": "2025-03-08 16:20:00",
            "symbol": "ETH",
            "price": 2171.361243553973,
            "volume_24h": 14568816115.07,
            "market_cap": 261865621373.49564
        },
        {
            "timestamp": "2025-03-09 16:20:00",
            "symbol": "ETH",
            "price": 2099.546156250358,
            "volume_24h": 10895512640.37,
            "market_cap": 253210161535.6565
        },
        {
            "timestamp": "2025-03-10 16:20:00",
            "symbol": "ETH",
            "price": 2006.4905154689409,
            "volume_24h": 28921109161.64,
            "market_cap": 241992352407.0935
        },
        {
            "timestamp": "2025-03-11 16:20:00",
            "symbol": "ETH",
            "price": 1909.056161284071,
            "volume_24h": 40235947540.49,
            "market_cap": 230245305047.29068
        },
        {
            "timestamp": "2025-03-12 16:20:00",
            "symbol": "ETH",
            "price": 1874.6519476451317,
            "volume_24h": 23674680704.38,
            "market_cap": 226100312401.36148
        },
        {
            "timestamp": "2025-03-13 16:20:00",
            "symbol": "ETH",
            "price": 1867.4660152936356,
            "volume_24h": 17974323711.23,
            "market_cap": 225238227584.1888
        },
        {
            "timestamp": "2025-03-14 16:20:00",
            "symbol": "ETH",
            "price": 1925.6451021968933,
            "volume_24h": 13950142857.17,
            "market_cap": 232260111904.81683
        },
        {
            "timestamp": "2025-03-15 16:20:00",
            "symbol": "ETH",
            "price": 1937.018381497715,
            "volume_24h": 7770665971.17,
            "market_cap": 233636564243.64017
        },
        {
            "timestamp": "2025-03-16 16:20:00",
            "symbol": "ETH",
            "price": 1910.993036913364,
            "volume_24h": 8096780090.53,
            "market_cap": 230502395574.39355
        },
        {
            "timestamp": "2025-03-17 16:20:00",
            "symbol": "ETH",
            "price": 1918.793788964066,
            "volume_24h": 10711681051.65,
            "market_cap": 231448133506.85703
        },
        {
            "timestamp": "2025-03-18 16:20:00",
            "symbol": "ETH",
            "price": 1881.421820411169,
            "volume_24h": 10028518441.27,
            "market_cap": 226944979861.74875
        },
        {
            "timestamp": "2025-03-19 16:20:00",
            "symbol": "ETH",
            "price": 2039.9064994449072,
            "volume_24h": 15901733902.57,
            "market_cap": 246067194477.15536
        },
        {
            "timestamp": "2025-03-20 16:20:00",
            "symbol": "ETH",
            "price": 1968.771539613927,
            "volume_24h": 16499589227.45,
            "market_cap": 237491326809.1104
        },
        {
            "timestamp": "2025-03-21 16:20:00",
            "symbol": "ETH",
            "price": 1953.746450383724,
            "volume_24h": 10588505931.57,
            "market_cap": 235683780921.1584
        },
        {
            "timestamp": "2025-03-22 16:20:00",
            "symbol": "ETH",
            "price": 1985.7672125899912,
            "volume_24h": 7118897935.97,
            "market_cap": 239551555720.9896
        },
        {
            "timestamp": "2025-03-23 16:20:00",
            "symbol": "ETH",
            "price": 2003.8734560937216,
            "volume_24h": 7038456733.39,
            "market_cap": 241740867741.7863
        },
        {
            "timestamp": "2025-03-24 16:20:00",
            "symbol": "ETH",
            "price": 2081.0024684570544,
            "volume_24h": 13345767655.95,
            "market_cap": 251050671104.1193
        },
        {
            "timestamp": "2025-03-25 16:20:00",
            "symbol": "ETH",
            "price": 2069.501627248772,
            "volume_24h": 11835095776.9,
            "market_cap": 249668426786.31085
        },
        {
            "timestamp": "2025-03-26 16:20:00",
            "symbol": "ETH",
            "price": 2013.3265148591672,
            "volume_24h": 12056602489.71,
            "market_cap": 242896505003.09332
        },
        {
            "timestamp": "2025-03-27 16:20:00",
            "symbol": "ETH",
            "price": 2012.6723553465076,
            "volume_24h": 12647699005.91,
            "market_cap": 242822726719.97217
        },
        {
            "timestamp": "2025-03-28 16:20:00",
            "symbol": "ETH",
            "price": 1866.441344067263,
            "volume_24h": 17750157565.46,
            "market_cap": 225184854363.24
        },
        {
            "timestamp": "2025-03-29 16:20:00",
            "symbol": "ETH",
            "price": 1843.651549140588,
            "volume_24h": 11151872171.85,
            "market_cap": 222439899492.01395
        },
        {
            "timestamp": "2025-03-30 16:20:00",
            "symbol": "ETH",
            "price": 1814.8505203172172,
            "volume_24h": 10230014136.5,
            "market_cap": 218969797803.80704
        },
        {
            "timestamp": "2025-03-31 16:20:00",
            "symbol": "ETH",
            "price": 1839.0720841113969,
            "volume_24h": 16071584168.59,
            "market_cap": 221896921445.7277
        },
        {
            "timestamp": "2025-04-01 16:20:00",
            "symbol": "ETH",
            "price": 1918.381678001373,
            "volume_24h": 15283773671.77,
            "market_cap": 231470983208.30347
        },
        {
            "timestamp": "2025-04-02 16:20:00",
            "symbol": "ETH",
            "price": 1903.2870665250068,
            "volume_24h": 14900614968.33,
            "market_cap": 229654322309.37955
        },
        {
            "timestamp": "2025-04-03 16:20:00",
            "symbol": "ETH",
            "price": 1787.7677989649246,
            "volume_24h": 24360676764.89,
            "market_cap": 215720018654.63284
        },
        {
            "timestamp": "2025-04-04 16:20:00",
            "symbol": "ETH",
            "price": 1791.6692295192363,
            "volume_24h": 17181202162.83,
            "market_cap": 216195272264.1185
        },
        {
            "timestamp": "2025-04-05 16:20:00",
            "symbol": "ETH",
            "price": 1783.642954994651,
            "volume_24h": 8658739768.39,
            "market_cap": 215231314437.94907
        },
        {
            "timestamp": "2025-04-06 16:20:00",
            "symbol": "ETH",
            "price": 1749.0447045695028,
            "volume_24h": 7758979434.03,
            "market_cap": 211060781550.108
        },
        {
            "timestamp": "2025-04-07 16:20:00",
            "symbol": "ETH",
            "price": 1545.9402729436515,
            "volume_24h": 53600656606.52,
            "market_cap": 186555271580.1075
        },
        {
            "timestamp": "2025-04-08 16:20:00",
            "symbol": "ETH",
            "price": 1518.526138410315,
            "volume_24h": 20127475825.75,
            "market_cap": 183249918731.95197
        },
        {
            "timestamp": "2025-04-09 16:20:00",
            "symbol": "ETH",
            "price": 1494.979112913836,
            "volume_24h": 30866685978.4,
            "market_cap": 180411843351.0319
        },
        {
            "timestamp": "2025-04-10 16:20:00",
            "symbol": "ETH",
            "price": 1491.3524484902573,
            "volume_24h": 31353613584.01,
            "market_cap": 179977652469.5914
        },
        {
            "timestamp": "2025-04-11 16:20:00",
            "symbol": "ETH",
            "price": 1559.022714184361,
            "volume_24h": 16814921336.68,
            "market_cap": 188147498819.4073
        },
        {
            "timestamp": "2025-04-12 16:20:00",
            "symbol": "ETH",
            "price": 1653.604913751927,
            "volume_24h": 12111214699.38,
            "market_cap": 199566193248.3068
        },
        {
            "timestamp": "2025-04-13 16:20:00",
            "symbol": "ETH",
            "price": 1594.2395525165296,
            "volume_24h": 10593464940.35,
            "market_cap": 192405719262.1727
        },
        {
            "timestamp": "2025-04-14 16:20:00",
            "symbol": "ETH",
            "price": 1631.4963951251264,
            "volume_24h": 18504530991.94,
            "market_cap": 196906343139.07648
        },
        {
            "timestamp": "2025-04-15 16:20:00",
            "symbol": "ETH",
            "price": 1622.5138639444672,
            "volume_24h": 13494650137.7,
            "market_cap": 195826206728.82892
        },
        {
            "timestamp": "2025-04-16 16:20:00",
            "symbol": "ETH",
            "price": 1589.029445514584,
            "volume_24h": 12432332449.55,
            "market_cap": 191788612755.19504
        },
        {
            "timestamp": "2025-04-17 16:20:00",
            "symbol": "ETH",
            "price": 1595.2135384721605,
            "volume_24h": 13556507874.88,
            "market_cap": 192539258087.1611
        },
        {
            "timestamp": "2025-04-18 16:20:00",
            "symbol": "ETH",
            "price": 1584.4853321427388,
            "volume_24h": 8797714919.3,
            "market_cap": 191248401186.54648
        },
        {
            "timestamp": "2025-04-19 16:20:00",
            "symbol": "ETH",
            "price": 1608.1177057246753,
            "volume_24h": 6830102377.63,
            "market_cap": 194104887912.77835
        },
        {
            "timestamp": "2025-04-20 16:20:00",
            "symbol": "ETH",
            "price": 1578.753057042098,
            "volume_24h": 7497858420.47,
            "market_cap": 190564327155.698
        },
        {
            "timestamp": "2025-04-21 16:20:00",
            "symbol": "ETH",
            "price": 1620.0042668002543,
            "volume_24h": 12836653124.51,
            "market_cap": 195547728259.79208
        },
        {
            "timestamp": "2025-04-22 16:20:00",
            "symbol": "ETH",
            "price": 1694.603654933825,
            "volume_24h": 20996428718.28,
            "market_cap": 204557003540.4737
        },
        {
            "timestamp": "2025-04-23 16:20:00",
            "symbol": "ETH",
            "price": 1788.585560051211,
            "volume_24h": 26377375969.3,
            "market_cap": 215905690005.10764
        }
    ],
    "investment_thesis": "ETH presents a moderate investment opportunity based on its overall score of 56.7/100. Despite some technical weaknesses (score: 47.0/100), other factors support a positive outlook. Fundamentally strong (74.0/100), this cryptocurrency demonstrates solid market presence and stability. Despite mixed sentiment (48.0/100), other factors suggest potential upside. Multiple bullish patterns (inverse head and shoulders, double bottom) have been identified, strengthening the positive case. Chart analysis reveals a double top pattern, suggesting potential downside risk. This analysis is set against a broader market that is currently in a strong bullish trend with sentiment showing greed. Overall, ETH merits a Buy rating, suggesting positive but measured price appreciation potential.",
    "risk_assessment": "ETH is classified as a conservative risk investment. As a large-cap cryptocurrency (market cap: $215.83B) ranked #7 globally, it presents relatively lower volatility compared to smaller cryptocurrencies. Historical volatility (71.5% annualized) is moderate for the crypto market. With a daily trading volume of $25578.05M and liquidity ratio of 0.119, ETH offers sufficient liquidity for most investors. Primary risks include regulatory changes, market-wide corrections, and competition from other established cryptocurrencies. The RSI of 75.1 indicates overbought conditions, increasing the risk of a short-term correction. The current bullish market environment potentially reduces short-term downside risk, though caution is warranted for any sudden sentiment changes. High Bitcoin dominance (63.5%) may limit altcoin performance in the near term.",
    "analysis_time": "2025-04-23 20:16:22"
}