{
    "symbol": "HBAR",
    "name": "Hedera",
    "price_usd": 0.1801777080864643,
    "market_cap_usd": 7608661654.037251,
    "volume_24h_usd": 295517794.367199,
    "percent_change_24h": 1.98798593,
    "percent_change_7d": 12.56887622,
    "technical_score": 53,
    "fundamental_score": 43,
    "sentiment_score": 45,
    "total_score": 48.0,
    "technical_weight": 0.45,
    "fundamental_weight": 0.3,
    "sentiment_weight": 0.25,
    "risk_profile": "Aggressive",
    "market_opportunity": "Moderate",
    "recommendation": "Buy",
    "rank": 15,
    "technical_data": {
        "symbol": "HBAR",
        "price": 0.1721598198047089,
        "ma_7": 0.16552584704126364,
        "ma_30": 0.16871239380000883,
        "ma_90": 0.21292763257375558,
        "ma_200": 0.19552487825982573,
        "rsi_14": 62.29938757591757,
        "macd": -0.0033987362416130207,
        "macd_signal": -0.005982874671303048,
        "bb_upper": 0.18278817669977937,
        "bb_middle": 0.16306723862275316,
        "bb_lower": 0.14334630054572695,
        "bb_width": 0.2418749252588926,
        "roc_7": 3.4308063962342095,
        "roc_30": -5.756754060349412,
        "obv": 7946024848.045839,
        "tenkan_sen": 0.16502749174251635,
        "kijun_sen": 0.1560177142344204,
        "adx": 12.503332096417358,
        "stoch_k": 96.60162076104314,
        "stoch_d": 92.87905851167794,
        "mfi": 41.36462118908973,
        "psar": 0.1391308645064976,
        "technical_score": 53,
        "score_components": {
            "trend_score": 8,
            "momentum_score": 16,
            "volatility_score": 7,
            "support_resistance_score": 6,
            "volume_score": 5,
            "ichimoku_score": 5,
            "obv_score": 0,
            "adx_score": 0,
            "psar_score": 5,
            "ma_cross_score": 1
        }
    },
    "fundamental_data": {
        "symbol": "HBAR",
        "market_cap_usd": 7608661654.037251,
        "volume_24h_usd": 295517794.367199,
        "volume_mcap_ratio": 0.038839655093664674,
        "market_share": 0.2809129205367324,
        "cmc_rank": 18,
        "price_change_30d": -6.20274031,
        "fundamental_score": 43,
        "score_components": {
            "market_cap_score": 15,
            "volume_mcap_score": 5,
            "rank_score": 10,
            "stability_score": 6,
            "growth_score": 3,
            "market_position_score": 4
        }
    },
    "sentiment_data": {
        "symbol": "HBAR",
        "price_change_1h": -1.49210112,
        "price_change_24h": 1.98798593,
        "price_change_7d": 12.56887622,
        "market_avg_change_24h": 3.4300381724999993,
        "market_avg_change_7d": 10.064568308,
        "relative_performance_24h": -1.4420522424999993,
        "relative_performance_7d": 2.504307912,
        "fear_greed_value": 72,
        "fear_greed_classification": "Greed",
        "market_trend": "Strong Bullish",
        "sentiment_score": 45,
        "score_components": {
            "momentum_score": 16,
            "market_sentiment_score": 10,
            "relative_score": 9,
            "alignment_score": 10
        }
    },
    "pattern_data": {
        "head_and_shoulders": true,
        "inverse_head_and_shoulders": true,
        "double_top": false,
        "double_bottom": false,
        "ascending_triangle": false,
        "descending_triangle": false,
        "symmetric_triangle": false,
        "bullish_flag": false,
        "bearish_flag": false,
        "pattern_strength": 10
    },
    "divergence_data": {
        "bearish_divergence": false,
        "bullish_divergence": false,
        "bearish_divergence_strength": 0,
        "bullish_divergence_strength": 0,
        "rsi_divergences": [],
        "macd_divergences": []
    },
    "historical_data": [
        {
            "timestamp": "2024-04-28 07:15:00",
            "symbol": "HBAR",
            "price": 0.1063977144685512,
            "volume_24h": 151608188.38,
            "market_cap": 3802952363.926325
        },
        {
            "timestamp": "2024-04-29 07:15:00",
            "symbol": "HBAR",
            "price": 0.1016342822140471,
            "volume_24h": 120129147.33,
            "market_cap": 3632296538.425664
        },
        {
            "timestamp": "2024-04-30 07:15:00",
            "symbol": "HBAR",
            "price": 0.1006515038549733,
            "volume_24h": 163686695.97,
            "market_cap": 3597173129.535653
        },
        {
            "timestamp": "2024-05-01 07:15:00",
            "symbol": "HBAR",
            "price": 0.0939794003838371,
            "volume_24h": 215552245.39,
            "market_cap": 3358719550.561197
        },
        {
            "timestamp": "2024-05-02 07:15:00",
            "symbol": "HBAR",
            "price": 0.0969952398497446,
            "volume_24h": 291030577.7,
            "market_cap": 3466502308.6408763
        },
        {
            "timestamp": "2024-05-03 07:15:00",
            "symbol": "HBAR",
            "price": 0.1063999658845481,
            "volume_24h": 217708993.38,
            "market_cap": 3802616787.6895432
        },
        {
            "timestamp": "2024-05-04 07:15:00",
            "symbol": "HBAR",
            "price": 0.1097846075940794,
            "volume_24h": 270481563.14,
            "market_cap": 3923580128.970381
        },
        {
            "timestamp": "2024-05-05 07:15:00",
            "symbol": "HBAR",
            "price": 0.1097883062485693,
            "volume_24h": 119540323.94,
            "market_cap": 3923712314.784591
        },
        {
            "timestamp": "2024-05-06 07:15:00",
            "symbol": "HBAR",
            "price": 0.1216203303154871,
            "volume_24h": 199858672.41,
            "market_cap": 4346575733.733326
        },
        {
            "timestamp": "2024-05-07 07:15:00",
            "symbol": "HBAR",
            "price": 0.1105776314089298,
            "volume_24h": 247205098.42,
            "market_cap": 3951921920.696853
        },
        {
            "timestamp": "2024-05-08 07:15:00",
            "symbol": "HBAR",
            "price": 0.1062494704864875,
            "volume_24h": 81360233.22,
            "market_cap": 3797238249.079212
        },
        {
            "timestamp": "2024-05-09 07:15:00",
            "symbol": "HBAR",
            "price": 0.1098001493532037,
            "volume_24h": 76389682.09,
            "market_cap": 3924135574.340292
        },
        {
            "timestamp": "2024-05-10 07:15:00",
            "symbol": "HBAR",
            "price": 0.110602081195154,
            "volume_24h": 90209076.31,
            "market_cap": 3952795729.068828
        },
        {
            "timestamp": "2024-05-11 07:15:00",
            "symbol": "HBAR",
            "price": 0.1067480460461262,
            "volume_24h": 71592972.53,
            "market_cap": 3815067906.3919535
        },
        {
            "timestamp": "2024-05-12 07:15:00",
            "symbol": "HBAR",
            "price": 0.1098903080562791,
            "volume_24h": 50683252.66,
            "market_cap": 3927369193.3246098
        },
        {
            "timestamp": "2024-05-13 07:15:00",
            "symbol": "HBAR",
            "price": 0.1054828012668197,
            "volume_24h": 71185924.6,
            "market_cap": 3769849329.289256
        },
        {
            "timestamp": "2024-05-14 07:15:00",
            "symbol": "HBAR",
            "price": 0.1092156034748527,
            "volume_24h": 79641417.16,
            "market_cap": 3903255929.530211
        },
        {
            "timestamp": "2024-05-15 07:15:00",
            "symbol": "HBAR",
            "price": 0.1061508305775726,
            "volume_24h": 71834854.39,
            "market_cap": 3793724025.6364336
        },
        {
            "timestamp": "2024-05-16 07:15:00",
            "symbol": "HBAR",
            "price": 0.1111210677059894,
            "volume_24h": 91467026.65,
            "market_cap": 3971536790.08228
        },
        {
            "timestamp": "2024-05-17 07:15:00",
            "symbol": "HBAR",
            "price": 0.1177260964083624,
            "volume_24h": 98539205.59,
            "market_cap": 4208561817.3629913
        },
        {
            "timestamp": "2024-05-18 07:15:00",
            "symbol": "HBAR",
            "price": 0.11442292659927,
            "volume_24h": 115487503.71,
            "market_cap": 4090477596.800265
        },
        {
            "timestamp": "2024-05-19 07:15:00",
            "symbol": "HBAR",
            "price": 0.1138331437881966,
            "volume_24h": 68194622.48,
            "market_cap": 4069393593.386583
        },
        {
            "timestamp": "2024-05-20 07:15:00",
            "symbol": "HBAR",
            "price": 0.1111058826122901,
            "volume_24h": 57128471.59,
            "market_cap": 3971897391.6048775
        },
        {
            "timestamp": "2024-05-21 07:15:00",
            "symbol": "HBAR",
            "price": 0.1156114415762625,
            "volume_24h": 110811977.53,
            "market_cap": 4132965531.981258
        },
        {
            "timestamp": "2024-05-22 07:15:00",
            "symbol": "HBAR",
            "price": 0.1157122142772878,
            "volume_24h": 73515680.03,
            "market_cap": 4136568030.963127
        },
        {
            "timestamp": "2024-05-23 07:15:00",
            "symbol": "HBAR",
            "price": 0.1144213244093114,
            "volume_24h": 61351125.09,
            "market_cap": 4090560227.085363
        },
        {
            "timestamp": "2024-05-24 07:15:00",
            "symbol": "HBAR",
            "price": 0.1056541288483542,
            "volume_24h": 97455476.95,
            "market_cap": 3777133148.266051
        },
        {
            "timestamp": "2024-05-25 07:15:00",
            "symbol": "HBAR",
            "price": 0.1085109148783204,
            "volume_24h": 43039330.5,
            "market_cap": 3879263195.899725
        },
        {
            "timestamp": "2024-05-26 07:15:00",
            "symbol": "HBAR",
            "price": 0.1076289450958073,
            "volume_24h": 33835574.89,
            "market_cap": 3847732792.5244646
        },
        {
            "timestamp": "2024-05-27 07:15:00",
            "symbol": "HBAR",
            "price": 0.1065884681053496,
            "volume_24h": 32393293.41,
            "market_cap": 3810535759.372829
        },
        {
            "timestamp": "2024-05-28 07:15:00",
            "symbol": "HBAR",
            "price": 0.1041306768680045,
            "volume_24h": 65318349.71,
            "market_cap": 3722669768.192948
        },
        {
            "timestamp": "2024-05-29 07:15:00",
            "symbol": "HBAR",
            "price": 0.1052245405161711,
            "volume_24h": 50828881.93,
            "market_cap": 3761775373.346701
        },
        {
            "timestamp": "2024-05-30 07:15:00",
            "symbol": "HBAR",
            "price": 0.1019466381999264,
            "volume_24h": 69547593.77,
            "market_cap": 3644590426.294791
        },
        {
            "timestamp": "2024-05-31 07:15:00",
            "symbol": "HBAR",
            "price": 0.1004893216436195,
            "volume_24h": 56604327.59,
            "market_cap": 3592491386.419942
        },
        {
            "timestamp": "2024-06-01 07:15:00",
            "symbol": "HBAR",
            "price": 0.1001452056315993,
            "volume_24h": 47723698.48,
            "market_cap": 3580189245.3726287
        },
        {
            "timestamp": "2024-06-02 07:15:00",
            "symbol": "HBAR",
            "price": 0.0998238713449031,
            "volume_24h": 31539379.67,
            "market_cap": 3568701550.5834107
        },
        {
            "timestamp": "2024-06-03 07:15:00",
            "symbol": "HBAR",
            "price": 0.1018702600274254,
            "volume_24h": 62638955.18,
            "market_cap": 3641859908.062736
        },
        {
            "timestamp": "2024-06-04 07:15:00",
            "symbol": "HBAR",
            "price": 0.1003370985937772,
            "volume_24h": 58900947.75,
            "market_cap": 3587049415.2282505
        },
        {
            "timestamp": "2024-06-05 07:15:00",
            "symbol": "HBAR",
            "price": 0.1041349781228801,
            "volume_24h": 53716870.56,
            "market_cap": 3722823538.014608
        },
        {
            "timestamp": "2024-06-06 07:15:00",
            "symbol": "HBAR",
            "price": 0.1030446504804872,
            "volume_24h": 55850798.49,
            "market_cap": 3683844345.3229017
        },
        {
            "timestamp": "2024-06-07 07:15:00",
            "symbol": "HBAR",
            "price": 0.1012317175871201,
            "volume_24h": 50977995.21,
            "market_cap": 3619032027.881401
        },
        {
            "timestamp": "2024-06-08 07:15:00",
            "symbol": "HBAR",
            "price": 0.0933019050471421,
            "volume_24h": 120057491.49,
            "market_cap": 3335541376.523975
        },
        {
            "timestamp": "2024-06-09 07:15:00",
            "symbol": "HBAR",
            "price": 0.090493197089258,
            "volume_24h": 60038795.22,
            "market_cap": 3235130119.0794086
        },
        {
            "timestamp": "2024-06-10 07:15:00",
            "symbol": "HBAR",
            "price": 0.0887903071047064,
            "volume_24h": 42757194.25,
            "market_cap": 3174251833.691993
        },
        {
            "timestamp": "2024-06-11 07:15:00",
            "symbol": "HBAR",
            "price": 0.0882257982579271,
            "volume_24h": 74693205.47,
            "market_cap": 3154224307.2003098
        },
        {
            "timestamp": "2024-06-12 07:15:00",
            "symbol": "HBAR",
            "price": 0.0880274655905156,
            "volume_24h": 69073763.24,
            "market_cap": 3147133572.6039886
        },
        {
            "timestamp": "2024-06-13 07:15:00",
            "symbol": "HBAR",
            "price": 0.0889915527529273,
            "volume_24h": 78534728.24,
            "market_cap": 3181601349.860708
        },
        {
            "timestamp": "2024-06-14 07:15:00",
            "symbol": "HBAR",
            "price": 0.0891741296550246,
            "volume_24h": 56104079.61,
            "market_cap": 3188123941.318719
        },
        {
            "timestamp": "2024-06-15 07:15:00",
            "symbol": "HBAR",
            "price": 0.0862902371605483,
            "volume_24h": 58777767.58,
            "market_cap": 3085019972.05074
        },
        {
            "timestamp": "2024-06-16 07:15:00",
            "symbol": "HBAR",
            "price": 0.0852646126708001,
            "volume_24h": 31548241.46,
            "market_cap": 3048352185.0753803
        },
        {
            "timestamp": "2024-06-17 07:15:00",
            "symbol": "HBAR",
            "price": 0.0827414699235592,
            "volume_24h": 37903046.97,
            "market_cap": 2958818336.155701
        },
        {
            "timestamp": "2024-06-18 07:15:00",
            "symbol": "HBAR",
            "price": 0.0768608577821503,
            "volume_24h": 108039455.8,
            "market_cap": 2748528827.7929206
        },
        {
            "timestamp": "2024-06-19 07:15:00",
            "symbol": "HBAR",
            "price": 0.0816070861461431,
            "volume_24h": 79611548.09,
            "market_cap": 2918253000.2662234
        },
        {
            "timestamp": "2024-06-20 07:15:00",
            "symbol": "HBAR",
            "price": 0.0830404875967488,
            "volume_24h": 45979831.02,
            "market_cap": 2969511148.078676
        },
        {
            "timestamp": "2024-06-21 07:15:00",
            "symbol": "HBAR",
            "price": 0.0805777103176592,
            "volume_24h": 49105229.22,
            "market_cap": 2881442727.681698
        },
        {
            "timestamp": "2024-06-22 07:15:00",
            "symbol": "HBAR",
            "price": 0.0781172855611711,
            "volume_24h": 41488812.83,
            "market_cap": 2793458433.1654363
        },
        {
            "timestamp": "2024-06-23 07:15:00",
            "symbol": "HBAR",
            "price": 0.0786573915002707,
            "volume_24h": 22908445.15,
            "market_cap": 2812874425.2657466
        },
        {
            "timestamp": "2024-06-24 07:15:00",
            "symbol": "HBAR",
            "price": 0.0747471718667059,
            "volume_24h": 35968830.16,
            "market_cap": 2673040690.707744
        },
        {
            "timestamp": "2024-06-25 07:15:00",
            "symbol": "HBAR",
            "price": 0.0786956747004078,
            "volume_24h": 61666573.84,
            "market_cap": 2814243474.4209948
        },
        {
            "timestamp": "2024-06-26 07:15:00",
            "symbol": "HBAR",
            "price": 0.0781785170344699,
            "volume_24h": 38547609.81,
            "market_cap": 2795749350.1659565
        },
        {
            "timestamp": "2024-06-27 07:15:00",
            "symbol": "HBAR",
            "price": 0.0755780407558436,
            "volume_24h": 33161775.7,
            "market_cap": 2702753471.7390046
        },
        {
            "timestamp": "2024-06-28 07:15:00",
            "symbol": "HBAR",
            "price": 0.0781466099673975,
            "volume_24h": 36132329.41,
            "market_cap": 2794608318.372279
        },
        {
            "timestamp": "2024-06-29 07:15:00",
            "symbol": "HBAR",
            "price": 0.0772990823038276,
            "volume_24h": 34287016.74,
            "market_cap": 2764299801.3524323
        },
        {
            "timestamp": "2024-06-30 07:15:00",
            "symbol": "HBAR",
            "price": 0.0764685493373768,
            "volume_24h": 25120387.91,
            "market_cap": 2734599033.304528
        },
        {
            "timestamp": "2024-07-01 07:15:00",
            "symbol": "HBAR",
            "price": 0.0769926814261774,
            "volume_24h": 38056546.86,
            "market_cap": 2753342570.564371
        },
        {
            "timestamp": "2024-07-02 07:15:00",
            "symbol": "HBAR",
            "price": 0.0776279945715732,
            "volume_24h": 44450612.76,
            "market_cap": 2776062064.2724366
        },
        {
            "timestamp": "2024-07-03 07:15:00",
            "symbol": "HBAR",
            "price": 0.0754978757948143,
            "volume_24h": 51907814.05,
            "market_cap": 2699886685.005734
        },
        {
            "timestamp": "2024-07-04 07:15:00",
            "symbol": "HBAR",
            "price": 0.0701809074242323,
            "volume_24h": 65321334.92,
            "market_cap": 2509746075.658962
        },
        {
            "timestamp": "2024-07-05 07:15:00",
            "symbol": "HBAR",
            "price": 0.0614927362832773,
            "volume_24h": 100160484.13,
            "market_cap": 2200280360.9243937
        },
        {
            "timestamp": "2024-07-06 07:15:00",
            "symbol": "HBAR",
            "price": 0.0675849576655675,
            "volume_24h": 63246681.73,
            "market_cap": 2418266946.655891
        },
        {
            "timestamp": "2024-07-07 07:15:00",
            "symbol": "HBAR",
            "price": 0.0684324179658616,
            "volume_24h": 42779765.2,
            "market_cap": 2448590043.746061
        },
        {
            "timestamp": "2024-07-08 07:15:00",
            "symbol": "HBAR",
            "price": 0.0640163557514193,
            "volume_24h": 47598725.94,
            "market_cap": 2290578295.9230604
        },
        {
            "timestamp": "2024-07-09 07:15:00",
            "symbol": "HBAR",
            "price": 0.0679497568662799,
            "volume_24h": 56385003.15,
            "market_cap": 2431319878.5616093
        },
        {
            "timestamp": "2024-07-10 07:15:00",
            "symbol": "HBAR",
            "price": 0.0688880887498787,
            "volume_24h": 39364593.11,
            "market_cap": 2464894464.6502585
        },
        {
            "timestamp": "2024-07-11 07:15:00",
            "symbol": "HBAR",
            "price": 0.0669148764447374,
            "volume_24h": 40258641.48,
            "market_cap": 2394290675.5705605
        },
        {
            "timestamp": "2024-07-12 07:15:00",
            "symbol": "HBAR",
            "price": 0.0659461849306965,
            "volume_24h": 40052892.31,
            "market_cap": 2359629787.2538834
        },
        {
            "timestamp": "2024-07-13 07:15:00",
            "symbol": "HBAR",
            "price": 0.0674626918943683,
            "volume_24h": 33133469.27,
            "market_cap": 2413892137.807293
        },
        {
            "timestamp": "2024-07-14 07:15:00",
            "symbol": "HBAR",
            "price": 0.0714019741735328,
            "volume_24h": 47405438.0,
            "market_cap": 2554844155.048824
        },
        {
            "timestamp": "2024-07-15 07:15:00",
            "symbol": "HBAR",
            "price": 0.0743654696914729,
            "volume_24h": 37370978.8,
            "market_cap": 2660881370.1610336
        },
        {
            "timestamp": "2024-07-16 07:15:00",
            "symbol": "HBAR",
            "price": 0.0764282579687093,
            "volume_24h": 65889097.72,
            "market_cap": 2734894617.6752863
        },
        {
            "timestamp": "2024-07-17 07:15:00",
            "symbol": "HBAR",
            "price": 0.0778182622118737,
            "volume_24h": 53038571.02,
            "market_cap": 2785394263.3003173
        },
        {
            "timestamp": "2024-07-18 07:15:00",
            "symbol": "HBAR",
            "price": 0.074952900420608,
            "volume_24h": 49742331.93,
            "market_cap": 2682832704.303301
        },
        {
            "timestamp": "2024-07-19 07:15:00",
            "symbol": "HBAR",
            "price": 0.0724706526642079,
            "volume_24h": 47864472.92,
            "market_cap": 2593984168.590347
        },
        {
            "timestamp": "2024-07-20 07:15:00",
            "symbol": "HBAR",
            "price": 0.0747153325876525,
            "volume_24h": 47227833.32,
            "market_cap": 2674329300.942965
        },
        {
            "timestamp": "2024-07-21 07:15:00",
            "symbol": "HBAR",
            "price": 0.0737503557501062,
            "volume_24h": 33128089.79,
            "market_cap": 2639789324.452555
        },
        {
            "timestamp": "2024-07-22 07:15:00",
            "symbol": "HBAR",
            "price": 0.0720772519109644,
            "volume_24h": 43304909.15,
            "market_cap": 2579902946.848355
        },
        {
            "timestamp": "2024-07-23 07:15:00",
            "symbol": "HBAR",
            "price": 0.0693442536836219,
            "volume_24h": 43943843.86,
            "market_cap": 2487018040.883204
        },
        {
            "timestamp": "2024-07-24 07:15:00",
            "symbol": "HBAR",
            "price": 0.0685278618120401,
            "volume_24h": 47880289.24,
            "market_cap": 2457738306.6648545
        },
        {
            "timestamp": "2024-07-25 07:15:00",
            "symbol": "HBAR",
            "price": 0.0656572291588629,
            "volume_24h": 46482666.8,
            "market_cap": 2354783630.285809
        },
        {
            "timestamp": "2024-07-26 07:15:00",
            "symbol": "HBAR",
            "price": 0.0677454694267028,
            "volume_24h": 50072210.57,
            "market_cap": 2429677957.417265
        },
        {
            "timestamp": "2024-07-27 07:15:00",
            "symbol": "HBAR",
            "price": 0.0688330757378535,
            "volume_24h": 35440757.24,
            "market_cap": 2468684744.1919312
        },
        {
            "timestamp": "2024-07-28 07:15:00",
            "symbol": "HBAR",
            "price": 0.0680751001589993,
            "volume_24h": 37996611.13,
            "market_cap": 2441500098.909108
        },
        {
            "timestamp": "2024-07-29 07:15:00",
            "symbol": "HBAR",
            "price": 0.0690538824260859,
            "volume_24h": 28691899.45,
            "market_cap": 2476603932.713978
        },
        {
            "timestamp": "2024-07-30 07:15:00",
            "symbol": "HBAR",
            "price": 0.0677695170243738,
            "volume_24h": 37291447.26,
            "market_cap": 2430540419.8043427
        },
        {
            "timestamp": "2024-07-31 07:15:00",
            "symbol": "HBAR",
            "price": 0.0667946910517096,
            "volume_24h": 37280597.24,
            "market_cap": 2395578477.731385
        },
        {
            "timestamp": "2024-08-01 07:15:00",
            "symbol": "HBAR",
            "price": 0.0621240149924261,
            "volume_24h": 56187441.67,
            "market_cap": 2228066892.305916
        },
        {
            "timestamp": "2024-08-02 07:15:00",
            "symbol": "HBAR",
            "price": 0.0608019211049921,
            "volume_24h": 64125061.55,
            "market_cap": 2180650227.1214666
        },
        {
            "timestamp": "2024-08-03 07:15:00",
            "symbol": "HBAR",
            "price": 0.059557404931468,
            "volume_24h": 59300759.11,
            "market_cap": 2136015873.028021
        },
        {
            "timestamp": "2024-08-04 07:15:00",
            "symbol": "HBAR",
            "price": 0.0587008851692439,
            "volume_24h": 45511446.64,
            "market_cap": 2105296942.1159327
        },
        {
            "timestamp": "2024-08-05 07:15:00",
            "symbol": "HBAR",
            "price": 0.0485713506880896,
            "volume_24h": 144971497.85,
            "market_cap": 1742002966.1138656
        },
        {
            "timestamp": "2024-08-06 07:15:00",
            "symbol": "HBAR",
            "price": 0.0558873637409015,
            "volume_24h": 143564441.0,
            "market_cap": 2004408008.403421
        },
        {
            "timestamp": "2024-08-07 07:15:00",
            "symbol": "HBAR",
            "price": 0.056420220630881,
            "volume_24h": 66966790.68,
            "market_cap": 2023518994.2572503
        },
        {
            "timestamp": "2024-08-08 07:15:00",
            "symbol": "HBAR",
            "price": 0.0532332354503274,
            "volume_24h": 64797172.56,
            "market_cap": 1909217331.2207456
        },
        {
            "timestamp": "2024-08-09 07:15:00",
            "symbol": "HBAR",
            "price": 0.0580414571426902,
            "volume_24h": 57940236.81,
            "market_cap": 2081664865.360474
        },
        {
            "timestamp": "2024-08-10 07:15:00",
            "symbol": "HBAR",
            "price": 0.0556108005542867,
            "volume_24h": 46173158.62,
            "market_cap": 1994489031.589866
        },
        {
            "timestamp": "2024-08-11 07:15:00",
            "symbol": "HBAR",
            "price": 0.0563951664948639,
            "volume_24h": 25152331.17,
            "market_cap": 2022620423.6654332
        },
        {
            "timestamp": "2024-08-12 07:15:00",
            "symbol": "HBAR",
            "price": 0.0529116714663966,
            "volume_24h": 31670470.37,
            "market_cap": 1897684394.0713484
        },
        {
            "timestamp": "2024-08-13 07:15:00",
            "symbol": "HBAR",
            "price": 0.0525918624956821,
            "volume_24h": 43944170.01,
            "market_cap": 1886214400.1417844
        },
        {
            "timestamp": "2024-08-14 07:15:00",
            "symbol": "HBAR",
            "price": 0.0539853707746018,
            "volume_24h": 33049435.42,
            "market_cap": 1936192766.715155
        },
        {
            "timestamp": "2024-08-15 07:15:00",
            "symbol": "HBAR",
            "price": 0.053068554694343,
            "volume_24h": 40008033.32,
            "market_cap": 1903311031.5827825
        },
        {
            "timestamp": "2024-08-16 07:15:00",
            "symbol": "HBAR",
            "price": 0.0525571980578464,
            "volume_24h": 43857315.23,
            "market_cap": 1884971155.3053384
        },
        {
            "timestamp": "2024-08-17 07:15:00",
            "symbol": "HBAR",
            "price": 0.0515759933928193,
            "volume_24h": 35981174.18,
            "market_cap": 1850303400.778445
        },
        {
            "timestamp": "2024-08-18 07:15:00",
            "symbol": "HBAR",
            "price": 0.0523052471095335,
            "volume_24h": 19120069.04,
            "market_cap": 1876465584.8354657
        },
        {
            "timestamp": "2024-08-19 07:15:00",
            "symbol": "HBAR",
            "price": 0.0528423086117631,
            "volume_24h": 31260191.62,
            "market_cap": 1895732818.6516736
        },
        {
            "timestamp": "2024-08-20 07:15:00",
            "symbol": "HBAR",
            "price": 0.0550209586841141,
            "volume_24h": 38443178.45,
            "market_cap": 1973892508.330494
        },
        {
            "timestamp": "2024-08-21 07:15:00",
            "symbol": "HBAR",
            "price": 0.053121175856166,
            "volume_24h": 33782270.59,
            "market_cap": 1905737260.2017784
        },
        {
            "timestamp": "2024-08-22 07:15:00",
            "symbol": "HBAR",
            "price": 0.0546096204377588,
            "volume_24h": 48968397.68,
            "market_cap": 1959135632.012309
        },
        {
            "timestamp": "2024-08-23 07:15:00",
            "symbol": "HBAR",
            "price": 0.0561960729175918,
            "volume_24h": 39815108.88,
            "market_cap": 2016118777.690792
        },
        {
            "timestamp": "2024-08-24 07:15:00",
            "symbol": "HBAR",
            "price": 0.0592066825044532,
            "volume_24h": 57101808.12,
            "market_cap": 2124128932.233105
        },
        {
            "timestamp": "2024-08-25 07:15:00",
            "symbol": "HBAR",
            "price": 0.0586721580831474,
            "volume_24h": 46152579.28,
            "market_cap": 2104952063.337328
        },
        {
            "timestamp": "2024-08-26 07:15:00",
            "symbol": "HBAR",
            "price": 0.0577517423745883,
            "volume_24h": 33367177.41,
            "market_cap": 2071930763.1502008
        },
        {
            "timestamp": "2024-08-27 07:15:00",
            "symbol": "HBAR",
            "price": 0.0559983790831783,
            "volume_24h": 39211831.43,
            "market_cap": 2009026213.5571232
        },
        {
            "timestamp": "2024-08-28 07:15:00",
            "symbol": "HBAR",
            "price": 0.0524717894884975,
            "volume_24h": 53315691.12,
            "market_cap": 1882504498.8933585
        },
        {
            "timestamp": "2024-08-29 07:15:00",
            "symbol": "HBAR",
            "price": 0.0516367718529328,
            "volume_24h": 52071011.34,
            "market_cap": 1852546983.2303
        },
        {
            "timestamp": "2024-08-30 07:15:00",
            "symbol": "HBAR",
            "price": 0.0513207976487154,
            "volume_24h": 34878577.42,
            "market_cap": 1841210839.161444
        },
        {
            "timestamp": "2024-08-31 07:15:00",
            "symbol": "HBAR",
            "price": 0.0511027301089811,
            "volume_24h": 30646242.89,
            "market_cap": 1833387338.0461109
        },
        {
            "timestamp": "2024-09-01 07:15:00",
            "symbol": "HBAR",
            "price": 0.049271882533479,
            "volume_24h": 21982410.15,
            "market_cap": 1767702926.361871
        },
        {
            "timestamp": "2024-09-02 07:15:00",
            "symbol": "HBAR",
            "price": 0.0485252409179087,
            "volume_24h": 30068819.81,
            "market_cap": 1740916034.917836
        },
        {
            "timestamp": "2024-09-03 07:15:00",
            "symbol": "HBAR",
            "price": 0.0510270925762823,
            "volume_24h": 31728072.76,
            "market_cap": 1830673727.7557824
        },
        {
            "timestamp": "2024-09-04 07:15:00",
            "symbol": "HBAR",
            "price": 0.0488291464740912,
            "volume_24h": 37109879.65,
            "market_cap": 1751819104.0450585
        },
        {
            "timestamp": "2024-09-05 07:15:00",
            "symbol": "HBAR",
            "price": 0.0490547114054429,
            "volume_24h": 30837852.01,
            "market_cap": 1759911585.373232
        },
        {
            "timestamp": "2024-09-06 07:15:00",
            "symbol": "HBAR",
            "price": 0.0481006790154364,
            "volume_24h": 28893938.64,
            "market_cap": 1725684238.1202033
        },
        {
            "timestamp": "2024-09-07 07:15:00",
            "symbol": "HBAR",
            "price": 0.0479816840437976,
            "volume_24h": 42137530.5,
            "market_cap": 1773523527.5685349
        },
        {
            "timestamp": "2024-09-08 07:15:00",
            "symbol": "HBAR",
            "price": 0.0495696517762381,
            "volume_24h": 20510516.63,
            "market_cap": 1832218802.4587376
        },
        {
            "timestamp": "2024-09-09 07:15:00",
            "symbol": "HBAR",
            "price": 0.049808371526089,
            "volume_24h": 22371310.38,
            "market_cap": 1841047672.2306423
        },
        {
            "timestamp": "2024-09-10 07:15:00",
            "symbol": "HBAR",
            "price": 0.0503194067310128,
            "volume_24h": 28212125.8,
            "market_cap": 1859936869.8846045
        },
        {
            "timestamp": "2024-09-11 07:15:00",
            "symbol": "HBAR",
            "price": 0.0495496367679789,
            "volume_24h": 26890159.72,
            "market_cap": 1831484158.9239964
        },
        {
            "timestamp": "2024-09-12 07:15:00",
            "symbol": "HBAR",
            "price": 0.0505745771076252,
            "volume_24h": 28178532.64,
            "market_cap": 1869368634.3464952
        },
        {
            "timestamp": "2024-09-13 07:15:00",
            "symbol": "HBAR",
            "price": 0.0509962597677821,
            "volume_24h": 25296426.35,
            "market_cap": 1884955128.276739
        },
        {
            "timestamp": "2024-09-14 07:15:00",
            "symbol": "HBAR",
            "price": 0.0521203345497348,
            "volume_24h": 27345423.59,
            "market_cap": 1926503872.0455067
        },
        {
            "timestamp": "2024-09-15 07:15:00",
            "symbol": "HBAR",
            "price": 0.051848670880846,
            "volume_24h": 16476938.34,
            "market_cap": 1916462469.7909343
        },
        {
            "timestamp": "2024-09-16 07:15:00",
            "symbol": "HBAR",
            "price": 0.0499504785168833,
            "volume_24h": 23314555.48,
            "market_cap": 1846628014.9998105
        },
        {
            "timestamp": "2024-09-17 07:15:00",
            "symbol": "HBAR",
            "price": 0.0495333692476373,
            "volume_24h": 23056994.09,
            "market_cap": 1833401689.1095445
        },
        {
            "timestamp": "2024-09-18 07:15:00",
            "symbol": "HBAR",
            "price": 0.0496435085700886,
            "volume_24h": 28544966.9,
            "market_cap": 1837478324.7723532
        },
        {
            "timestamp": "2024-09-19 07:15:00",
            "symbol": "HBAR",
            "price": 0.0516786043979429,
            "volume_24h": 45678289.09,
            "market_cap": 1912804275.342848
        },
        {
            "timestamp": "2024-09-20 07:15:00",
            "symbol": "HBAR",
            "price": 0.0532575201401946,
            "volume_24h": 49657366.21,
            "market_cap": 1971245419.7483568
        },
        {
            "timestamp": "2024-09-21 07:15:00",
            "symbol": "HBAR",
            "price": 0.0537620483629871,
            "volume_24h": 48878118.04,
            "market_cap": 1989919758.0552723
        },
        {
            "timestamp": "2024-09-22 07:15:00",
            "symbol": "HBAR",
            "price": 0.0540351320069915,
            "volume_24h": 51568432.67,
            "market_cap": 2000027530.2755983
        },
        {
            "timestamp": "2024-09-23 07:15:00",
            "symbol": "HBAR",
            "price": 0.0555735531347836,
            "volume_24h": 41380886.57,
            "market_cap": 2057037774.7859464
        },
        {
            "timestamp": "2024-09-24 07:15:00",
            "symbol": "HBAR",
            "price": 0.0577563036583178,
            "volume_24h": 61725489.89,
            "market_cap": 2173166326.9611974
        },
        {
            "timestamp": "2024-09-25 07:15:00",
            "symbol": "HBAR",
            "price": 0.0586746603078656,
            "volume_24h": 55891554.99,
            "market_cap": 2207720853.720197
        },
        {
            "timestamp": "2024-09-26 07:15:00",
            "symbol": "HBAR",
            "price": 0.0583884915065114,
            "volume_24h": 67527270.21,
            "market_cap": 2196953323.7656107
        },
        {
            "timestamp": "2024-09-27 07:15:00",
            "symbol": "HBAR",
            "price": 0.061970612832685,
            "volume_24h": 64177986.82,
            "market_cap": 2331735935.0439315
        },
        {
            "timestamp": "2024-09-28 07:15:00",
            "symbol": "HBAR",
            "price": 0.0620865560837324,
            "volume_24h": 50269111.27,
            "market_cap": 2336098471.170606
        },
        {
            "timestamp": "2024-09-29 07:15:00",
            "symbol": "HBAR",
            "price": 0.0605425066676312,
            "volume_24h": 37163624.37,
            "market_cap": 2278001328.926948
        },
        {
            "timestamp": "2024-09-30 07:15:00",
            "symbol": "HBAR",
            "price": 0.0604608199507853,
            "volume_24h": 49182415.3,
            "market_cap": 2274927745.307427
        },
        {
            "timestamp": "2024-10-01 07:15:00",
            "symbol": "HBAR",
            "price": 0.0590993968315568,
            "volume_24h": 47894983.56,
            "market_cap": 2223702187.5101905
        },
        {
            "timestamp": "2024-10-02 07:15:00",
            "symbol": "HBAR",
            "price": 0.0543954159626429,
            "volume_24h": 73698799.25,
            "market_cap": 2046707952.223921
        },
        {
            "timestamp": "2024-10-03 07:15:00",
            "symbol": "HBAR",
            "price": 0.0519342612047182,
            "volume_24h": 56324651.85,
            "market_cap": 1954103365.5062363
        },
        {
            "timestamp": "2024-10-04 07:15:00",
            "symbol": "HBAR",
            "price": 0.0519554491022501,
            "volume_24h": 55888735.63,
            "market_cap": 1956261906.0798628
        },
        {
            "timestamp": "2024-10-05 07:15:00",
            "symbol": "HBAR",
            "price": 0.0539831776468304,
            "volume_24h": 48903499.42,
            "market_cap": 2032611320.364604
        },
        {
            "timestamp": "2024-10-06 07:15:00",
            "symbol": "HBAR",
            "price": 0.0527497536540855,
            "volume_24h": 25408497.19,
            "market_cap": 1986169601.305231
        },
        {
            "timestamp": "2024-10-07 07:15:00",
            "symbol": "HBAR",
            "price": 0.0552135727322851,
            "volume_24h": 31439554.51,
            "market_cap": 2078938992.9613197
        },
        {
            "timestamp": "2024-10-08 07:15:00",
            "symbol": "HBAR",
            "price": 0.0521077402734937,
            "volume_24h": 44462264.18,
            "market_cap": 1961996076.8556232
        },
        {
            "timestamp": "2024-10-09 07:15:00",
            "symbol": "HBAR",
            "price": 0.0520831926751799,
            "volume_24h": 37630954.16,
            "market_cap": 1961071793.887813
        },
        {
            "timestamp": "2024-10-10 07:15:00",
            "symbol": "HBAR",
            "price": 0.0504375229283353,
            "volume_24h": 36436034.69,
            "market_cap": 1899107917.3166869
        },
        {
            "timestamp": "2024-10-11 07:15:00",
            "symbol": "HBAR",
            "price": 0.0508553319843378,
            "volume_24h": 40787485.55,
            "market_cap": 1914839548.062412
        },
        {
            "timestamp": "2024-10-12 07:15:00",
            "symbol": "HBAR",
            "price": 0.0514480408551532,
            "volume_24h": 32368950.15,
            "market_cap": 1937156625.590013
        },
        {
            "timestamp": "2024-10-13 07:15:00",
            "symbol": "HBAR",
            "price": 0.0511726974671468,
            "volume_24h": 25773818.68,
            "market_cap": 1926789204.0152652
        },
        {
            "timestamp": "2024-10-14 07:15:00",
            "symbol": "HBAR",
            "price": 0.0517784376708974,
            "volume_24h": 30877351.33,
            "market_cap": 1949596945.9891295
        },
        {
            "timestamp": "2024-10-15 07:15:00",
            "symbol": "HBAR",
            "price": 0.0544352357313815,
            "volume_24h": 61157313.08,
            "market_cap": 2049632513.2653255
        },
        {
            "timestamp": "2024-10-16 07:15:00",
            "symbol": "HBAR",
            "price": 0.054403163980339,
            "volume_24h": 135341945.64,
            "market_cap": 2048483299.1643093
        },
        {
            "timestamp": "2024-10-17 07:15:00",
            "symbol": "HBAR",
            "price": 0.0519806682698512,
            "volume_24h": 56076780.83,
            "market_cap": 1957874783.1319244
        },
        {
            "timestamp": "2024-10-18 07:15:00",
            "symbol": "HBAR",
            "price": 0.0513615814035127,
            "volume_24h": 51184471.84,
            "market_cap": 1935162239.207417
        },
        {
            "timestamp": "2024-10-19 07:15:00",
            "symbol": "HBAR",
            "price": 0.0528657345830837,
            "volume_24h": 41724756.66,
            "market_cap": 1991834568.131502
        },
        {
            "timestamp": "2024-10-20 07:15:00",
            "symbol": "HBAR",
            "price": 0.0532999592484164,
            "volume_24h": 46855165.17,
            "market_cap": 2008194948.2479584
        },
        {
            "timestamp": "2024-10-21 07:15:00",
            "symbol": "HBAR",
            "price": 0.0557196782691256,
            "volume_24h": 62834404.83,
            "market_cap": 2099363263.990703
        },
        {
            "timestamp": "2024-10-22 07:15:00",
            "symbol": "HBAR",
            "price": 0.0531464238324276,
            "volume_24h": 56884950.78,
            "market_cap": 2002410162.1216533
        },
        {
            "timestamp": "2024-10-23 07:15:00",
            "symbol": "HBAR",
            "price": 0.0518721656378074,
            "volume_24h": 42645690.89,
            "market_cap": 1954399613.6382651
        },
        {
            "timestamp": "2024-10-24 07:15:00",
            "symbol": "HBAR",
            "price": 0.0513362884886691,
            "volume_24h": 41876668.92,
            "market_cap": 1934209246.03212
        },
        {
            "timestamp": "2024-10-25 07:15:00",
            "symbol": "HBAR",
            "price": 0.0504466139366802,
            "volume_24h": 34459396.39,
            "market_cap": 1900785716.478604
        },
        {
            "timestamp": "2024-10-26 07:15:00",
            "symbol": "HBAR",
            "price": 0.0482777690153464,
            "volume_24h": 69087978.63,
            "market_cap": 1819102883.2000568
        },
        {
            "timestamp": "2024-10-27 07:15:00",
            "symbol": "HBAR",
            "price": 0.0482840261622881,
            "volume_24h": 25667077.49,
            "market_cap": 1819338652.054077
        },
        {
            "timestamp": "2024-10-28 07:15:00",
            "symbol": "HBAR",
            "price": 0.0485739226290518,
            "volume_24h": 27880010.46,
            "market_cap": 1830261925.480661
        },
        {
            "timestamp": "2024-10-29 07:15:00",
            "symbol": "HBAR",
            "price": 0.0488430290434919,
            "volume_24h": 45436395.15,
            "market_cap": 1840401835.905511
        },
        {
            "timestamp": "2024-10-30 07:15:00",
            "symbol": "HBAR",
            "price": 0.0490977608324411,
            "volume_24h": 49115046.03,
            "market_cap": 1850000111.4690547
        },
        {
            "timestamp": "2024-10-31 07:15:00",
            "symbol": "HBAR",
            "price": 0.0473588333177307,
            "volume_24h": 43441712.15,
            "market_cap": 1784477447.362651
        },
        {
            "timestamp": "2024-11-01 07:15:00",
            "symbol": "HBAR",
            "price": 0.0453640846648183,
            "volume_24h": 48700307.11,
            "market_cap": 1709315460.993649
        },
        {
            "timestamp": "2024-11-02 07:15:00",
            "symbol": "HBAR",
            "price": 0.0458161312068545,
            "volume_24h": 39264604.31,
            "market_cap": 1726348542.3236637
        },
        {
            "timestamp": "2024-11-03 07:15:00",
            "symbol": "HBAR",
            "price": 0.0438563610625901,
            "volume_24h": 35098708.72,
            "market_cap": 1652504543.6594288
        },
        {
            "timestamp": "2024-11-04 07:15:00",
            "symbol": "HBAR",
            "price": 0.0431328635269295,
            "volume_24h": 49140526.88,
            "market_cap": 1625243208.3408816
        },
        {
            "timestamp": "2024-11-05 07:15:00",
            "symbol": "HBAR",
            "price": 0.0439444614241866,
            "volume_24h": 75309619.71,
            "market_cap": 1655824158.9843688
        },
        {
            "timestamp": "2024-11-06 07:15:00",
            "symbol": "HBAR",
            "price": 0.0493773760492702,
            "volume_24h": 77644278.19,
            "market_cap": 1860541132.822372
        },
        {
            "timestamp": "2024-11-07 07:15:00",
            "symbol": "HBAR",
            "price": 0.048493507334815,
            "volume_24h": 72129636.34,
            "market_cap": 1827236930.96729
        },
        {
            "timestamp": "2024-11-08 07:15:00",
            "symbol": "HBAR",
            "price": 0.0494362230457798,
            "volume_24h": 61922090.1,
            "market_cap": 1862758489.5754611
        },
        {
            "timestamp": "2024-11-09 07:15:00",
            "symbol": "HBAR",
            "price": 0.0512309967444432,
            "volume_24h": 98392766.63,
            "market_cap": 1930404099.181737
        },
        {
            "timestamp": "2024-11-10 07:15:00",
            "symbol": "HBAR",
            "price": 0.0555814278015648,
            "volume_24h": 75885615.89,
            "market_cap": 2094330047.0854044
        },
        {
            "timestamp": "2024-11-11 07:15:00",
            "symbol": "HBAR",
            "price": 0.0543038114031246,
            "volume_24h": 150417616.77,
            "market_cap": 2046188958.3399649
        },
        {
            "timestamp": "2024-11-12 07:15:00",
            "symbol": "HBAR",
            "price": 0.0590405882213034,
            "volume_24h": 181608850.17,
            "market_cap": 2224672570.6982985
        },
        {
            "timestamp": "2024-11-13 07:15:00",
            "symbol": "HBAR",
            "price": 0.0581348401302414,
            "volume_24h": 689771103.87,
            "market_cap": 2190543626.617988
        },
        {
            "timestamp": "2024-11-14 07:15:00",
            "symbol": "HBAR",
            "price": 0.0597114781155119,
            "volume_24h": 268697271.66,
            "market_cap": 2249951965.6284747
        },
        {
            "timestamp": "2024-11-15 07:15:00",
            "symbol": "HBAR",
            "price": 0.0676478569296148,
            "volume_24h": 470613462.74,
            "market_cap": 2548997838.827972
        },
        {
            "timestamp": "2024-11-16 07:15:00",
            "symbol": "HBAR",
            "price": 0.0841695360265321,
            "volume_24h": 710603676.47,
            "market_cap": 3171622239.040587
        },
        {
            "timestamp": "2024-11-17 07:15:00",
            "symbol": "HBAR",
            "price": 0.086874638693345,
            "volume_24h": 966143653.11,
            "market_cap": 3274569508.892115
        },
        {
            "timestamp": "2024-11-18 07:15:00",
            "symbol": "HBAR",
            "price": 0.1246885408736661,
            "volume_24h": 1172654462.48,
            "market_cap": 4699890557.184842
        },
        {
            "timestamp": "2024-11-19 07:15:00",
            "symbol": "HBAR",
            "price": 0.1413027298827873,
            "volume_24h": 3419632245.19,
            "market_cap": 5326128490.566537
        },
        {
            "timestamp": "2024-11-20 07:15:00",
            "symbol": "HBAR",
            "price": 0.1238186549025079,
            "volume_24h": 1370799235.4,
            "market_cap": 4667100671.640359
        },
        {
            "timestamp": "2024-11-21 07:15:00",
            "symbol": "HBAR",
            "price": 0.1255568779635072,
            "volume_24h": 1171340247.12,
            "market_cap": 4732619516.514023
        },
        {
            "timestamp": "2024-11-22 07:15:00",
            "symbol": "HBAR",
            "price": 0.1327176543824589,
            "volume_24h": 1010629134.3,
            "market_cap": 5069664614.464327
        },
        {
            "timestamp": "2024-11-23 07:15:00",
            "symbol": "HBAR",
            "price": 0.1508159976071421,
            "volume_24h": 2097037526.25,
            "market_cap": 5761000703.622593
        },
        {
            "timestamp": "2024-11-24 07:15:00",
            "symbol": "HBAR",
            "price": 0.1517611950676895,
            "volume_24h": 1533714551.91,
            "market_cap": 5797106376.274532
        },
        {
            "timestamp": "2024-11-25 07:15:00",
            "symbol": "HBAR",
            "price": 0.1427855067261243,
            "volume_24h": 756369268.42,
            "market_cap": 5454244241.531977
        },
        {
            "timestamp": "2024-11-26 07:15:00",
            "symbol": "HBAR",
            "price": 0.1353812544380614,
            "volume_24h": 535698146.57,
            "market_cap": 5171410197.559572
        },
        {
            "timestamp": "2024-11-27 07:15:00",
            "symbol": "HBAR",
            "price": 0.1379680743013646,
            "volume_24h": 510068832.34,
            "market_cap": 5270223779.075046
        },
        {
            "timestamp": "2024-11-28 07:15:00",
            "symbol": "HBAR",
            "price": 0.139959291519049,
            "volume_24h": 490206193.01,
            "market_cap": 5346286015.818317
        },
        {
            "timestamp": "2024-11-29 07:15:00",
            "symbol": "HBAR",
            "price": 0.1505869790161421,
            "volume_24h": 513582673.9,
            "market_cap": 5752251610.744938
        },
        {
            "timestamp": "2024-11-30 07:15:00",
            "symbol": "HBAR",
            "price": 0.1689384415152165,
            "volume_24h": 1650844537.72,
            "market_cap": 6453256640.59731
        },
        {
            "timestamp": "2024-12-01 07:15:00",
            "symbol": "HBAR",
            "price": 0.1769058084145528,
            "volume_24h": 823178941.97,
            "market_cap": 6757601009.415714
        },
        {
            "timestamp": "2024-12-02 07:15:00",
            "symbol": "HBAR",
            "price": 0.2527162308092925,
            "volume_24h": 3722557030.07,
            "market_cap": 9653473062.689217
        },
        {
            "timestamp": "2024-12-03 07:15:00",
            "symbol": "HBAR",
            "price": 0.3509720745049328,
            "volume_24h": 7070832888.05,
            "market_cap": 13406734724.67176
        },
        {
            "timestamp": "2024-12-04 07:15:00",
            "symbol": "HBAR",
            "price": 0.3274208051454746,
            "volume_24h": 4956483272.5,
            "market_cap": 12507102977.11855
        },
        {
            "timestamp": "2024-12-05 07:15:00",
            "symbol": "HBAR",
            "price": 0.2960975415924257,
            "volume_24h": 3354466228.46,
            "market_cap": 11310589876.305037
        },
        {
            "timestamp": "2024-12-06 07:15:00",
            "symbol": "HBAR",
            "price": 0.2903480038356279,
            "volume_24h": 1929910084.04,
            "market_cap": 11090964064.509796
        },
        {
            "timestamp": "2024-12-07 07:15:00",
            "symbol": "HBAR",
            "price": 0.3491899428061968,
            "volume_24h": 3798041396.29,
            "market_cap": 13348923205.506832
        },
        {
            "timestamp": "2024-12-08 07:15:00",
            "symbol": "HBAR",
            "price": 0.3343105525143768,
            "volume_24h": 2054955404.74,
            "market_cap": 12780110035.365389
        },
        {
            "timestamp": "2024-12-09 07:15:00",
            "symbol": "HBAR",
            "price": 0.3124372627555642,
            "volume_24h": 1215415844.39,
            "market_cap": 11943932272.358805
        },
        {
            "timestamp": "2024-12-10 07:15:00",
            "symbol": "HBAR",
            "price": 0.2884378271970284,
            "volume_24h": 2194214047.11,
            "market_cap": 11026475659.287176
        },
        {
            "timestamp": "2024-12-11 07:15:00",
            "symbol": "HBAR",
            "price": 0.281727647757945,
            "volume_24h": 1849802644.84,
            "market_cap": 10769957188.83588
        },
        {
            "timestamp": "2024-12-12 07:15:00",
            "symbol": "HBAR",
            "price": 0.3108224480650876,
            "volume_24h": 1508733828.97,
            "market_cap": 11882200719.852863
        },
        {
            "timestamp": "2024-12-13 07:15:00",
            "symbol": "HBAR",
            "price": 0.2898699171110772,
            "volume_24h": 1193002832.96,
            "market_cap": 11081221961.618015
        },
        {
            "timestamp": "2024-12-14 07:15:00",
            "symbol": "HBAR",
            "price": 0.3043863503026212,
            "volume_24h": 1573762882.68,
            "market_cap": 11639235423.640057
        },
        {
            "timestamp": "2024-12-15 07:15:00",
            "symbol": "HBAR",
            "price": 0.2877738276523904,
            "volume_24h": 629366852.67,
            "market_cap": 11003999683.519156
        },
        {
            "timestamp": "2024-12-16 07:15:00",
            "symbol": "HBAR",
            "price": 0.2855885676741996,
            "volume_24h": 670535379.6,
            "market_cap": 10920438922.268064
        },
        {
            "timestamp": "2024-12-17 07:15:00",
            "symbol": "HBAR",
            "price": 0.2778930602668159,
            "volume_24h": 745158127.48,
            "market_cap": 10629061203.696676
        },
        {
            "timestamp": "2024-12-18 07:15:00",
            "symbol": "HBAR",
            "price": 0.2945254647772534,
            "volume_24h": 1415594954.28,
            "market_cap": 11265229826.759075
        },
        {
            "timestamp": "2024-12-19 07:15:00",
            "symbol": "HBAR",
            "price": 0.2800016089184955,
            "volume_24h": 1850792116.1,
            "market_cap": 10709710519.193048
        },
        {
            "timestamp": "2024-12-20 07:15:00",
            "symbol": "HBAR",
            "price": 0.2811742982636284,
            "volume_24h": 1930816740.64,
            "market_cap": 10754564389.687052
        },
        {
            "timestamp": "2024-12-21 07:15:00",
            "symbol": "HBAR",
            "price": 0.2779961557524424,
            "volume_24h": 1939077261.92,
            "market_cap": 10633954137.303017
        },
        {
            "timestamp": "2024-12-22 07:15:00",
            "symbol": "HBAR",
            "price": 0.253372936617399,
            "volume_24h": 894239410.58,
            "market_cap": 9692062757.251995
        },
        {
            "timestamp": "2024-12-23 07:15:00",
            "symbol": "HBAR",
            "price": 0.2645756567491721,
            "volume_24h": 953763369.45,
            "market_cap": 10120591028.739693
        },
        {
            "timestamp": "2024-12-24 07:15:00",
            "symbol": "HBAR",
            "price": 0.2927231577692182,
            "volume_24h": 1299636098.75,
            "market_cap": 11197293813.140358
        },
        {
            "timestamp": "2024-12-25 07:15:00",
            "symbol": "HBAR",
            "price": 0.3106207415770317,
            "volume_24h": 1967629477.89,
            "market_cap": 11881915098.212372
        },
        {
            "timestamp": "2024-12-26 07:15:00",
            "symbol": "HBAR",
            "price": 0.2977036674305342,
            "volume_24h": 956323053.12,
            "market_cap": 11387809078.295843
        },
        {
            "timestamp": "2024-12-27 07:15:00",
            "symbol": "HBAR",
            "price": 0.2861367950339716,
            "volume_24h": 865750303.46,
            "market_cap": 10945351195.192684
        },
        {
            "timestamp": "2024-12-28 07:15:00",
            "symbol": "HBAR",
            "price": 0.276006880214302,
            "volume_24h": 655449620.02,
            "market_cap": 10557860046.895178
        },
        {
            "timestamp": "2024-12-29 07:15:00",
            "symbol": "HBAR",
            "price": 0.2903996262772378,
            "volume_24h": 797120941.02,
            "market_cap": 11108413708.842287
        },
        {
            "timestamp": "2024-12-30 07:15:00",
            "symbol": "HBAR",
            "price": 0.2797214074800179,
            "volume_24h": 536037856.42,
            "market_cap": 10699948747.671202
        },
        {
            "timestamp": "2024-12-31 07:15:00",
            "symbol": "HBAR",
            "price": 0.2692220112574469,
            "volume_24h": 691514047.68,
            "market_cap": 10298324136.69279
        },
        {
            "timestamp": "2025-01-01 07:15:00",
            "symbol": "HBAR",
            "price": 0.2681120133447952,
            "volume_24h": 484893312.83,
            "market_cap": 10255864315.8423
        },
        {
            "timestamp": "2025-01-02 07:15:00",
            "symbol": "HBAR",
            "price": 0.2864772122169228,
            "volume_24h": 1205502902.49,
            "market_cap": 10958372888.351938
        },
        {
            "timestamp": "2025-01-03 07:15:00",
            "symbol": "HBAR",
            "price": 0.3000400608120473,
            "volume_24h": 750062972.13,
            "market_cap": 11477181174.273865
        },
        {
            "timestamp": "2025-01-04 07:15:00",
            "symbol": "HBAR",
            "price": 0.308275487357901,
            "volume_24h": 1037757123.47,
            "market_cap": 11792204049.083645
        },
        {
            "timestamp": "2025-01-05 07:15:00",
            "symbol": "HBAR",
            "price": 0.3064363932185497,
            "volume_24h": 578722149.82,
            "market_cap": 11721854721.1475
        },
        {
            "timestamp": "2025-01-06 07:15:00",
            "symbol": "HBAR",
            "price": 0.3028819399591435,
            "volume_24h": 467295685.75,
            "market_cap": 11585889194.876358
        },
        {
            "timestamp": "2025-01-07 07:15:00",
            "symbol": "HBAR",
            "price": 0.3201473093460503,
            "volume_24h": 769119373.5,
            "market_cap": 12247770380.74784
        },
        {
            "timestamp": "2025-01-08 07:15:00",
            "symbol": "HBAR",
            "price": 0.2799421867626379,
            "volume_24h": 1217558658.58,
            "market_cap": 10709656173.66063
        },
        {
            "timestamp": "2025-01-09 07:15:00",
            "symbol": "HBAR",
            "price": 0.273975388091142,
            "volume_24h": 722768966.91,
            "market_cap": 10481386318.385418
        },
        {
            "timestamp": "2025-01-10 07:15:00",
            "symbol": "HBAR",
            "price": 0.2796027282150342,
            "volume_24h": 589554228.08,
            "market_cap": 10696669619.425484
        },
        {
            "timestamp": "2025-01-11 07:15:00",
            "symbol": "HBAR",
            "price": 0.2784163741454175,
            "volume_24h": 578837860.58,
            "market_cap": 10651283661.95001
        },
        {
            "timestamp": "2025-01-12 07:15:00",
            "symbol": "HBAR",
            "price": 0.2830779915362538,
            "volume_24h": 510619727.71,
            "market_cap": 10829621625.392242
        },
        {
            "timestamp": "2025-01-13 07:15:00",
            "symbol": "HBAR",
            "price": 0.2702316302660622,
            "volume_24h": 449863411.29,
            "market_cap": 10338162607.109922
        },
        {
            "timestamp": "2025-01-14 07:15:00",
            "symbol": "HBAR",
            "price": 0.280606044330829,
            "volume_24h": 521321660.65,
            "market_cap": 10735053130.768272
        },
        {
            "timestamp": "2025-01-15 07:15:00",
            "symbol": "HBAR",
            "price": 0.3088749071711372,
            "volume_24h": 611211807.3,
            "market_cap": 11816525715.495745
        },
        {
            "timestamp": "2025-01-16 07:15:00",
            "symbol": "HBAR",
            "price": 0.3436873738877344,
            "volume_24h": 1318823461.58,
            "market_cap": 13148975645.218344
        },
        {
            "timestamp": "2025-01-17 07:15:00",
            "symbol": "HBAR",
            "price": 0.3832731423517098,
            "volume_24h": 2697663741.71,
            "market_cap": 14664736773.044811
        },
        {
            "timestamp": "2025-01-18 07:15:00",
            "symbol": "HBAR",
            "price": 0.3540793288250324,
            "volume_24h": 1253239228.07,
            "market_cap": 13549252461.142208
        },
        {
            "timestamp": "2025-01-19 07:15:00",
            "symbol": "HBAR",
            "price": 0.3515717360419851,
            "volume_24h": 929136640.02,
            "market_cap": 13453296509.682596
        },
        {
            "timestamp": "2025-01-20 07:15:00",
            "symbol": "HBAR",
            "price": 0.3678621225892811,
            "volume_24h": 1474605195.5,
            "market_cap": 14076666872.010391
        },
        {
            "timestamp": "2025-01-21 07:15:00",
            "symbol": "HBAR",
            "price": 0.3286882634240516,
            "volume_24h": 1182685963.24,
            "market_cap": 12577634132.033356
        },
        {
            "timestamp": "2025-01-22 07:15:00",
            "symbol": "HBAR",
            "price": 0.3286211070636385,
            "volume_24h": 668252773.68,
            "market_cap": 12575515851.541431
        },
        {
            "timestamp": "2025-01-23 07:15:00",
            "symbol": "HBAR",
            "price": 0.3161451463717815,
            "volume_24h": 454750065.14,
            "market_cap": 12098091736.140778
        },
        {
            "timestamp": "2025-01-24 07:15:00",
            "symbol": "HBAR",
            "price": 0.3319785322371438,
            "volume_24h": 661383793.97,
            "market_cap": 12703996197.725342
        },
        {
            "timestamp": "2025-01-25 07:15:00",
            "symbol": "HBAR",
            "price": 0.3310295704645522,
            "volume_24h": 570371611.89,
            "market_cap": 12667681781.041674
        },
        {
            "timestamp": "2025-01-26 07:15:00",
            "symbol": "HBAR",
            "price": 0.3482704849806395,
            "volume_24h": 506759920.96,
            "market_cap": 13327448877.96638
        },
        {
            "timestamp": "2025-01-27 07:15:00",
            "symbol": "HBAR",
            "price": 0.3044743330163258,
            "volume_24h": 495229160.0,
            "market_cap": 11651478614.831898
        },
        {
            "timestamp": "2025-01-28 07:15:00",
            "symbol": "HBAR",
            "price": 0.317824042346804,
            "volume_24h": 616965283.36,
            "market_cap": 12162338926.89598
        },
        {
            "timestamp": "2025-01-29 07:15:00",
            "symbol": "HBAR",
            "price": 0.3076442515983389,
            "volume_24h": 422621240.64,
            "market_cap": 11772783528.531755
        },
        {
            "timestamp": "2025-01-30 07:15:00",
            "symbol": "HBAR",
            "price": 0.3166698457998678,
            "volume_24h": 443623972.19,
            "market_cap": 12118170664.15446
        },
        {
            "timestamp": "2025-01-31 07:15:00",
            "symbol": "HBAR",
            "price": 0.313486858713249,
            "volume_24h": 346375715.26,
            "market_cap": 11996365632.042784
        },
        {
            "timestamp": "2025-02-01 07:15:00",
            "symbol": "HBAR",
            "price": 0.306099662174473,
            "volume_24h": 302365872.902104,
            "market_cap": 11713675924.311014
        },
        {
            "timestamp": "2025-02-02 07:15:00",
            "symbol": "HBAR",
            "price": 0.2824397995678259,
            "volume_24h": 346661196.48,
            "market_cap": 10808271582.217728
        },
        {
            "timestamp": "2025-02-03 07:15:00",
            "symbol": "HBAR",
            "price": 0.2326481340907939,
            "volume_24h": 1272702814.86,
            "market_cap": 8902867868.474665
        },
        {
            "timestamp": "2025-02-04 07:15:00",
            "symbol": "HBAR",
            "price": 0.2535201532721685,
            "volume_24h": 994901093.14,
            "market_cap": 9701588346.455051
        },
        {
            "timestamp": "2025-02-05 07:15:00",
            "symbol": "HBAR",
            "price": 0.2508524100868405,
            "volume_24h": 574198672.62,
            "market_cap": 9599500422.227226
        },
        {
            "timestamp": "2025-02-06 07:15:00",
            "symbol": "HBAR",
            "price": 0.2455922994045175,
            "volume_24h": 349291115.19,
            "market_cap": 9398209014.67324
        },
        {
            "timestamp": "2025-02-07 07:15:00",
            "symbol": "HBAR",
            "price": 0.2311473411431161,
            "volume_24h": 367572613.5,
            "market_cap": 8845436239.317856
        },
        {
            "timestamp": "2025-02-08 07:15:00",
            "symbol": "HBAR",
            "price": 0.2271912313580204,
            "volume_24h": 337205317.37,
            "market_cap": 8694045716.352512
        },
        {
            "timestamp": "2025-02-09 07:15:00",
            "symbol": "HBAR",
            "price": 0.2402673500830841,
            "volume_24h": 218840104.99,
            "market_cap": 9194436393.007189
        },
        {
            "timestamp": "2025-02-10 07:15:00",
            "symbol": "HBAR",
            "price": 0.2375766457759268,
            "volume_24h": 257857889.19,
            "market_cap": 9091469803.519056
        },
        {
            "timestamp": "2025-02-11 07:15:00",
            "symbol": "HBAR",
            "price": 0.2466916066224773,
            "volume_24h": 285577941.35,
            "market_cap": 9440276779.167677
        },
        {
            "timestamp": "2025-02-12 07:15:00",
            "symbol": "HBAR",
            "price": 0.2232795810161725,
            "volume_24h": 286001106.48,
            "market_cap": 8544356552.425697
        },
        {
            "timestamp": "2025-02-13 07:15:00",
            "symbol": "HBAR",
            "price": 0.2287961081659633,
            "volume_24h": 371832197.45,
            "market_cap": 8755460382.458622
        },
        {
            "timestamp": "2025-02-14 07:15:00",
            "symbol": "HBAR",
            "price": 0.2260106313039903,
            "volume_24h": 228956349.97,
            "market_cap": 8649341531.52281
        },
        {
            "timestamp": "2025-02-15 07:15:00",
            "symbol": "HBAR",
            "price": 0.2311808265552446,
            "volume_24h": 338855014.01,
            "market_cap": 9656335844.787186
        },
        {
            "timestamp": "2025-02-16 07:15:00",
            "symbol": "HBAR",
            "price": 0.2251882038214239,
            "volume_24h": 196302917.13,
            "market_cap": 9406268114.89891
        },
        {
            "timestamp": "2025-02-17 07:15:00",
            "symbol": "HBAR",
            "price": 0.2189771706888821,
            "volume_24h": 174343913.06,
            "market_cap": 9176009841.072817
        },
        {
            "timestamp": "2025-02-18 07:15:00",
            "symbol": "HBAR",
            "price": 0.2040031471325777,
            "volume_24h": 211303519.7,
            "market_cap": 8548539008.727001
        },
        {
            "timestamp": "2025-02-19 07:15:00",
            "symbol": "HBAR",
            "price": 0.2106785642253702,
            "volume_24h": 234724705.58,
            "market_cap": 8828265396.43909
        },
        {
            "timestamp": "2025-02-20 07:15:00",
            "symbol": "HBAR",
            "price": 0.2226662010593766,
            "volume_24h": 246798455.83,
            "market_cap": 9330594809.41808
        },
        {
            "timestamp": "2025-02-21 07:15:00",
            "symbol": "HBAR",
            "price": 0.2205173816580418,
            "volume_24h": 225425056.11,
            "market_cap": 9240550774.64492
        },
        {
            "timestamp": "2025-02-22 07:15:00",
            "symbol": "HBAR",
            "price": 0.2161665631526047,
            "volume_24h": 393576205.6520494,
            "market_cap": 9058234264.70429
        },
        {
            "timestamp": "2025-02-23 07:15:00",
            "symbol": "HBAR",
            "price": 0.2139155952927059,
            "volume_24h": 154503354.32,
            "market_cap": 8963909805.366127
        },
        {
            "timestamp": "2025-02-24 07:15:00",
            "symbol": "HBAR",
            "price": 0.205224979960269,
            "volume_24h": 160189381.39,
            "market_cap": 8599738638.296127
        },
        {
            "timestamp": "2025-02-25 07:15:00",
            "symbol": "HBAR",
            "price": 0.1863057087865012,
            "volume_24h": 794021771.02,
            "market_cap": 7806946321.53144
        },
        {
            "timestamp": "2025-02-26 07:15:00",
            "symbol": "HBAR",
            "price": 0.1968185785682883,
            "volume_24h": 591119574.79,
            "market_cap": 8247477159.836638
        },
        {
            "timestamp": "2025-02-27 07:15:00",
            "symbol": "HBAR",
            "price": 0.200636983123058,
            "volume_24h": 401427134.69,
            "market_cap": 8407483418.904349
        },
        {
            "timestamp": "2025-02-28 07:15:00",
            "symbol": "HBAR",
            "price": 0.1843430984254569,
            "volume_24h": 419047135.34,
            "market_cap": 7724705182.299547
        },
        {
            "timestamp": "2025-03-01 07:15:00",
            "symbol": "HBAR",
            "price": 0.2298919354106018,
            "volume_24h": 633513820.41,
            "market_cap": 9634406215.617826
        },
        {
            "timestamp": "2025-03-02 07:15:00",
            "symbol": "HBAR",
            "price": 0.2461818148599275,
            "volume_24h": 1035237498.92,
            "market_cap": 10317089214.214836
        },
        {
            "timestamp": "2025-03-03 07:15:00",
            "symbol": "HBAR",
            "price": 0.2523892916898162,
            "volume_24h": 1415087052.25,
            "market_cap": 10577234665.09779
        },
        {
            "timestamp": "2025-03-04 07:15:00",
            "symbol": "HBAR",
            "price": 0.2252300025375652,
            "volume_24h": 824890589.0,
            "market_cap": 9439031959.364462
        },
        {
            "timestamp": "2025-03-05 07:15:00",
            "symbol": "HBAR",
            "price": 0.2557176456488084,
            "volume_24h": 915892806.91,
            "market_cap": 10716720697.328571
        },
        {
            "timestamp": "2025-03-06 07:15:00",
            "symbol": "HBAR",
            "price": 0.247655396809859,
            "volume_24h": 560667283.61,
            "market_cap": 10381115115.60307
        },
        {
            "timestamp": "2025-03-07 07:15:00",
            "symbol": "HBAR",
            "price": 0.2451555854578065,
            "volume_24h": 524351856.0,
            "market_cap": 10349875742.159374
        },
        {
            "timestamp": "2025-03-08 07:15:00",
            "symbol": "HBAR",
            "price": 0.2331240958961434,
            "volume_24h": 609677492.05,
            "market_cap": 9841935359.228186
        },
        {
            "timestamp": "2025-03-09 07:15:00",
            "symbol": "HBAR",
            "price": 0.2242551524147054,
            "volume_24h": 249977649.75,
            "market_cap": 9467510021.03062
        },
        {
            "timestamp": "2025-03-10 07:15:00",
            "symbol": "HBAR",
            "price": 0.2108822914149186,
            "volume_24h": 428359248.18,
            "market_cap": 8902940181.001905
        },
        {
            "timestamp": "2025-03-11 07:15:00",
            "symbol": "HBAR",
            "price": 0.1937589972971544,
            "volume_24h": 553679436.9,
            "market_cap": 8180036127.711893
        },
        {
            "timestamp": "2025-03-12 07:15:00",
            "symbol": "HBAR",
            "price": 0.1997050382264933,
            "volume_24h": 615855938.85,
            "market_cap": 8431063591.200597
        },
        {
            "timestamp": "2025-03-13 07:15:00",
            "symbol": "HBAR",
            "price": 0.1945109756941518,
            "volume_24h": 524253043.41,
            "market_cap": 8211782836.47065
        },
        {
            "timestamp": "2025-03-14 07:15:00",
            "symbol": "HBAR",
            "price": 0.188853601755708,
            "volume_24h": 383482628.06,
            "market_cap": 7972942195.392454
        },
        {
            "timestamp": "2025-03-15 07:15:00",
            "symbol": "HBAR",
            "price": 0.1917436268820152,
            "volume_24h": 341841148.87,
            "market_cap": 8094952064.74179
        },
        {
            "timestamp": "2025-03-16 07:15:00",
            "symbol": "HBAR",
            "price": 0.1912907059503166,
            "volume_24h": 187693542.74,
            "market_cap": 8076178736.905669
        },
        {
            "timestamp": "2025-03-17 07:15:00",
            "symbol": "HBAR",
            "price": 0.1930648887598674,
            "volume_24h": 305899908.73,
            "market_cap": 8151083669.748239
        },
        {
            "timestamp": "2025-03-18 07:15:00",
            "symbol": "HBAR",
            "price": 0.1868820270990717,
            "volume_24h": 238780844.52,
            "market_cap": 7890046963.18672
        },
        {
            "timestamp": "2025-03-19 07:15:00",
            "symbol": "HBAR",
            "price": 0.1874909076410181,
            "volume_24h": 176695636.57,
            "market_cap": 7915753534.042414
        },
        {
            "timestamp": "2025-03-20 07:15:00",
            "symbol": "HBAR",
            "price": 0.1953655069079519,
            "volume_24h": 316204777.73,
            "market_cap": 8248214386.472011
        },
        {
            "timestamp": "2025-03-21 07:15:00",
            "symbol": "HBAR",
            "price": 0.1852437256366,
            "volume_24h": 205931056.04,
            "market_cap": 7820878859.605852
        },
        {
            "timestamp": "2025-03-22 07:15:00",
            "symbol": "HBAR",
            "price": 0.1847868520500578,
            "volume_24h": 158037115.68,
            "market_cap": 7801589930.9465475
        },
        {
            "timestamp": "2025-03-23 07:15:00",
            "symbol": "HBAR",
            "price": 0.1826760295533038,
            "volume_24h": 152484848.21,
            "market_cap": 7712472272.666305
        },
        {
            "timestamp": "2025-03-24 07:15:00",
            "symbol": "HBAR",
            "price": 0.1915135632073121,
            "volume_24h": 188154300.57,
            "market_cap": 8085587636.694433
        },
        {
            "timestamp": "2025-03-25 07:15:00",
            "symbol": "HBAR",
            "price": 0.1950128667144382,
            "volume_24h": 205539259.69,
            "market_cap": 8233326129.28049
        },
        {
            "timestamp": "2025-03-26 07:15:00",
            "symbol": "HBAR",
            "price": 0.1966727508978778,
            "volume_24h": 214420962.86,
            "market_cap": 8303405442.768244
        },
        {
            "timestamp": "2025-03-27 07:15:00",
            "symbol": "HBAR",
            "price": 0.1943459945283196,
            "volume_24h": 214425202.59,
            "market_cap": 8205171186.044737
        },
        {
            "timestamp": "2025-03-28 07:15:00",
            "symbol": "HBAR",
            "price": 0.1837609626409061,
            "volume_24h": 197782264.45,
            "market_cap": 7758277495.973858
        },
        {
            "timestamp": "2025-03-29 07:15:00",
            "symbol": "HBAR",
            "price": 0.1760908644023614,
            "volume_24h": 189902450.21,
            "market_cap": 7434560859.427428
        },
        {
            "timestamp": "2025-03-30 07:15:00",
            "symbol": "HBAR",
            "price": 0.1734948419131806,
            "volume_24h": 226267480.29,
            "market_cap": 7324956722.649274
        },
        {
            "timestamp": "2025-03-31 07:15:00",
            "symbol": "HBAR",
            "price": 0.1602531765515719,
            "volume_24h": 174025230.74,
            "market_cap": 6765893267.856239
        },
        {
            "timestamp": "2025-04-01 07:15:00",
            "symbol": "HBAR",
            "price": 0.1658157364443807,
            "volume_24h": 224519093.21,
            "market_cap": 7000744690.718498
        },
        {
            "timestamp": "2025-04-02 07:15:00",
            "symbol": "HBAR",
            "price": 0.1630662842448526,
            "volume_24h": 219119464.12,
            "market_cap": 6884662747.593603
        },
        {
            "timestamp": "2025-04-03 07:15:00",
            "symbol": "HBAR",
            "price": 0.1622862756336708,
            "volume_24h": 382023965.29,
            "market_cap": 6851730763.816088
        },
        {
            "timestamp": "2025-04-04 07:15:00",
            "symbol": "HBAR",
            "price": 0.162635447393336,
            "volume_24h": 278889705.1,
            "market_cap": 6866472804.564786
        },
        {
            "timestamp": "2025-04-05 07:15:00",
            "symbol": "HBAR",
            "price": 0.1619812401881048,
            "volume_24h": 286115610.13,
            "market_cap": 6840193307.445794
        },
        {
            "timestamp": "2025-04-06 07:15:00",
            "symbol": "HBAR",
            "price": 0.1584762168289297,
            "volume_24h": 105794653.43,
            "market_cap": 6692182110.005528
        },
        {
            "timestamp": "2025-04-07 07:15:00",
            "symbol": "HBAR",
            "price": 0.1282744658279347,
            "volume_24h": 342726363.82,
            "market_cap": 5416813339.956786
        },
        {
            "timestamp": "2025-04-08 07:15:00",
            "symbol": "HBAR",
            "price": 0.157430466790943,
            "volume_24h": 546209010.58,
            "market_cap": 6648076326.507622
        },
        {
            "timestamp": "2025-04-09 07:15:00",
            "symbol": "HBAR",
            "price": 0.1548606808133736,
            "volume_24h": 521550245.94,
            "market_cap": 6539557729.890452
        },
        {
            "timestamp": "2025-04-10 07:15:00",
            "symbol": "HBAR",
            "price": 0.1720185705881269,
            "volume_24h": 612398026.85,
            "market_cap": 7264112278.640735
        },
        {
            "timestamp": "2025-04-11 07:15:00",
            "symbol": "HBAR",
            "price": 0.1716294252800088,
            "volume_24h": 423209747.43,
            "market_cap": 7247679197.024456
        },
        {
            "timestamp": "2025-04-12 07:15:00",
            "symbol": "HBAR",
            "price": 0.1686538998532363,
            "volume_24h": 329161521.99,
            "market_cap": 7122026771.764844
        },
        {
            "timestamp": "2025-04-13 07:15:00",
            "symbol": "HBAR",
            "price": 0.1713951979600293,
            "volume_24h": 257099781.01,
            "market_cap": 7237788094.011244
        },
        {
            "timestamp": "2025-04-14 07:15:00",
            "symbol": "HBAR",
            "price": 0.1665726883259539,
            "volume_24h": 250568014.78,
            "market_cap": 7034140015.02569
        },
        {
            "timestamp": "2025-04-15 07:15:00",
            "symbol": "HBAR",
            "price": 0.1664492676825703,
            "volume_24h": 230831395.52,
            "market_cap": 7028928127.685703
        },
        {
            "timestamp": "2025-04-16 07:15:00",
            "symbol": "HBAR",
            "price": 0.1573702101901933,
            "volume_24h": 168388026.36,
            "market_cap": 6645531772.338345
        },
        {
            "timestamp": "2025-04-17 07:15:00",
            "symbol": "HBAR",
            "price": 0.1599913448060489,
            "volume_24h": 234691069.42,
            "market_cap": 6756218752.7328415
        },
        {
            "timestamp": "2025-04-18 07:15:00",
            "symbol": "HBAR",
            "price": 0.1655248254097495,
            "volume_24h": 144382811.18,
            "market_cap": 6989890177.077609
        },
        {
            "timestamp": "2025-04-19 07:15:00",
            "symbol": "HBAR",
            "price": 0.1665200406857897,
            "volume_24h": 110110057.54,
            "market_cap": 7031916776.203616
        },
        {
            "timestamp": "2025-04-20 07:15:00",
            "symbol": "HBAR",
            "price": 0.1644299150975156,
            "volume_24h": 81531094.88,
            "market_cap": 6943653591.020588
        },
        {
            "timestamp": "2025-04-21 07:15:00",
            "symbol": "HBAR",
            "price": 0.1726847732948394,
            "volume_24h": 134230474.46,
            "market_cap": 7292245121.532465
        },
        {
            "timestamp": "2025-04-22 07:15:00",
            "symbol": "HBAR",
            "price": 0.1721598198047089,
            "volume_24h": 167062925.22,
            "market_cap": 7270077043.516649
        }
    ],
    "investment_thesis": "HBAR presents a moderate investment opportunity based on its overall score of 48.0/100. Technical indicators are favorable with a score of 53.0/100, showing balanced price action. While fundamentals are less robust (43.0/100), they may improve with market development. Despite mixed sentiment (45.0/100), other factors suggest potential upside. Chart analysis reveals a inverse head and shoulders pattern, supporting a bullish outlook. Chart analysis reveals a head and shoulders pattern, suggesting potential downside risk. This analysis is set against a broader market that is currently in a strong bullish trend with sentiment showing greed. Overall, HBAR merits a Buy rating, suggesting positive but measured price appreciation potential.",
    "risk_assessment": "HBAR is classified as a aggressive risk investment. With a market cap of $7.61B and rank #15, it offers higher growth potential with corresponding volatility. Annualized volatility of 125.3% indicates significant price swings are common. Daily trading volume of $295.52M and liquidity ratio of 0.039 suggest moderate liquidity. Key risks include high competition, technological challenges, potential regulatory scrutiny, and pronounced market cycle effects. The current bullish market environment potentially reduces short-term downside risk, though caution is warranted for any sudden sentiment changes. High Bitcoin dominance (63.3%) may limit altcoin performance in the near term.",
    "analysis_time": "2025-04-23 12:42:25"
}