{
    "symbol": "SOL",
    "name": "Solana",
    "price_usd": 149.5398474269203,
    "market_cap_usd": 77358981185.99165,
    "volume_24h_usd": 5376334710.987209,
    "percent_change_24h": 3.25071349,
    "percent_change_7d": 15.40897505,
    "technical_score": 59,
    "fundamental_score": 63,
    "sentiment_score": 46,
    "total_score": 57.0,
    "technical_weight": 0.45,
    "fundamental_weight": 0.3,
    "sentiment_weight": 0.25,
    "risk_profile": "Moderate",
    "market_opportunity": "Moderate",
    "recommendation": "Buy",
    "rank": 6,
    "technical_data": {
        "symbol": "SOL",
        "price": 150.43906735679698,
        "ma_7": 139.48057981802359,
        "ma_30": 127.62726234146189,
        "ma_90": 157.209757923638,
        "ma_200": 181.38966714142953,
        "rsi_14": 89.05953604227395,
        "macd": 4.053876897270328,
        "macd_signal": 0.6780577588000871,
        "bb_upper": 152.49501403444265,
        "bb_middle": 126.15792101706195,
        "bb_lower": 99.82082799968126,
        "bb_width": 0.4175257931496635,
        "roc_7": 17.200381387383068,
        "roc_30": 5.366226817481934,
        "obv": -62051600280.42996,
        "tenkan_sen": 139.3998143122771,
        "kijun_sen": 128.03127837573808,
        "adx": 33.11885057279131,
        "stoch_k": 99.81721847979397,
        "stoch_d": 99.60014831703548,
        "mfi": 68.54059144888099,
        "psar": 120.33951959078009,
        "technical_score": 59,
        "score_components": {
            "trend_score": 8,
            "momentum_score": 10,
            "volatility_score": 1,
            "support_resistance_score": 3,
            "volume_score": 10,
            "ichimoku_score": 7,
            "obv_score": 5,
            "adx_score": 5,
            "psar_score": 5,
            "ma_cross_score": 5
        }
    },
    "fundamental_data": {
        "symbol": "SOL",
        "market_cap_usd": 77358981185.99165,
        "volume_24h_usd": 5376334710.987209,
        "volume_mcap_ratio": 0.06949852012736653,
        "market_share": 2.878855179542272,
        "cmc_rank": 6,
        "price_change_30d": 4.87033994,
        "fundamental_score": 63,
        "score_components": {
            "market_cap_score": 22,
            "volume_mcap_score": 8,
            "rank_score": 12,
            "stability_score": 9,
            "growth_score": 5,
            "market_position_score": 7
        }
    },
    "sentiment_data": {
        "symbol": "SOL",
        "price_change_1h": -1.7509962,
        "price_change_24h": 3.25071349,
        "price_change_7d": 15.40897505,
        "market_avg_change_24h": 3.7310203413333327,
        "market_avg_change_7d": 11.602763898000001,
        "relative_performance_24h": -0.48030685133333284,
        "relative_performance_7d": 3.8062111519999995,
        "fear_greed_value": 72,
        "fear_greed_classification": "Greed",
        "market_trend": "Strong Bullish",
        "sentiment_score": 46,
        "score_components": {
            "momentum_score": 17,
            "market_sentiment_score": 10,
            "relative_score": 9,
            "alignment_score": 10
        }
    },
    "pattern_data": {
        "head_and_shoulders": false,
        "inverse_head_and_shoulders": true,
        "double_top": false,
        "double_bottom": false,
        "ascending_triangle": false,
        "descending_triangle": false,
        "symmetric_triangle": true,
        "bullish_flag": false,
        "bearish_flag": false,
        "pattern_strength": 10
    },
    "divergence_data": {
        "bearish_divergence": false,
        "bullish_divergence": false,
        "bearish_divergence_strength": 0,
        "bullish_divergence_strength": 0,
        "rsi_divergences": [],
        "macd_divergences": []
    },
    "historical_data": [
        {
            "timestamp": "2024-04-29 16:20:00",
            "symbol": "SOL",
            "price": 136.12496541240307,
            "volume_24h": 2167235043.39,
            "market_cap": 60886048438.70962
        },
        {
            "timestamp": "2024-04-30 16:20:00",
            "symbol": "SOL",
            "price": 124.5145806577156,
            "volume_24h": 3103537379.22,
            "market_cap": 55713109452.31532
        },
        {
            "timestamp": "2024-05-01 16:20:00",
            "symbol": "SOL",
            "price": 123.8969830589856,
            "volume_24h": 3397131216.73,
            "market_cap": 55407328438.59821
        },
        {
            "timestamp": "2024-05-02 16:20:00",
            "symbol": "SOL",
            "price": 138.59772810193576,
            "volume_24h": 4327238296.52,
            "market_cap": 61983840517.44431
        },
        {
            "timestamp": "2024-05-03 16:20:00",
            "symbol": "SOL",
            "price": 142.49571324731116,
            "volume_24h": 3230972658.85,
            "market_cap": 63742746011.07502
        },
        {
            "timestamp": "2024-05-04 16:20:00",
            "symbol": "SOL",
            "price": 146.0090242246418,
            "volume_24h": 3007033183.61,
            "market_cap": 65313629669.08044
        },
        {
            "timestamp": "2024-05-05 16:20:00",
            "symbol": "SOL",
            "price": 147.36944466471766,
            "volume_24h": 2528561379.66,
            "market_cap": 65939290984.80607
        },
        {
            "timestamp": "2024-05-06 16:20:00",
            "symbol": "SOL",
            "price": 153.55061117191897,
            "volume_24h": 2577729393.47,
            "market_cap": 68704022248.49916
        },
        {
            "timestamp": "2024-05-07 16:20:00",
            "symbol": "SOL",
            "price": 154.7478498815129,
            "volume_24h": 2676207128.24,
            "market_cap": 69343348074.02274
        },
        {
            "timestamp": "2024-05-08 16:20:00",
            "symbol": "SOL",
            "price": 145.6892862581655,
            "volume_24h": 2374826923.58,
            "market_cap": 65282958456.703285
        },
        {
            "timestamp": "2024-05-09 16:20:00",
            "symbol": "SOL",
            "price": 147.86360109276913,
            "volume_24h": 2337943910.89,
            "market_cap": 66263585911.87326
        },
        {
            "timestamp": "2024-05-10 16:20:00",
            "symbol": "SOL",
            "price": 148.2903478384481,
            "volume_24h": 2527368620.44,
            "market_cap": 66471933467.68581
        },
        {
            "timestamp": "2024-05-11 16:20:00",
            "symbol": "SOL",
            "price": 146.0359483559405,
            "volume_24h": 1628411403.33,
            "market_cap": 65486006465.88206
        },
        {
            "timestamp": "2024-05-12 16:20:00",
            "symbol": "SOL",
            "price": 146.08671864838618,
            "volume_24h": 946012681.61,
            "market_cap": 65525958634.22068
        },
        {
            "timestamp": "2024-05-13 16:20:00",
            "symbol": "SOL",
            "price": 147.69734037113355,
            "volume_24h": 2154333455.01,
            "market_cap": 66247376294.57659
        },
        {
            "timestamp": "2024-05-14 16:20:00",
            "symbol": "SOL",
            "price": 142.41063191971998,
            "volume_24h": 2306492622.29,
            "market_cap": 63892774430.14993
        },
        {
            "timestamp": "2024-05-15 16:20:00",
            "symbol": "SOL",
            "price": 152.26353975921924,
            "volume_24h": 2969330056.89,
            "market_cap": 68314134502.18956
        },
        {
            "timestamp": "2024-05-16 16:20:00",
            "symbol": "SOL",
            "price": 158.8564792802104,
            "volume_24h": 3826153523.13,
            "market_cap": 71290540629.93446
        },
        {
            "timestamp": "2024-05-17 16:20:00",
            "symbol": "SOL",
            "price": 170.437260661732,
            "volume_24h": 3357632072.57,
            "market_cap": 76492477996.3385
        },
        {
            "timestamp": "2024-05-18 16:20:00",
            "symbol": "SOL",
            "price": 172.54128897701293,
            "volume_24h": 2746376879.68,
            "market_cap": 77456675678.75847
        },
        {
            "timestamp": "2024-05-19 16:20:00",
            "symbol": "SOL",
            "price": 168.52180875744372,
            "volume_24h": 2152773509.05,
            "market_cap": 75651794807.56334
        },
        {
            "timestamp": "2024-05-20 16:20:00",
            "symbol": "SOL",
            "price": 179.14430229294254,
            "volume_24h": 3100150191.12,
            "market_cap": 80434157451.59612
        },
        {
            "timestamp": "2024-05-21 16:20:00",
            "symbol": "SOL",
            "price": 177.86439268063188,
            "volume_24h": 5643613126.2,
            "market_cap": 79888290035.49277
        },
        {
            "timestamp": "2024-05-22 16:20:00",
            "symbol": "SOL",
            "price": 182.42561101123573,
            "volume_24h": 3592603282.59,
            "market_cap": 81937019963.25539
        },
        {
            "timestamp": "2024-05-23 16:20:00",
            "symbol": "SOL",
            "price": 172.5456250107705,
            "volume_24h": 4291764524.02,
            "market_cap": 77521359691.31952
        },
        {
            "timestamp": "2024-05-24 16:20:00",
            "symbol": "SOL",
            "price": 165.5456073075632,
            "volume_24h": 5330463705.05,
            "market_cap": 74378552240.39311
        },
        {
            "timestamp": "2024-05-25 16:20:00",
            "symbol": "SOL",
            "price": 167.244969403152,
            "volume_24h": 2138155845.2,
            "market_cap": 75161504630.46962
        },
        {
            "timestamp": "2024-05-26 16:20:00",
            "symbol": "SOL",
            "price": 162.74587770548794,
            "volume_24h": 2340358598.1,
            "market_cap": 73138572106.3052
        },
        {
            "timestamp": "2024-05-27 16:20:00",
            "symbol": "SOL",
            "price": 171.61574577916306,
            "volume_24h": 2628498127.01,
            "market_cap": 77144707895.7364
        },
        {
            "timestamp": "2024-05-28 16:20:00",
            "symbol": "SOL",
            "price": 167.18950909187495,
            "volume_24h": 3422271228.03,
            "market_cap": 75153864870.86034
        },
        {
            "timestamp": "2024-05-29 16:20:00",
            "symbol": "SOL",
            "price": 168.23774512184244,
            "volume_24h": 2800844425.24,
            "market_cap": 77306089655.00839
        },
        {
            "timestamp": "2024-05-30 16:20:00",
            "symbol": "SOL",
            "price": 168.3718130789455,
            "volume_24h": 2754153528.52,
            "market_cap": 77386825061.71416
        },
        {
            "timestamp": "2024-05-31 16:20:00",
            "symbol": "SOL",
            "price": 164.03291839920686,
            "volume_24h": 2723375396.08,
            "market_cap": 75360743165.98692
        },
        {
            "timestamp": "2024-06-01 16:20:00",
            "symbol": "SOL",
            "price": 166.97834270333203,
            "volume_24h": 1349105248.21,
            "market_cap": 76759462620.26553
        },
        {
            "timestamp": "2024-06-02 16:20:00",
            "symbol": "SOL",
            "price": 164.82092969842645,
            "volume_24h": 1244117634.01,
            "market_cap": 75766615819.22842
        },
        {
            "timestamp": "2024-06-03 16:20:00",
            "symbol": "SOL",
            "price": 164.25568380895618,
            "volume_24h": 2182344284.23,
            "market_cap": 75525876834.00865
        },
        {
            "timestamp": "2024-06-04 16:20:00",
            "symbol": "SOL",
            "price": 168.68248426282037,
            "volume_24h": 1859418759.0,
            "market_cap": 77561406583.30045
        },
        {
            "timestamp": "2024-06-05 16:20:00",
            "symbol": "SOL",
            "price": 174.6217369772057,
            "volume_24h": 2649969836.56,
            "market_cap": 80312764473.47076
        },
        {
            "timestamp": "2024-06-06 16:20:00",
            "symbol": "SOL",
            "price": 172.75216708242962,
            "volume_24h": 1643854250.94,
            "market_cap": 79451368720.93806
        },
        {
            "timestamp": "2024-06-07 16:20:00",
            "symbol": "SOL",
            "price": 169.87759828688098,
            "volume_24h": 2158517288.1,
            "market_cap": 78242503373.73257
        },
        {
            "timestamp": "2024-06-08 16:20:00",
            "symbol": "SOL",
            "price": 159.47767871075405,
            "volume_24h": 3207062649.94,
            "market_cap": 73450601779.72443
        },
        {
            "timestamp": "2024-06-09 16:20:00",
            "symbol": "SOL",
            "price": 161.61568461066287,
            "volume_24h": 1572682388.58,
            "market_cap": 74451395986.66115
        },
        {
            "timestamp": "2024-06-10 16:20:00",
            "symbol": "SOL",
            "price": 161.93268323926503,
            "volume_24h": 1611969009.19,
            "market_cap": 74615638987.75806
        },
        {
            "timestamp": "2024-06-11 16:20:00",
            "symbol": "SOL",
            "price": 148.7923928614037,
            "volume_24h": 2531469233.53,
            "market_cap": 68585550888.88675
        },
        {
            "timestamp": "2024-06-12 16:20:00",
            "symbol": "SOL",
            "price": 158.95180009222975,
            "volume_24h": 2542288361.66,
            "market_cap": 73364716123.79189
        },
        {
            "timestamp": "2024-06-13 16:20:00",
            "symbol": "SOL",
            "price": 147.59284371305375,
            "volume_24h": 2644875642.38,
            "market_cap": 68120646163.9852
        },
        {
            "timestamp": "2024-06-14 16:20:00",
            "symbol": "SOL",
            "price": 141.99804279363306,
            "volume_24h": 2030535414.76,
            "market_cap": 65554486556.19549
        },
        {
            "timestamp": "2024-06-15 16:20:00",
            "symbol": "SOL",
            "price": 145.3726040316297,
            "volume_24h": 1555550607.54,
            "market_cap": 67117570361.22215
        },
        {
            "timestamp": "2024-06-16 16:20:00",
            "symbol": "SOL",
            "price": 148.7449659190364,
            "volume_24h": 1020346061.26,
            "market_cap": 68691894463.03777
        },
        {
            "timestamp": "2024-06-17 16:20:00",
            "symbol": "SOL",
            "price": 140.55910882315413,
            "volume_24h": 1880100396.89,
            "market_cap": 64910541387.99122
        },
        {
            "timestamp": "2024-06-18 16:20:00",
            "symbol": "SOL",
            "price": 134.62812114642006,
            "volume_24h": 3799249788.05,
            "market_cap": 62186396470.26801
        },
        {
            "timestamp": "2024-06-19 16:20:00",
            "symbol": "SOL",
            "price": 136.387230846399,
            "volume_24h": 2548866514.23,
            "market_cap": 63000248685.55873
        },
        {
            "timestamp": "2024-06-20 16:20:00",
            "symbol": "SOL",
            "price": 132.48627690510062,
            "volume_24h": 2501691731.22,
            "market_cap": 61194826689.54592
        },
        {
            "timestamp": "2024-06-21 16:20:00",
            "symbol": "SOL",
            "price": 130.94709103717872,
            "volume_24h": 2027041502.02,
            "market_cap": 60498610593.12381
        },
        {
            "timestamp": "2024-06-22 16:20:00",
            "symbol": "SOL",
            "price": 134.20526106804,
            "volume_24h": 1403542703.56,
            "market_cap": 62003046759.05974
        },
        {
            "timestamp": "2024-06-23 16:20:00",
            "symbol": "SOL",
            "price": 131.9428296125606,
            "volume_24h": 761224907.83,
            "market_cap": 60976503144.702415
        },
        {
            "timestamp": "2024-06-24 16:20:00",
            "symbol": "SOL",
            "price": 126.96671801240534,
            "volume_24h": 2681309290.36,
            "market_cap": 58676107808.21989
        },
        {
            "timestamp": "2024-06-25 16:20:00",
            "symbol": "SOL",
            "price": 138.53697914234635,
            "volume_24h": 3123698209.23,
            "market_cap": 64039122018.53528
        },
        {
            "timestamp": "2024-06-26 16:20:00",
            "symbol": "SOL",
            "price": 136.9533591550758,
            "volume_24h": 1814836520.47,
            "market_cap": 63306112153.69692
        },
        {
            "timestamp": "2024-06-27 16:20:00",
            "symbol": "SOL",
            "price": 147.90025217575268,
            "volume_24h": 2694625537.64,
            "market_cap": 68383077402.089165
        },
        {
            "timestamp": "2024-06-28 16:20:00",
            "symbol": "SOL",
            "price": 142.34744402467712,
            "volume_24h": 2321310799.78,
            "market_cap": 65814020949.88867
        },
        {
            "timestamp": "2024-06-29 16:20:00",
            "symbol": "SOL",
            "price": 142.05767838784234,
            "volume_24h": 1506495528.04,
            "market_cap": 65681446374.42281
        },
        {
            "timestamp": "2024-06-30 16:20:00",
            "symbol": "SOL",
            "price": 142.99377015271193,
            "volume_24h": 1292716956.37,
            "market_cap": 66136347333.01727
        },
        {
            "timestamp": "2024-07-01 16:20:00",
            "symbol": "SOL",
            "price": 148.41410612535938,
            "volume_24h": 1887692562.7,
            "market_cap": 68666178355.26974
        },
        {
            "timestamp": "2024-07-02 16:20:00",
            "symbol": "SOL",
            "price": 147.72660070647007,
            "volume_24h": 1755191772.53,
            "market_cap": 68364794840.71991
        },
        {
            "timestamp": "2024-07-03 16:20:00",
            "symbol": "SOL",
            "price": 141.90242142110338,
            "volume_24h": 2730227501.46,
            "market_cap": 65668481585.928505
        },
        {
            "timestamp": "2024-07-04 16:20:00",
            "symbol": "SOL",
            "price": 134.79127399513746,
            "volume_24h": 3270885730.33,
            "market_cap": 62393213198.496544
        },
        {
            "timestamp": "2024-07-05 16:20:00",
            "symbol": "SOL",
            "price": 134.62639927619333,
            "volume_24h": 4709633781.49,
            "market_cap": 62316441202.73276
        },
        {
            "timestamp": "2024-07-06 16:20:00",
            "symbol": "SOL",
            "price": 141.88895669979587,
            "volume_24h": 2230631996.65,
            "market_cap": 65677472240.77944
        },
        {
            "timestamp": "2024-07-07 16:20:00",
            "symbol": "SOL",
            "price": 138.01690050498627,
            "volume_24h": 1836819512.19,
            "market_cap": 63977301038.2011
        },
        {
            "timestamp": "2024-07-08 16:20:00",
            "symbol": "SOL",
            "price": 136.90076418510807,
            "volume_24h": 3487787456.33,
            "market_cap": 63459246889.780495
        },
        {
            "timestamp": "2024-07-09 16:20:00",
            "symbol": "SOL",
            "price": 141.46669732510767,
            "volume_24h": 2616922542.23,
            "market_cap": 65592665741.71842
        },
        {
            "timestamp": "2024-07-10 16:20:00",
            "symbol": "SOL",
            "price": 142.20855554851462,
            "volume_24h": 2154062595.33,
            "market_cap": 65938413970.59976
        },
        {
            "timestamp": "2024-07-11 16:20:00",
            "symbol": "SOL",
            "price": 138.85950548893965,
            "volume_24h": 1965726861.89,
            "market_cap": 64425472783.31122
        },
        {
            "timestamp": "2024-07-12 16:20:00",
            "symbol": "SOL",
            "price": 138.36224023790706,
            "volume_24h": 2202749867.36,
            "market_cap": 64193809299.06266
        },
        {
            "timestamp": "2024-07-13 16:20:00",
            "symbol": "SOL",
            "price": 140.50679798160132,
            "volume_24h": 1119565793.68,
            "market_cap": 65188125916.71846
        },
        {
            "timestamp": "2024-07-14 16:20:00",
            "symbol": "SOL",
            "price": 145.73710534559308,
            "volume_24h": 1968421004.16,
            "market_cap": 67630968780.59367
        },
        {
            "timestamp": "2024-07-15 16:20:00",
            "symbol": "SOL",
            "price": 153.71785186335916,
            "volume_24h": 2115202134.03,
            "market_cap": 71336082436.34906
        },
        {
            "timestamp": "2024-07-16 16:20:00",
            "symbol": "SOL",
            "price": 159.73197822951798,
            "volume_24h": 3142010202.09,
            "market_cap": 74144746896.74428
        },
        {
            "timestamp": "2024-07-17 16:20:00",
            "symbol": "SOL",
            "price": 156.6457952608254,
            "volume_24h": 2420618658.27,
            "market_cap": 72710997892.23734
        },
        {
            "timestamp": "2024-07-18 16:20:00",
            "symbol": "SOL",
            "price": 157.0094570577017,
            "volume_24h": 2075063147.99,
            "market_cap": 72895472849.90335
        },
        {
            "timestamp": "2024-07-19 16:20:00",
            "symbol": "SOL",
            "price": 170.759926944281,
            "volume_24h": 3353041468.79,
            "market_cap": 79278767114.08705
        },
        {
            "timestamp": "2024-07-20 16:20:00",
            "symbol": "SOL",
            "price": 169.94254155680883,
            "volume_24h": 1839434573.96,
            "market_cap": 78912838117.09872
        },
        {
            "timestamp": "2024-07-21 16:20:00",
            "symbol": "SOL",
            "price": 176.1709662183531,
            "volume_24h": 2109757141.61,
            "market_cap": 81803810606.805
        },
        {
            "timestamp": "2024-07-22 16:20:00",
            "symbol": "SOL",
            "price": 180.30228382912333,
            "volume_24h": 3819549777.72,
            "market_cap": 83730024538.99931
        },
        {
            "timestamp": "2024-07-23 16:20:00",
            "symbol": "SOL",
            "price": 175.9382854363879,
            "volume_24h": 3033054080.0,
            "market_cap": 81724841339.36133
        },
        {
            "timestamp": "2024-07-24 16:20:00",
            "symbol": "SOL",
            "price": 178.48617299430012,
            "volume_24h": 2932214744.25,
            "market_cap": 82907371963.57262
        },
        {
            "timestamp": "2024-07-25 16:20:00",
            "symbol": "SOL",
            "price": 170.37341996767057,
            "volume_24h": 4113658408.35,
            "market_cap": 79158455653.00996
        },
        {
            "timestamp": "2024-07-26 16:20:00",
            "symbol": "SOL",
            "price": 180.99173570082831,
            "volume_24h": 3308803271.16,
            "market_cap": 84090696851.66443
        },
        {
            "timestamp": "2024-07-27 16:20:00",
            "symbol": "SOL",
            "price": 182.3049915326061,
            "volume_24h": 2412847737.59,
            "market_cap": 84721865194.40715
        },
        {
            "timestamp": "2024-07-28 16:20:00",
            "symbol": "SOL",
            "price": 184.35318943405824,
            "volume_24h": 2815370634.3,
            "market_cap": 85671731547.59517
        },
        {
            "timestamp": "2024-07-29 16:20:00",
            "symbol": "SOL",
            "price": 186.5309291823193,
            "volume_24h": 3099784969.43,
            "market_cap": 86704846278.03989
        },
        {
            "timestamp": "2024-07-30 16:20:00",
            "symbol": "SOL",
            "price": 181.17259616436232,
            "volume_24h": 2957857553.58,
            "market_cap": 84213417598.33888
        },
        {
            "timestamp": "2024-07-31 16:20:00",
            "symbol": "SOL",
            "price": 181.16283866305292,
            "volume_24h": 2530847036.21,
            "market_cap": 84213608068.19252
        },
        {
            "timestamp": "2024-08-01 16:20:00",
            "symbol": "SOL",
            "price": 161.63039185896702,
            "volume_24h": 4161923170.82,
            "market_cap": 75201180954.81453
        },
        {
            "timestamp": "2024-08-02 16:20:00",
            "symbol": "SOL",
            "price": 156.0137206580631,
            "volume_24h": 4519402987.27,
            "market_cap": 72586937434.38174
        },
        {
            "timestamp": "2024-08-03 16:20:00",
            "symbol": "SOL",
            "price": 145.36804785918707,
            "volume_24h": 3640504603.55,
            "market_cap": 67652326317.428696
        },
        {
            "timestamp": "2024-08-04 16:20:00",
            "symbol": "SOL",
            "price": 135.2091510484569,
            "volume_24h": 3584986831.25,
            "market_cap": 62936663240.22244
        },
        {
            "timestamp": "2024-08-05 16:20:00",
            "symbol": "SOL",
            "price": 133.12992099588146,
            "volume_24h": 14063487613.59,
            "market_cap": 61983957434.930725
        },
        {
            "timestamp": "2024-08-06 16:20:00",
            "symbol": "SOL",
            "price": 146.36577922053192,
            "volume_24h": 6580339056.97,
            "market_cap": 68145381339.66941
        },
        {
            "timestamp": "2024-08-07 16:20:00",
            "symbol": "SOL",
            "price": 148.13196892012428,
            "volume_24h": 5467739624.04,
            "market_cap": 69081834243.43372
        },
        {
            "timestamp": "2024-08-08 16:20:00",
            "symbol": "SOL",
            "price": 161.58110976944764,
            "volume_24h": 5364981707.8,
            "market_cap": 75352192632.97537
        },
        {
            "timestamp": "2024-08-09 16:20:00",
            "symbol": "SOL",
            "price": 152.2016518954014,
            "volume_24h": 3887086941.3,
            "market_cap": 70995510307.0636
        },
        {
            "timestamp": "2024-08-10 16:20:00",
            "symbol": "SOL",
            "price": 153.3450780643608,
            "volume_24h": 2095366773.11,
            "market_cap": 71527250374.13185
        },
        {
            "timestamp": "2024-08-11 16:20:00",
            "symbol": "SOL",
            "price": 148.53188065036096,
            "volume_24h": 1739274614.33,
            "market_cap": 69325531527.60956
        },
        {
            "timestamp": "2024-08-12 16:20:00",
            "symbol": "SOL",
            "price": 146.67751914316327,
            "volume_24h": 3687126271.92,
            "market_cap": 68458965365.63404
        },
        {
            "timestamp": "2024-08-13 16:20:00",
            "symbol": "SOL",
            "price": 147.09199363798686,
            "volume_24h": 2243042892.67,
            "market_cap": 68651719165.928085
        },
        {
            "timestamp": "2024-08-14 16:20:00",
            "symbol": "SOL",
            "price": 146.62866509577864,
            "volume_24h": 2874557685.59,
            "market_cap": 68451885782.77355
        },
        {
            "timestamp": "2024-08-15 16:20:00",
            "symbol": "SOL",
            "price": 147.0810218538584,
            "volume_24h": 2144653726.9,
            "market_cap": 68662585354.34474
        },
        {
            "timestamp": "2024-08-16 16:20:00",
            "symbol": "SOL",
            "price": 138.32470604882187,
            "volume_24h": 3274877968.53,
            "market_cap": 64574829682.166245
        },
        {
            "timestamp": "2024-08-17 16:20:00",
            "symbol": "SOL",
            "price": 140.59843532149742,
            "volume_24h": 1765579351.55,
            "market_cap": 65548081555.59058
        },
        {
            "timestamp": "2024-08-18 16:20:00",
            "symbol": "SOL",
            "price": 145.80583235945636,
            "volume_24h": 1639836116.39,
            "market_cap": 67975810462.78621
        },
        {
            "timestamp": "2024-08-19 16:20:00",
            "symbol": "SOL",
            "price": 143.99310099859346,
            "volume_24h": 1933137196.45,
            "market_cap": 67130701036.00974
        },
        {
            "timestamp": "2024-08-20 16:20:00",
            "symbol": "SOL",
            "price": 142.36182137316888,
            "volume_24h": 2320723613.09,
            "market_cap": 66402186821.90951
        },
        {
            "timestamp": "2024-08-21 16:20:00",
            "symbol": "SOL",
            "price": 140.02845466817016,
            "volume_24h": 1630515193.16,
            "market_cap": 65313510001.17415
        },
        {
            "timestamp": "2024-08-22 16:20:00",
            "symbol": "SOL",
            "price": 142.74988527532264,
            "volume_24h": 1766893542.1,
            "market_cap": 66599587140.30061
        },
        {
            "timestamp": "2024-08-23 16:20:00",
            "symbol": "SOL",
            "price": 144.4632290604565,
            "volume_24h": 1564025822.24,
            "market_cap": 67309680273.770805
        },
        {
            "timestamp": "2024-08-24 16:20:00",
            "symbol": "SOL",
            "price": 159.73267261785594,
            "volume_24h": 2961192069.51,
            "market_cap": 74443128469.78885
        },
        {
            "timestamp": "2024-08-25 16:20:00",
            "symbol": "SOL",
            "price": 159.99905316863368,
            "volume_24h": 2506532320.8,
            "market_cap": 74566699172.72835
        },
        {
            "timestamp": "2024-08-26 16:20:00",
            "symbol": "SOL",
            "price": 157.58083745295608,
            "volume_24h": 2429331062.5,
            "market_cap": 73439343779.48235
        },
        {
            "timestamp": "2024-08-27 16:20:00",
            "symbol": "SOL",
            "price": 154.6782045746505,
            "volume_24h": 2385589384.51,
            "market_cap": 72104616136.2658
        },
        {
            "timestamp": "2024-08-28 16:20:00",
            "symbol": "SOL",
            "price": 141.9705984266042,
            "volume_24h": 3116923483.2,
            "market_cap": 66180226963.97166
        },
        {
            "timestamp": "2024-08-29 16:20:00",
            "symbol": "SOL",
            "price": 146.12627703485384,
            "volume_24h": 2176899566.18,
            "market_cap": 68134356281.65521
        },
        {
            "timestamp": "2024-08-30 16:20:00",
            "symbol": "SOL",
            "price": 134.03853109632385,
            "volume_24h": 2751367191.11,
            "market_cap": 62498074378.02465
        },
        {
            "timestamp": "2024-08-31 16:20:00",
            "symbol": "SOL",
            "price": 136.26989797356714,
            "volume_24h": 1431496240.11,
            "market_cap": 63564051772.68644
        },
        {
            "timestamp": "2024-09-01 16:20:00",
            "symbol": "SOL",
            "price": 133.57055071106814,
            "volume_24h": 1477146806.5,
            "market_cap": 62322024752.12657
        },
        {
            "timestamp": "2024-09-02 16:20:00",
            "symbol": "SOL",
            "price": 133.06748406391975,
            "volume_24h": 2394223607.01,
            "market_cap": 62103049528.176544
        },
        {
            "timestamp": "2024-09-03 16:20:00",
            "symbol": "SOL",
            "price": 130.05427736785052,
            "volume_24h": 1699139813.01,
            "market_cap": 60696490763.04865
        },
        {
            "timestamp": "2024-09-04 16:20:00",
            "symbol": "SOL",
            "price": 133.3860353726602,
            "volume_24h": 2713938274.23,
            "market_cap": 62267110163.2278
        },
        {
            "timestamp": "2024-09-05 16:20:00",
            "symbol": "SOL",
            "price": 130.50465266163224,
            "volume_24h": 1817484081.56,
            "market_cap": 60925902738.41895
        },
        {
            "timestamp": "2024-09-06 16:20:00",
            "symbol": "SOL",
            "price": 127.68832166010657,
            "volume_24h": 2507123886.25,
            "market_cap": 59626181891.38869
        },
        {
            "timestamp": "2024-09-07 16:20:00",
            "symbol": "SOL",
            "price": 128.33775946005107,
            "volume_24h": 2537972250.2,
            "market_cap": 60001267890.88821
        },
        {
            "timestamp": "2024-09-08 16:20:00",
            "symbol": "SOL",
            "price": 127.13463871303962,
            "volume_24h": 1231446875.32,
            "market_cap": 59453692739.585976
        },
        {
            "timestamp": "2024-09-09 16:20:00",
            "symbol": "SOL",
            "price": 130.35706441723448,
            "volume_24h": 1816932674.65,
            "market_cap": 60960301821.32221
        },
        {
            "timestamp": "2024-09-10 16:20:00",
            "symbol": "SOL",
            "price": 134.14899474698944,
            "volume_24h": 2147836014.43,
            "market_cap": 62733266808.67426
        },
        {
            "timestamp": "2024-09-11 16:20:00",
            "symbol": "SOL",
            "price": 131.78057569980862,
            "volume_24h": 2141834347.53,
            "market_cap": 61664563140.1588
        },
        {
            "timestamp": "2024-09-12 16:20:00",
            "symbol": "SOL",
            "price": 134.18197292671965,
            "volume_24h": 1642705447.21,
            "market_cap": 62787935448.91369
        },
        {
            "timestamp": "2024-09-13 16:20:00",
            "symbol": "SOL",
            "price": 136.728392277019,
            "volume_24h": 1473722023.88,
            "market_cap": 64009921772.13007
        },
        {
            "timestamp": "2024-09-14 16:20:00",
            "symbol": "SOL",
            "price": 137.8466616985491,
            "volume_24h": 1325785633.17,
            "market_cap": 64527592519.33104
        },
        {
            "timestamp": "2024-09-15 16:20:00",
            "symbol": "SOL",
            "price": 135.39204092468955,
            "volume_24h": 922479708.23,
            "market_cap": 63394529280.52538
        },
        {
            "timestamp": "2024-09-16 16:20:00",
            "symbol": "SOL",
            "price": 131.33354416925297,
            "volume_24h": 1810140856.14,
            "market_cap": 61493790470.8827
        },
        {
            "timestamp": "2024-09-17 16:20:00",
            "symbol": "SOL",
            "price": 134.10272213518346,
            "volume_24h": 1684302078.77,
            "market_cap": 62809894079.373535
        },
        {
            "timestamp": "2024-09-18 16:20:00",
            "symbol": "SOL",
            "price": 128.3093127513631,
            "volume_24h": 1631002819.03,
            "market_cap": 60096067055.687164
        },
        {
            "timestamp": "2024-09-19 16:20:00",
            "symbol": "SOL",
            "price": 143.41591588745328,
            "volume_24h": 3285828250.42,
            "market_cap": 67188399716.08524
        },
        {
            "timestamp": "2024-09-20 16:20:00",
            "symbol": "SOL",
            "price": 147.58417741460988,
            "volume_24h": 3386687455.64,
            "market_cap": 69141810669.0107
        },
        {
            "timestamp": "2024-09-21 16:20:00",
            "symbol": "SOL",
            "price": 147.73687546685093,
            "volume_24h": 1582974213.93,
            "market_cap": 69213016567.2573
        },
        {
            "timestamp": "2024-09-22 16:20:00",
            "symbol": "SOL",
            "price": 142.6935594706258,
            "volume_24h": 1352202028.74,
            "market_cap": 66866964666.43756
        },
        {
            "timestamp": "2024-09-23 16:20:00",
            "symbol": "SOL",
            "price": 144.28104209548303,
            "volume_24h": 2407831518.49,
            "market_cap": 67612025289.89284
        },
        {
            "timestamp": "2024-09-24 16:20:00",
            "symbol": "SOL",
            "price": 145.58884117241928,
            "volume_24h": 2320405274.94,
            "market_cap": 68241836831.66198
        },
        {
            "timestamp": "2024-09-25 16:20:00",
            "symbol": "SOL",
            "price": 150.74700942766927,
            "volume_24h": 2671318043.57,
            "market_cap": 70659088127.9033
        },
        {
            "timestamp": "2024-09-26 16:20:00",
            "symbol": "SOL",
            "price": 157.42328240471195,
            "volume_24h": 2796869694.87,
            "market_cap": 73806601426.4895
        },
        {
            "timestamp": "2024-09-27 16:20:00",
            "symbol": "SOL",
            "price": 158.829870931277,
            "volume_24h": 2973072169.13,
            "market_cap": 74464116397.62596
        },
        {
            "timestamp": "2024-09-28 16:20:00",
            "symbol": "SOL",
            "price": 156.88836198224112,
            "volume_24h": 1612883338.23,
            "market_cap": 73571779688.93643
        },
        {
            "timestamp": "2024-09-29 16:20:00",
            "symbol": "SOL",
            "price": 157.11289735064,
            "volume_24h": 1329094010.65,
            "market_cap": 73675659235.28816
        },
        {
            "timestamp": "2024-09-30 16:20:00",
            "symbol": "SOL",
            "price": 154.9720541110206,
            "volume_24h": 2426209731.6,
            "market_cap": 72561152402.06627
        },
        {
            "timestamp": "2024-10-01 16:20:00",
            "symbol": "SOL",
            "price": 148.88236227868418,
            "volume_24h": 2650609313.15,
            "market_cap": 69735129882.7763
        },
        {
            "timestamp": "2024-10-02 16:20:00",
            "symbol": "SOL",
            "price": 147.29161398842854,
            "volume_24h": 3388152457.21,
            "market_cap": 68988312198.17723
        },
        {
            "timestamp": "2024-10-03 16:20:00",
            "symbol": "SOL",
            "price": 136.02523693499458,
            "volume_24h": 3460513008.28,
            "market_cap": 63726439411.892586
        },
        {
            "timestamp": "2024-10-04 16:20:00",
            "symbol": "SOL",
            "price": 142.3621661545255,
            "volume_24h": 2368663321.07,
            "market_cap": 66694307915.7845
        },
        {
            "timestamp": "2024-10-05 16:20:00",
            "symbol": "SOL",
            "price": 142.54323309010977,
            "volume_24h": 1393745283.11,
            "market_cap": 66795323646.25058
        },
        {
            "timestamp": "2024-10-06 16:20:00",
            "symbol": "SOL",
            "price": 146.06894588130243,
            "volume_24h": 1058904423.63,
            "market_cap": 68446327413.30805
        },
        {
            "timestamp": "2024-10-07 16:20:00",
            "symbol": "SOL",
            "price": 148.40373847953526,
            "volume_24h": 2343055614.88,
            "market_cap": 69640982618.20595
        },
        {
            "timestamp": "2024-10-08 16:20:00",
            "symbol": "SOL",
            "price": 142.49987641362432,
            "volume_24h": 2080027783.49,
            "market_cap": 66869851705.47039
        },
        {
            "timestamp": "2024-10-09 16:20:00",
            "symbol": "SOL",
            "price": 141.56551491304776,
            "volume_24h": 1539331143.89,
            "market_cap": 66447670631.594406
        },
        {
            "timestamp": "2024-10-10 16:20:00",
            "symbol": "SOL",
            "price": 138.16305460446242,
            "volume_24h": 1729061200.93,
            "market_cap": 64849564139.6078
        },
        {
            "timestamp": "2024-10-11 16:20:00",
            "symbol": "SOL",
            "price": 144.07695784241628,
            "volume_24h": 1828836289.29,
            "market_cap": 67650220680.20293
        },
        {
            "timestamp": "2024-10-12 16:20:00",
            "symbol": "SOL",
            "price": 146.81640452354662,
            "volume_24h": 1388428203.99,
            "market_cap": 68951511906.90553
        },
        {
            "timestamp": "2024-10-13 16:20:00",
            "symbol": "SOL",
            "price": 145.15527214112583,
            "volume_24h": 1178782985.22,
            "market_cap": 68170364001.74979
        },
        {
            "timestamp": "2024-10-14 16:20:00",
            "symbol": "SOL",
            "price": 154.97496405727313,
            "volume_24h": 2654775107.09,
            "market_cap": 72800666617.72101
        },
        {
            "timestamp": "2024-10-15 16:20:00",
            "symbol": "SOL",
            "price": 154.42815241842283,
            "volume_24h": 3210652829.91,
            "market_cap": 72542148470.30743
        },
        {
            "timestamp": "2024-10-16 16:20:00",
            "symbol": "SOL",
            "price": 154.84881016390514,
            "volume_24h": 2718711430.38,
            "market_cap": 72757306385.221
        },
        {
            "timestamp": "2024-10-17 16:20:00",
            "symbol": "SOL",
            "price": 151.65098886389436,
            "volume_24h": 2020849609.04,
            "market_cap": 71252731725.34769
        },
        {
            "timestamp": "2024-10-18 16:20:00",
            "symbol": "SOL",
            "price": 154.1155101924522,
            "volume_24h": 1932362238.45,
            "market_cap": 72407902595.14392
        },
        {
            "timestamp": "2024-10-19 16:20:00",
            "symbol": "SOL",
            "price": 155.9945433438015,
            "volume_24h": 1361408336.59,
            "market_cap": 73307108936.8432
        },
        {
            "timestamp": "2024-10-20 16:20:00",
            "symbol": "SOL",
            "price": 159.45273801428746,
            "volume_24h": 1967395647.38,
            "market_cap": 74930423689.106
        },
        {
            "timestamp": "2024-10-21 16:20:00",
            "symbol": "SOL",
            "price": 164.27893650363816,
            "volume_24h": 4113709696.79,
            "market_cap": 77215444606.82477
        },
        {
            "timestamp": "2024-10-22 16:20:00",
            "symbol": "SOL",
            "price": 167.57147519740937,
            "volume_24h": 3661102840.18,
            "market_cap": 78760011257.19836
        },
        {
            "timestamp": "2024-10-23 16:20:00",
            "symbol": "SOL",
            "price": 166.97646331873304,
            "volume_24h": 2841021887.05,
            "market_cap": 78499105115.26288
        },
        {
            "timestamp": "2024-10-24 16:20:00",
            "symbol": "SOL",
            "price": 175.07043988585838,
            "volume_24h": 4332677728.23,
            "market_cap": 82300480922.38237
        },
        {
            "timestamp": "2024-10-25 16:20:00",
            "symbol": "SOL",
            "price": 172.8017959699019,
            "volume_24h": 3431432888.94,
            "market_cap": 81231745573.68837
        },
        {
            "timestamp": "2024-10-26 16:20:00",
            "symbol": "SOL",
            "price": 168.56636895724478,
            "volume_24h": 4449168386.22,
            "market_cap": 79259004509.74718
        },
        {
            "timestamp": "2024-10-27 16:20:00",
            "symbol": "SOL",
            "price": 175.33057998959612,
            "volume_24h": 2283434920.92,
            "market_cap": 82436526598.44952
        },
        {
            "timestamp": "2024-10-28 16:20:00",
            "symbol": "SOL",
            "price": 174.4699175946767,
            "volume_24h": 3142568982.96,
            "market_cap": 82050435956.18973
        },
        {
            "timestamp": "2024-10-29 16:20:00",
            "symbol": "SOL",
            "price": 181.77882714050477,
            "volume_24h": 3874478567.55,
            "market_cap": 85484433120.93892
        },
        {
            "timestamp": "2024-10-30 16:20:00",
            "symbol": "SOL",
            "price": 173.88584099963546,
            "volume_24h": 3276290263.06,
            "market_cap": 81792414805.29936
        },
        {
            "timestamp": "2024-10-31 16:20:00",
            "symbol": "SOL",
            "price": 170.44879280666282,
            "volume_24h": 2617743621.04,
            "market_cap": 80177251271.78566
        },
        {
            "timestamp": "2024-11-01 16:20:00",
            "symbol": "SOL",
            "price": 167.00730157044367,
            "volume_24h": 3216132837.61,
            "market_cap": 78614244293.9916
        },
        {
            "timestamp": "2024-11-02 16:20:00",
            "symbol": "SOL",
            "price": 163.78939888411958,
            "volume_24h": 1876079044.83,
            "market_cap": 77116703599.45255
        },
        {
            "timestamp": "2024-11-03 16:20:00",
            "symbol": "SOL",
            "price": 160.721755751811,
            "volume_24h": 2353304793.23,
            "market_cap": 75670490443.05658
        },
        {
            "timestamp": "2024-11-04 16:20:00",
            "symbol": "SOL",
            "price": 162.22352630304894,
            "volume_24h": 2533290447.49,
            "market_cap": 76394914970.55125
        },
        {
            "timestamp": "2024-11-05 16:20:00",
            "symbol": "SOL",
            "price": 166.8064988226734,
            "volume_24h": 3169324853.55,
            "market_cap": 78551219646.83054
        },
        {
            "timestamp": "2024-11-06 16:20:00",
            "symbol": "SOL",
            "price": 185.3043107627591,
            "volume_24h": 9310366088.4,
            "market_cap": 87282169355.72646
        },
        {
            "timestamp": "2024-11-07 16:20:00",
            "symbol": "SOL",
            "price": 191.91812671416417,
            "volume_24h": 4490204829.78,
            "market_cap": 90503741172.88008
        },
        {
            "timestamp": "2024-11-08 16:20:00",
            "symbol": "SOL",
            "price": 200.5998869158967,
            "volume_24h": 6027199573.66,
            "market_cap": 94595177373.34811
        },
        {
            "timestamp": "2024-11-09 16:20:00",
            "symbol": "SOL",
            "price": 197.20459429066725,
            "volume_24h": 3765964538.27,
            "market_cap": 93014394791.84483
        },
        {
            "timestamp": "2024-11-10 16:20:00",
            "symbol": "SOL",
            "price": 210.32858468369812,
            "volume_24h": 6362286231.66,
            "market_cap": 99201140778.95976
        },
        {
            "timestamp": "2024-11-11 16:20:00",
            "symbol": "SOL",
            "price": 218.7264721867032,
            "volume_24h": 10029602223.68,
            "market_cap": 103224422235.78114
        },
        {
            "timestamp": "2024-11-12 16:20:00",
            "symbol": "SOL",
            "price": 208.22793850063175,
            "volume_24h": 12329338345.99,
            "market_cap": 98265953838.99744
        },
        {
            "timestamp": "2024-11-13 16:20:00",
            "symbol": "SOL",
            "price": 216.88688214526408,
            "volume_24h": 9840495617.82,
            "market_cap": 102374343231.91013
        },
        {
            "timestamp": "2024-11-14 16:20:00",
            "symbol": "SOL",
            "price": 212.46181124743663,
            "volume_24h": 9800920306.97,
            "market_cap": 100280045564.32835
        },
        {
            "timestamp": "2024-11-15 16:20:00",
            "symbol": "SOL",
            "price": 209.8318448081546,
            "volume_24h": 6096830925.27,
            "market_cap": 99057800512.9318
        },
        {
            "timestamp": "2024-11-16 16:20:00",
            "symbol": "SOL",
            "price": 215.383328900283,
            "volume_24h": 5499437565.52,
            "market_cap": 101658423614.68086
        },
        {
            "timestamp": "2024-11-17 16:20:00",
            "symbol": "SOL",
            "price": 233.7329145306602,
            "volume_24h": 9119095295.67,
            "market_cap": 110322578706.8034
        },
        {
            "timestamp": "2024-11-18 16:20:00",
            "symbol": "SOL",
            "price": 241.2898237560271,
            "volume_24h": 8308742658.5,
            "market_cap": 114513100205.12256
        },
        {
            "timestamp": "2024-11-19 16:20:00",
            "symbol": "SOL",
            "price": 241.5504969409617,
            "volume_24h": 6893012530.0,
            "market_cap": 114629502529.914
        },
        {
            "timestamp": "2024-11-20 16:20:00",
            "symbol": "SOL",
            "price": 235.59078599376832,
            "volume_24h": 6594460389.74,
            "market_cap": 111818310767.84567
        },
        {
            "timestamp": "2024-11-21 16:20:00",
            "symbol": "SOL",
            "price": 249.8300106428739,
            "volume_24h": 9237401554.56,
            "market_cap": 118568085145.90352
        },
        {
            "timestamp": "2024-11-22 16:20:00",
            "symbol": "SOL",
            "price": 255.41024646105643,
            "volume_24h": 8920240590.49,
            "market_cap": 121240254742.49966
        },
        {
            "timestamp": "2024-11-23 16:20:00",
            "symbol": "SOL",
            "price": 257.5490368389192,
            "volume_24h": 6142982319.77,
            "market_cap": 122246231098.36908
        },
        {
            "timestamp": "2024-11-24 16:20:00",
            "symbol": "SOL",
            "price": 246.428297319092,
            "volume_24h": 5791553833.48,
            "market_cap": 116991794415.676
        },
        {
            "timestamp": "2024-11-25 16:20:00",
            "symbol": "SOL",
            "price": 243.48068103374476,
            "volume_24h": 5608422654.91,
            "market_cap": 115585855834.32265
        },
        {
            "timestamp": "2024-11-26 16:20:00",
            "symbol": "SOL",
            "price": 229.22798687778092,
            "volume_24h": 7501298686.69,
            "market_cap": 108843808031.29791
        },
        {
            "timestamp": "2024-11-27 16:20:00",
            "symbol": "SOL",
            "price": 239.78134486149105,
            "volume_24h": 5534686256.91,
            "market_cap": 113850711422.96329
        },
        {
            "timestamp": "2024-11-28 16:20:00",
            "symbol": "SOL",
            "price": 234.858000678778,
            "volume_24h": 4798568861.41,
            "market_cap": 111536306070.5218
        },
        {
            "timestamp": "2024-11-29 16:20:00",
            "symbol": "SOL",
            "price": 243.1673726666338,
            "volume_24h": 3887355242.01,
            "market_cap": 115477562220.77708
        },
        {
            "timestamp": "2024-11-30 16:20:00",
            "symbol": "SOL",
            "price": 239.61976739354745,
            "volume_24h": 3760486656.42,
            "market_cap": 113838875369.85371
        },
        {
            "timestamp": "2024-12-01 16:20:00",
            "symbol": "SOL",
            "price": 239.1335255725168,
            "volume_24h": 3345415185.76,
            "market_cap": 113626796892.47025
        },
        {
            "timestamp": "2024-12-02 16:20:00",
            "symbol": "SOL",
            "price": 228.3281671318678,
            "volume_24h": 6645149211.66,
            "market_cap": 108489971698.74068
        },
        {
            "timestamp": "2024-12-03 16:20:00",
            "symbol": "SOL",
            "price": 223.38282395023003,
            "volume_24h": 7284477602.95,
            "market_cap": 106163149500.4292
        },
        {
            "timestamp": "2024-12-04 16:20:00",
            "symbol": "SOL",
            "price": 229.7795197126765,
            "volume_24h": 7225737977.03,
            "market_cap": 109200618514.06302
        },
        {
            "timestamp": "2024-12-05 16:20:00",
            "symbol": "SOL",
            "price": 240.532052952352,
            "volume_24h": 8592692879.29,
            "market_cap": 114335074485.3398
        },
        {
            "timestamp": "2024-12-06 16:20:00",
            "symbol": "SOL",
            "price": 238.24542530196572,
            "volume_24h": 8139429299.39,
            "market_cap": 113245934954.29784
        },
        {
            "timestamp": "2024-12-07 16:20:00",
            "symbol": "SOL",
            "price": 240.1017991506241,
            "volume_24h": 4170727190.89,
            "market_cap": 114290761920.401
        },
        {
            "timestamp": "2024-12-08 16:20:00",
            "symbol": "SOL",
            "price": 237.39560970525903,
            "volume_24h": 3767526838.67,
            "market_cap": 113002117633.55174
        },
        {
            "timestamp": "2024-12-09 16:20:00",
            "symbol": "SOL",
            "price": 224.87299375398115,
            "volume_24h": 4743853354.66,
            "market_cap": 107065289451.92513
        },
        {
            "timestamp": "2024-12-10 16:20:00",
            "symbol": "SOL",
            "price": 207.8763120788226,
            "volume_24h": 10347192191.52,
            "market_cap": 98970735235.80368
        },
        {
            "timestamp": "2024-12-11 16:20:00",
            "symbol": "SOL",
            "price": 229.40644236643527,
            "volume_24h": 6970269514.69,
            "market_cap": 109285637017.00291
        },
        {
            "timestamp": "2024-12-12 16:20:00",
            "symbol": "SOL",
            "price": 232.92012950237051,
            "volume_24h": 4729227054.53,
            "market_cap": 111539267132.8848
        },
        {
            "timestamp": "2024-12-13 16:20:00",
            "symbol": "SOL",
            "price": 221.82956857658644,
            "volume_24h": 4346330215.25,
            "market_cap": 106261929258.36198
        },
        {
            "timestamp": "2024-12-14 16:20:00",
            "symbol": "SOL",
            "price": 220.70386871963197,
            "volume_24h": 2953866401.46,
            "market_cap": 105722768390.33289
        },
        {
            "timestamp": "2024-12-15 16:20:00",
            "symbol": "SOL",
            "price": 221.73237711618228,
            "volume_24h": 2998862339.35,
            "market_cap": 106243754140.50992
        },
        {
            "timestamp": "2024-12-16 16:20:00",
            "symbol": "SOL",
            "price": 217.76277450076867,
            "volume_24h": 4651937383.69,
            "market_cap": 104338885167.9176
        },
        {
            "timestamp": "2024-12-17 16:20:00",
            "symbol": "SOL",
            "price": 225.51245322235627,
            "volume_24h": 5842683449.31,
            "market_cap": 108063773314.61516
        },
        {
            "timestamp": "2024-12-18 16:20:00",
            "symbol": "SOL",
            "price": 215.81899527653573,
            "volume_24h": 5741943167.56,
            "market_cap": 103415405426.97118
        },
        {
            "timestamp": "2024-12-19 16:20:00",
            "symbol": "SOL",
            "price": 204.6133800920711,
            "volume_24h": 7234120087.44,
            "market_cap": 98066038253.24504
        },
        {
            "timestamp": "2024-12-20 16:20:00",
            "symbol": "SOL",
            "price": 190.15037588423095,
            "volume_24h": 11841659013.75,
            "market_cap": 91130657846.8798
        },
        {
            "timestamp": "2024-12-21 16:20:00",
            "symbol": "SOL",
            "price": 186.48896834402572,
            "volume_24h": 5290694253.53,
            "market_cap": 89395927157.75107
        },
        {
            "timestamp": "2024-12-22 16:20:00",
            "symbol": "SOL",
            "price": 182.40555165049537,
            "volume_24h": 4587717533.45,
            "market_cap": 87435493189.4802
        },
        {
            "timestamp": "2024-12-23 16:20:00",
            "symbol": "SOL",
            "price": 181.44104496545748,
            "volume_24h": 4417527623.56,
            "market_cap": 86993585943.07288
        },
        {
            "timestamp": "2024-12-24 16:20:00",
            "symbol": "SOL",
            "price": 196.99522014968036,
            "volume_24h": 4024042854.15,
            "market_cap": 94448159460.74265
        },
        {
            "timestamp": "2024-12-25 16:20:00",
            "symbol": "SOL",
            "price": 197.11440881964756,
            "volume_24h": 3093152158.41,
            "market_cap": 94527638662.55728
        },
        {
            "timestamp": "2024-12-26 16:20:00",
            "symbol": "SOL",
            "price": 189.89604838336348,
            "volume_24h": 2710071859.9,
            "market_cap": 91063224942.53854
        },
        {
            "timestamp": "2024-12-27 16:20:00",
            "symbol": "SOL",
            "price": 183.63738994836203,
            "volume_24h": 2839812835.16,
            "market_cap": 88060307101.6252
        },
        {
            "timestamp": "2024-12-28 16:20:00",
            "symbol": "SOL",
            "price": 190.2482315591571,
            "volume_24h": 2056309040.67,
            "market_cap": 91250292033.7911
        },
        {
            "timestamp": "2024-12-29 16:20:00",
            "symbol": "SOL",
            "price": 193.6388774312752,
            "volume_24h": 2293188376.62,
            "market_cap": 92875100326.2094
        },
        {
            "timestamp": "2024-12-30 16:20:00",
            "symbol": "SOL",
            "price": 187.4794844421595,
            "volume_24h": 2683806350.71,
            "market_cap": 89940229355.24403
        },
        {
            "timestamp": "2024-12-31 16:20:00",
            "symbol": "SOL",
            "price": 198.0393173246575,
            "volume_24h": 3516329134.61,
            "market_cap": 95004306974.45885
        },
        {
            "timestamp": "2025-01-01 16:20:00",
            "symbol": "SOL",
            "price": 190.6098182728057,
            "volume_24h": 2561163471.58,
            "market_cap": 92030644526.4056
        },
        {
            "timestamp": "2025-01-02 16:20:00",
            "symbol": "SOL",
            "price": 206.7143739549128,
            "volume_24h": 4190445778.89,
            "market_cap": 99804829136.45918
        },
        {
            "timestamp": "2025-01-03 16:20:00",
            "symbol": "SOL",
            "price": 217.4551398316212,
            "volume_24h": 3847843770.26,
            "market_cap": 105012912067.12315
        },
        {
            "timestamp": "2025-01-04 16:20:00",
            "symbol": "SOL",
            "price": 214.6451432456928,
            "volume_24h": 2998287506.96,
            "market_cap": 103653814075.03204
        },
        {
            "timestamp": "2025-01-05 16:20:00",
            "symbol": "SOL",
            "price": 213.34668842145777,
            "volume_24h": 2367101107.7,
            "market_cap": 103047422916.16832
        },
        {
            "timestamp": "2025-01-06 16:20:00",
            "symbol": "SOL",
            "price": 222.19172716709284,
            "volume_24h": 3046618139.02,
            "market_cap": 107316913444.87029
        },
        {
            "timestamp": "2025-01-07 16:20:00",
            "symbol": "SOL",
            "price": 207.78993069177272,
            "volume_24h": 3825542711.67,
            "market_cap": 100501263141.01044
        },
        {
            "timestamp": "2025-01-08 16:20:00",
            "symbol": "SOL",
            "price": 196.92572036097556,
            "volume_24h": 4863353164.57,
            "market_cap": 95243999762.9175
        },
        {
            "timestamp": "2025-01-09 16:20:00",
            "symbol": "SOL",
            "price": 192.07641988902648,
            "volume_24h": 4207801050.23,
            "market_cap": 92916405963.5754
        },
        {
            "timestamp": "2025-01-10 16:20:00",
            "symbol": "SOL",
            "price": 186.68074265766023,
            "volume_24h": 3939532610.28,
            "market_cap": 90305269672.82272
        },
        {
            "timestamp": "2025-01-11 16:20:00",
            "symbol": "SOL",
            "price": 186.52728877806268,
            "volume_24h": 2583601883.05,
            "market_cap": 90319853150.3959
        },
        {
            "timestamp": "2025-01-12 16:20:00",
            "symbol": "SOL",
            "price": 189.3931386923664,
            "volume_24h": 1666515327.75,
            "market_cap": 91705447372.49773
        },
        {
            "timestamp": "2025-01-13 16:20:00",
            "symbol": "SOL",
            "price": 178.3176746248933,
            "volume_24h": 4367870731.83,
            "market_cap": 86379986953.8345
        },
        {
            "timestamp": "2025-01-14 16:20:00",
            "symbol": "SOL",
            "price": 186.41251489082,
            "volume_24h": 3398381818.83,
            "market_cap": 90299248477.38794
        },
        {
            "timestamp": "2025-01-15 16:20:00",
            "symbol": "SOL",
            "price": 196.89390822998,
            "volume_24h": 3157117506.05,
            "market_cap": 95398547581.17712
        },
        {
            "timestamp": "2025-01-16 16:20:00",
            "symbol": "SOL",
            "price": 211.480568251296,
            "volume_24h": 5997922526.7,
            "market_cap": 102462775544.163
        },
        {
            "timestamp": "2025-01-17 16:20:00",
            "symbol": "SOL",
            "price": 219.5286752018889,
            "volume_24h": 5143420180.94,
            "market_cap": 106822403582.29364
        },
        {
            "timestamp": "2025-01-18 16:20:00",
            "symbol": "SOL",
            "price": 254.92045556582556,
            "volume_24h": 17344837498.29,
            "market_cap": 124038709643.20232
        },
        {
            "timestamp": "2025-01-19 16:20:00",
            "symbol": "SOL",
            "price": 266.0657129032047,
            "volume_24h": 29858826331.29,
            "market_cap": 129481877255.36812
        },
        {
            "timestamp": "2025-01-20 16:20:00",
            "symbol": "SOL",
            "price": 248.1438888382069,
            "volume_24h": 27721839099.73,
            "market_cap": 120740635821.0909
        },
        {
            "timestamp": "2025-01-21 16:20:00",
            "symbol": "SOL",
            "price": 247.02060769760783,
            "volume_24h": 13255953002.97,
            "market_cap": 120211016614.77086
        },
        {
            "timestamp": "2025-01-22 16:20:00",
            "symbol": "SOL",
            "price": 255.3566366839202,
            "volume_24h": 8425997552.79,
            "market_cap": 124257411491.61333
        },
        {
            "timestamp": "2025-01-23 16:20:00",
            "symbol": "SOL",
            "price": 254.7413640216033,
            "volume_24h": 9245408303.42,
            "market_cap": 123952722343.00966
        },
        {
            "timestamp": "2025-01-24 16:20:00",
            "symbol": "SOL",
            "price": 263.9910105309409,
            "volume_24h": 9172743596.33,
            "market_cap": 128444868686.94164
        },
        {
            "timestamp": "2025-01-25 16:20:00",
            "symbol": "SOL",
            "price": 255.41173431488303,
            "volume_24h": 5366583585.9,
            "market_cap": 124296073258.27522
        },
        {
            "timestamp": "2025-01-26 16:20:00",
            "symbol": "SOL",
            "price": 254.7960154597082,
            "volume_24h": 4018194842.57,
            "market_cap": 123984738557.36797
        },
        {
            "timestamp": "2025-01-27 16:20:00",
            "symbol": "SOL",
            "price": 235.36496669943176,
            "volume_24h": 9847001827.78,
            "market_cap": 114553127835.5456
        },
        {
            "timestamp": "2025-01-28 16:20:00",
            "symbol": "SOL",
            "price": 234.92837406556475,
            "volume_24h": 6007269869.17,
            "market_cap": 114332520355.37273
        },
        {
            "timestamp": "2025-01-29 16:20:00",
            "symbol": "SOL",
            "price": 226.64206656109792,
            "volume_24h": 4246192012.62,
            "market_cap": 110323004467.83226
        },
        {
            "timestamp": "2025-01-30 16:20:00",
            "symbol": "SOL",
            "price": 241.92951135163796,
            "volume_24h": 6461115917.21,
            "market_cap": 117756651984.02492
        },
        {
            "timestamp": "2025-01-31 16:20:00",
            "symbol": "SOL",
            "price": 238.8015504976444,
            "volume_24h": 3678870887.16,
            "market_cap": 116258542356.9532
        },
        {
            "timestamp": "2025-02-01 16:20:00",
            "symbol": "SOL",
            "price": 225.55093507347405,
            "volume_24h": 3431214948.02,
            "market_cap": 109813599192.6225
        },
        {
            "timestamp": "2025-02-02 16:20:00",
            "symbol": "SOL",
            "price": 209.6063958116905,
            "volume_24h": 5303895099.08,
            "market_cap": 102074643359.64224
        },
        {
            "timestamp": "2025-02-03 16:20:00",
            "symbol": "SOL",
            "price": 205.7171848657971,
            "volume_24h": 16885187170.96,
            "market_cap": 100176715045.24278
        },
        {
            "timestamp": "2025-02-04 16:20:00",
            "symbol": "SOL",
            "price": 216.7353446933284,
            "volume_24h": 7688945809.76,
            "market_cap": 105565326672.527
        },
        {
            "timestamp": "2025-02-05 16:20:00",
            "symbol": "SOL",
            "price": 199.034032989157,
            "volume_24h": 5060736709.34,
            "market_cap": 96939256748.98924
        },
        {
            "timestamp": "2025-02-06 16:20:00",
            "symbol": "SOL",
            "price": 191.95750432341413,
            "volume_24h": 3759202346.24,
            "market_cap": 93513518755.07468
        },
        {
            "timestamp": "2025-02-07 16:20:00",
            "symbol": "SOL",
            "price": 197.65839915638296,
            "volume_24h": 4755151417.34,
            "market_cap": 96402084649.95128
        },
        {
            "timestamp": "2025-02-08 16:20:00",
            "symbol": "SOL",
            "price": 193.57696903475616,
            "volume_24h": 2962076755.99,
            "market_cap": 94431971885.6219
        },
        {
            "timestamp": "2025-02-09 16:20:00",
            "symbol": "SOL",
            "price": 201.43005776080383,
            "volume_24h": 3052951659.11,
            "market_cap": 98259774391.41055
        },
        {
            "timestamp": "2025-02-10 16:20:00",
            "symbol": "SOL",
            "price": 203.18675319230692,
            "volume_24h": 4348445141.03,
            "market_cap": 99138046369.35542
        },
        {
            "timestamp": "2025-02-11 16:20:00",
            "symbol": "SOL",
            "price": 199.75344115352405,
            "volume_24h": 3747841016.42,
            "market_cap": 97494540881.01306
        },
        {
            "timestamp": "2025-02-12 16:20:00",
            "symbol": "SOL",
            "price": 190.81076795546088,
            "volume_24h": 3772486195.46,
            "market_cap": 93150797884.98811
        },
        {
            "timestamp": "2025-02-13 16:20:00",
            "symbol": "SOL",
            "price": 191.06875303637696,
            "volume_24h": 3436982743.33,
            "market_cap": 93274153361.56725
        },
        {
            "timestamp": "2025-02-14 16:20:00",
            "symbol": "SOL",
            "price": 199.6073968993285,
            "volume_24h": 2937890538.24,
            "market_cap": 97466086278.13963
        },
        {
            "timestamp": "2025-02-15 16:20:00",
            "symbol": "SOL",
            "price": 194.89110259149987,
            "volume_24h": 3012580316.76,
            "market_cap": 95161449405.07887
        },
        {
            "timestamp": "2025-02-16 16:20:00",
            "symbol": "SOL",
            "price": 190.64048193962256,
            "volume_24h": 1741966301.71,
            "market_cap": 93106277448.93707
        },
        {
            "timestamp": "2025-02-17 16:20:00",
            "symbol": "SOL",
            "price": 180.25715083107275,
            "volume_24h": 3618741692.76,
            "market_cap": 88035646234.84612
        },
        {
            "timestamp": "2025-02-18 16:20:00",
            "symbol": "SOL",
            "price": 166.46143119241628,
            "volume_24h": 6088423538.29,
            "market_cap": 81317407425.00897
        },
        {
            "timestamp": "2025-02-19 16:20:00",
            "symbol": "SOL",
            "price": 170.74810731520014,
            "volume_24h": 4642606766.49,
            "market_cap": 83410597823.48639
        },
        {
            "timestamp": "2025-02-20 16:20:00",
            "symbol": "SOL",
            "price": 172.48653086192186,
            "volume_24h": 3525414821.13,
            "market_cap": 84279271017.54391
        },
        {
            "timestamp": "2025-02-21 16:20:00",
            "symbol": "SOL",
            "price": 174.9684173417174,
            "volume_24h": 4056290518.5,
            "market_cap": 85491653467.1048
        },
        {
            "timestamp": "2025-02-22 16:20:00",
            "symbol": "SOL",
            "price": 173.51744791197825,
            "volume_24h": 3157402241.09,
            "market_cap": 84803249366.89818
        },
        {
            "timestamp": "2025-02-23 16:20:00",
            "symbol": "SOL",
            "price": 167.48811023423784,
            "volume_24h": 1548135164.89,
            "market_cap": 81856097665.8678
        },
        {
            "timestamp": "2025-02-24 16:20:00",
            "symbol": "SOL",
            "price": 152.4639155603395,
            "volume_24h": 4641016988.29,
            "market_cap": 74872781110.43645
        },
        {
            "timestamp": "2025-02-25 16:20:00",
            "symbol": "SOL",
            "price": 139.78335096739022,
            "volume_24h": 10525979892.41,
            "market_cap": 69238548749.29303
        },
        {
            "timestamp": "2025-02-26 16:20:00",
            "symbol": "SOL",
            "price": 137.33675020644256,
            "volume_24h": 4324758848.21,
            "market_cap": 68433282389.319565
        },
        {
            "timestamp": "2025-02-27 16:20:00",
            "symbol": "SOL",
            "price": 139.55715411161984,
            "volume_24h": 4947644801.33,
            "market_cap": 69519488558.63437
        },
        {
            "timestamp": "2025-02-28 16:20:00",
            "symbol": "SOL",
            "price": 145.14801529702316,
            "volume_24h": 7184650636.87,
            "market_cap": 72339811724.98688
        },
        {
            "timestamp": "2025-03-01 16:20:00",
            "symbol": "SOL",
            "price": 140.94587970157932,
            "volume_24h": 3939706109.81,
            "market_cap": 71481684770.39447
        },
        {
            "timestamp": "2025-03-02 16:20:00",
            "symbol": "SOL",
            "price": 169.19920819440182,
            "volume_24h": 5579965006.69,
            "market_cap": 85885358304.66606
        },
        {
            "timestamp": "2025-03-03 16:20:00",
            "symbol": "SOL",
            "price": 157.26145699699694,
            "volume_24h": 12129179294.26,
            "market_cap": 79834735728.3171
        },
        {
            "timestamp": "2025-03-04 16:20:00",
            "symbol": "SOL",
            "price": 136.39219176562247,
            "volume_24h": 8823048960.96,
            "market_cap": 69273496054.03023
        },
        {
            "timestamp": "2025-03-05 16:20:00",
            "symbol": "SOL",
            "price": 142.06553214187608,
            "volume_24h": 5902176845.16,
            "market_cap": 72161100994.56845
        },
        {
            "timestamp": "2025-03-06 16:20:00",
            "symbol": "SOL",
            "price": 148.14661722407388,
            "volume_24h": 4213474561.98,
            "market_cap": 75276836509.78186
        },
        {
            "timestamp": "2025-03-07 16:20:00",
            "symbol": "SOL",
            "price": 144.2373926996011,
            "volume_24h": 4976641874.67,
            "market_cap": 73374386502.24097
        },
        {
            "timestamp": "2025-03-08 16:20:00",
            "symbol": "SOL",
            "price": 136.1864579051051,
            "volume_24h": 3958924593.62,
            "market_cap": 69305255839.85046
        },
        {
            "timestamp": "2025-03-09 16:20:00",
            "symbol": "SOL",
            "price": 130.74680541199558,
            "volume_24h": 2430211655.39,
            "market_cap": 66536841391.97382
        },
        {
            "timestamp": "2025-03-10 16:20:00",
            "symbol": "SOL",
            "price": 121.20975179557207,
            "volume_24h": 5075129588.32,
            "market_cap": 61697950784.82857
        },
        {
            "timestamp": "2025-03-11 16:20:00",
            "symbol": "SOL",
            "price": 124.48758050406704,
            "volume_24h": 6035570629.73,
            "market_cap": 63389182315.02369
        },
        {
            "timestamp": "2025-03-12 16:20:00",
            "symbol": "SOL",
            "price": 124.34409017064256,
            "volume_24h": 4313258760.39,
            "market_cap": 63338820894.65534
        },
        {
            "timestamp": "2025-03-13 16:20:00",
            "symbol": "SOL",
            "price": 123.38013490835591,
            "volume_24h": 3100430749.78,
            "market_cap": 62851308441.297165
        },
        {
            "timestamp": "2025-03-14 16:20:00",
            "symbol": "SOL",
            "price": 132.36448179420114,
            "volume_24h": 2977488665.08,
            "market_cap": 67447152468.02143
        },
        {
            "timestamp": "2025-03-15 16:20:00",
            "symbol": "SOL",
            "price": 134.83530261994136,
            "volume_24h": 2257585540.33,
            "market_cap": 68726377338.28946
        },
        {
            "timestamp": "2025-03-16 16:20:00",
            "symbol": "SOL",
            "price": 130.3266720219496,
            "volume_24h": 2157437292.36,
            "market_cap": 66457076397.538246
        },
        {
            "timestamp": "2025-03-17 16:20:00",
            "symbol": "SOL",
            "price": 127.76815605979716,
            "volume_24h": 2519824902.38,
            "market_cap": 65152180345.48298
        },
        {
            "timestamp": "2025-03-18 16:20:00",
            "symbol": "SOL",
            "price": 123.36779435173808,
            "volume_24h": 2762102656.07,
            "market_cap": 62923653112.586365
        },
        {
            "timestamp": "2025-03-19 16:20:00",
            "symbol": "SOL",
            "price": 131.482382856262,
            "volume_24h": 2696516629.16,
            "market_cap": 67060374147.50183
        },
        {
            "timestamp": "2025-03-20 16:20:00",
            "symbol": "SOL",
            "price": 128.7110578357313,
            "volume_24h": 3214860381.98,
            "market_cap": 65665744203.26759
        },
        {
            "timestamp": "2025-03-21 16:20:00",
            "symbol": "SOL",
            "price": 125.02507581472857,
            "volume_24h": 2094078496.83,
            "market_cap": 63784868924.06695
        },
        {
            "timestamp": "2025-03-22 16:20:00",
            "symbol": "SOL",
            "price": 128.99215839642522,
            "volume_24h": 1950260665.38,
            "market_cap": 65850144831.45544
        },
        {
            "timestamp": "2025-03-23 16:20:00",
            "symbol": "SOL",
            "price": 132.49971702116272,
            "volume_24h": 1574566156.32,
            "market_cap": 67656609724.71638
        },
        {
            "timestamp": "2025-03-24 16:20:00",
            "symbol": "SOL",
            "price": 142.77731290254076,
            "volume_24h": 3832122568.17,
            "market_cap": 73007918868.68365
        },
        {
            "timestamp": "2025-03-25 16:20:00",
            "symbol": "SOL",
            "price": 145.28381566665718,
            "volume_24h": 3512952982.51,
            "market_cap": 74289351589.33344
        },
        {
            "timestamp": "2025-03-26 16:20:00",
            "symbol": "SOL",
            "price": 139.61978940540024,
            "volume_24h": 3064607264.97,
            "market_cap": 71409952625.46738
        },
        {
            "timestamp": "2025-03-27 16:20:00",
            "symbol": "SOL",
            "price": 138.81003976567615,
            "volume_24h": 3019222441.27,
            "market_cap": 70995203388.5914
        },
        {
            "timestamp": "2025-03-28 16:20:00",
            "symbol": "SOL",
            "price": 129.35079009140907,
            "volume_24h": 3465221884.54,
            "market_cap": 66173125594.54356
        },
        {
            "timestamp": "2025-03-29 16:20:00",
            "symbol": "SOL",
            "price": 126.30500447653188,
            "volume_24h": 2229098235.81,
            "market_cap": 64671437946.59682
        },
        {
            "timestamp": "2025-03-30 16:20:00",
            "symbol": "SOL",
            "price": 125.07825017280156,
            "volume_24h": 1754949563.56,
            "market_cap": 64076760983.90997
        },
        {
            "timestamp": "2025-03-31 16:20:00",
            "symbol": "SOL",
            "price": 126.33910058016822,
            "volume_24h": 2920489802.44,
            "market_cap": 64722223084.11798
        },
        {
            "timestamp": "2025-04-01 16:20:00",
            "symbol": "SOL",
            "price": 128.80547929535246,
            "volume_24h": 3160415010.05,
            "market_cap": 66013503900.98537
        },
        {
            "timestamp": "2025-04-02 16:20:00",
            "symbol": "SOL",
            "price": 131.41625209932624,
            "volume_24h": 3228173043.53,
            "market_cap": 67351378668.02468
        },
        {
            "timestamp": "2025-04-03 16:20:00",
            "symbol": "SOL",
            "price": 114.65092834929452,
            "volume_24h": 6614629356.09,
            "market_cap": 58772760451.85238
        },
        {
            "timestamp": "2025-04-04 16:20:00",
            "symbol": "SOL",
            "price": 119.4416016541134,
            "volume_24h": 4536004556.39,
            "market_cap": 61446741328.01371
        },
        {
            "timestamp": "2025-04-05 16:20:00",
            "symbol": "SOL",
            "price": 117.97723629739518,
            "volume_24h": 2764522894.7,
            "market_cap": 60708786822.24696
        },
        {
            "timestamp": "2025-04-06 16:20:00",
            "symbol": "SOL",
            "price": 114.65544479323636,
            "volume_24h": 1756137954.68,
            "market_cap": 59000394514.93976
        },
        {
            "timestamp": "2025-04-07 16:20:00",
            "symbol": "SOL",
            "price": 105.6234893946792,
            "volume_24h": 9548800217.94,
            "market_cap": 54446138285.16772
        },
        {
            "timestamp": "2025-04-08 16:20:00",
            "symbol": "SOL",
            "price": 106.01819706795575,
            "volume_24h": 5065523661.25,
            "market_cap": 54649393562.93517
        },
        {
            "timestamp": "2025-04-09 16:20:00",
            "symbol": "SOL",
            "price": 107.11986101915572,
            "volume_24h": 5516603497.23,
            "market_cap": 55230195759.91578
        },
        {
            "timestamp": "2025-04-10 16:20:00",
            "symbol": "SOL",
            "price": 109.41629338899214,
            "volume_24h": 6266117308.68,
            "market_cap": 56416677834.305626
        },
        {
            "timestamp": "2025-04-11 16:20:00",
            "symbol": "SOL",
            "price": 119.09726759697618,
            "volume_24h": 4088810424.7,
            "market_cap": 61444141707.80167
        },
        {
            "timestamp": "2025-04-12 16:20:00",
            "symbol": "SOL",
            "price": 130.55301110191837,
            "volume_24h": 3885526594.49,
            "market_cap": 67361832871.8496
        },
        {
            "timestamp": "2025-04-13 16:20:00",
            "symbol": "SOL",
            "price": 129.60929002413744,
            "volume_24h": 3677779936.97,
            "market_cap": 66890341629.1238
        },
        {
            "timestamp": "2025-04-14 16:20:00",
            "symbol": "SOL",
            "price": 129.07167667768107,
            "volume_24h": 4846292149.92,
            "market_cap": 66612742981.04759
        },
        {
            "timestamp": "2025-04-15 16:20:00",
            "symbol": "SOL",
            "price": 129.85043133107624,
            "volume_24h": 3287706177.78,
            "market_cap": 67032189219.6546
        },
        {
            "timestamp": "2025-04-16 16:20:00",
            "symbol": "SOL",
            "price": 128.36056126775722,
            "volume_24h": 3319360711.89,
            "market_cap": 66270140857.14644
        },
        {
            "timestamp": "2025-04-17 16:20:00",
            "symbol": "SOL",
            "price": 134.08733081159798,
            "volume_24h": 4539262379.37,
            "market_cap": 69242593354.07378
        },
        {
            "timestamp": "2025-04-18 16:20:00",
            "symbol": "SOL",
            "price": 133.22722131493978,
            "volume_24h": 2739334700.24,
            "market_cap": 68795025254.78465
        },
        {
            "timestamp": "2025-04-19 16:20:00",
            "symbol": "SOL",
            "price": 138.67388282556985,
            "volume_24h": 2353195020.55,
            "market_cap": 71638970059.21823
        },
        {
            "timestamp": "2025-04-20 16:20:00",
            "symbol": "SOL",
            "price": 136.43840411796478,
            "volume_24h": 2794285687.26,
            "market_cap": 70505717594.44702
        },
        {
            "timestamp": "2025-04-21 16:20:00",
            "symbol": "SOL",
            "price": 138.47243703363725,
            "volume_24h": 3360230237.62,
            "market_cap": 71573489592.94717
        },
        {
            "timestamp": "2025-04-22 16:20:00",
            "symbol": "SOL",
            "price": 145.0257152656583,
            "volume_24h": 4335675174.91,
            "market_cap": 75006122010.43448
        },
        {
            "timestamp": "2025-04-23 16:20:00",
            "symbol": "SOL",
            "price": 150.43906735679698,
            "volume_24h": 5447788745.05,
            "market_cap": 77824184642.12535
        }
    ],
    "investment_thesis": "SOL presents a moderate investment opportunity based on its overall score of 57.0/100. Technical indicators are favorable with a score of 59.0/100, showing balanced price action. Fundamentals are reasonably solid (63.0/100), suggesting adequate market position. Despite mixed sentiment (46.0/100), other factors suggest potential upside. Chart analysis reveals a inverse head and shoulders pattern, supporting a bullish outlook. This analysis is set against a broader market that is currently in a strong bullish trend with sentiment showing greed. Overall, SOL merits a Buy rating, suggesting positive but measured price appreciation potential.",
    "risk_assessment": "SOL is classified as a moderate risk investment. With a market cap of $77.36B and global rank of #6, it balances growth potential with reasonable stability. Annualized volatility of 86.0% indicates moderate price fluctuations. Daily trading volume of $5376.33M and liquidity ratio of 0.069 suggest adequate liquidity for most trading activities. Investors should be aware of risks including increased competition, potential regulatory impacts, and higher sensitivity to market sentiment. The RSI of 89.1 indicates overbought conditions, increasing the risk of a short-term correction. The current bullish market environment potentially reduces short-term downside risk, though caution is warranted for any sudden sentiment changes. High Bitcoin dominance (63.5%) may limit altcoin performance in the near term.",
    "analysis_time": "2025-04-23 20:16:22"
}