{
    "symbol": "TRX",
    "name": "TRON",
    "price_usd": 0.2455505152528274,
    "market_cap_usd": 23312970835.63493,
    "volume_24h_usd": 757747946.7438862,
    "percent_change_24h": -0.24676033,
    "percent_change_7d": -2.18288406,
    "technical_score": 79,
    "fundamental_score": 62,
    "sentiment_score": 28,
    "total_score": 61.2,
    "technical_weight": 0.45,
    "fundamental_weight": 0.3,
    "sentiment_weight": 0.25,
    "risk_profile": "Moderate",
    "market_opportunity": "Moderate",
    "recommendation": "Hold",
    "rank": 4,
    "technical_data": {
        "symbol": "TRX",
        "price": 0.2448412533050629,
        "ma_7": 0.2446495975080542,
        "ma_30": 0.23958044577426751,
        "ma_90": 0.23742799748610655,
        "ma_200": 0.22636877181656295,
        "rsi_14": 62.49032166456707,
        "macd": 0.002881333282049925,
        "macd_signal": 0.0032548881127281667,
        "bb_upper": 0.2576363859481313,
        "bb_middle": 0.24270679382407584,
        "bb_lower": 0.22777720170002036,
        "bb_width": 0.12302574549995564,
        "roc_7": -3.8976399810762508,
        "roc_30": 6.50639994698039,
        "obv": 9109222149.59,
        "tenkan_sen": 0.24789838171133627,
        "kijun_sen": 0.2410453640299485,
        "adx": 17.90141822420849,
        "stoch_k": 49.45866389407051,
        "stoch_d": 56.36788809512435,
        "mfi": 58.685579577250145,
        "psar": 0.24353954329213182,
        "technical_score": 79,
        "score_components": {
            "trend_score": 20,
            "momentum_score": 16,
            "volatility_score": 7,
            "support_resistance_score": 7,
            "volume_score": 10,
            "ichimoku_score": 10,
            "obv_score": 0,
            "adx_score": 1,
            "psar_score": 5,
            "ma_cross_score": 3
        }
    },
    "fundamental_data": {
        "symbol": "TRX",
        "market_cap_usd": 23312970835.63493,
        "volume_24h_usd": 757747946.7438862,
        "volume_mcap_ratio": 0.032503276913366796,
        "market_share": 0.8675743373522973,
        "cmc_rank": 10,
        "price_change_30d": 7.13355781,
        "fundamental_score": 62,
        "score_components": {
            "market_cap_score": 18,
            "volume_mcap_score": 5,
            "rank_score": 12,
            "stability_score": 15,
            "growth_score": 7,
            "market_position_score": 5
        }
    },
    "sentiment_data": {
        "symbol": "TRX",
        "price_change_1h": -0.01595657,
        "price_change_24h": -0.24676033,
        "price_change_7d": -2.18288406,
        "market_avg_change_24h": 3.7310203413333327,
        "market_avg_change_7d": 11.602763898000001,
        "relative_performance_24h": -3.9777806713333326,
        "relative_performance_7d": -13.785647958000002,
        "fear_greed_value": 72,
        "fear_greed_classification": "Greed",
        "market_trend": "Strong Bullish",
        "sentiment_score": 28,
        "score_components": {
            "momentum_score": 13,
            "market_sentiment_score": 10,
            "relative_score": 5,
            "alignment_score": 0
        }
    },
    "pattern_data": {
        "head_and_shoulders": false,
        "inverse_head_and_shoulders": false,
        "double_top": true,
        "double_bottom": true,
        "ascending_triangle": false,
        "descending_triangle": false,
        "symmetric_triangle": false,
        "bullish_flag": false,
        "bearish_flag": false,
        "pattern_strength": 5
    },
    "divergence_data": {
        "bearish_divergence": false,
        "bullish_divergence": false,
        "bearish_divergence_strength": 0,
        "bullish_divergence_strength": 0,
        "rsi_divergences": [],
        "macd_divergences": []
    },
    "historical_data": [
        {
            "timestamp": "2024-04-29 16:20:00",
            "symbol": "TRX",
            "price": 0.1181550241711491,
            "volume_24h": 325506951.04,
            "market_cap": 10344649119.031054
        },
        {
            "timestamp": "2024-04-30 16:20:00",
            "symbol": "TRX",
            "price": 0.118180387572368,
            "volume_24h": 435293406.46,
            "market_cap": 10346090957.694178
        },
        {
            "timestamp": "2024-05-01 16:20:00",
            "symbol": "TRX",
            "price": 0.1195771830121414,
            "volume_24h": 478368679.76,
            "market_cap": 10467622806.832958
        },
        {
            "timestamp": "2024-05-02 16:20:00",
            "symbol": "TRX",
            "price": 0.1231924411192812,
            "volume_24h": 412113900.34,
            "market_cap": 10783379234.292982
        },
        {
            "timestamp": "2024-05-03 16:20:00",
            "symbol": "TRX",
            "price": 0.1234097770657131,
            "volume_24h": 278460891.49,
            "market_cap": 10801692564.461435
        },
        {
            "timestamp": "2024-05-04 16:20:00",
            "symbol": "TRX",
            "price": 0.1227361365103439,
            "volume_24h": 251250777.66,
            "market_cap": 10742236766.12526
        },
        {
            "timestamp": "2024-05-05 16:20:00",
            "symbol": "TRX",
            "price": 0.1213738243831657,
            "volume_24h": 192045142.38,
            "market_cap": 10622655247.251158
        },
        {
            "timestamp": "2024-05-06 16:20:00",
            "symbol": "TRX",
            "price": 0.1189950722982939,
            "volume_24h": 290020154.44,
            "market_cap": 10413803640.166426
        },
        {
            "timestamp": "2024-05-07 16:20:00",
            "symbol": "TRX",
            "price": 0.1205114741217952,
            "volume_24h": 279865084.09,
            "market_cap": 10545764464.823084
        },
        {
            "timestamp": "2024-05-08 16:20:00",
            "symbol": "TRX",
            "price": 0.1231425387168251,
            "volume_24h": 389885670.98,
            "market_cap": 10775288619.7913
        },
        {
            "timestamp": "2024-05-09 16:20:00",
            "symbol": "TRX",
            "price": 0.1264022652000231,
            "volume_24h": 391566948.24,
            "market_cap": 11059864504.811754
        },
        {
            "timestamp": "2024-05-10 16:20:00",
            "symbol": "TRX",
            "price": 0.126182633995828,
            "volume_24h": 347184376.13,
            "market_cap": 11039551145.334154
        },
        {
            "timestamp": "2024-05-11 16:20:00",
            "symbol": "TRX",
            "price": 0.1261637629168275,
            "volume_24h": 247513849.72,
            "market_cap": 11037311182.628296
        },
        {
            "timestamp": "2024-05-12 16:20:00",
            "symbol": "TRX",
            "price": 0.1268758834200048,
            "volume_24h": 164601258.59,
            "market_cap": 11099263509.568905
        },
        {
            "timestamp": "2024-05-13 16:20:00",
            "symbol": "TRX",
            "price": 0.1260472145358537,
            "volume_24h": 250156190.03,
            "market_cap": 11026065825.912312
        },
        {
            "timestamp": "2024-05-14 16:20:00",
            "symbol": "TRX",
            "price": 0.1251569526768041,
            "volume_24h": 272035087.65,
            "market_cap": 10947439662.524632
        },
        {
            "timestamp": "2024-05-15 16:20:00",
            "symbol": "TRX",
            "price": 0.1261838816402334,
            "volume_24h": 237858222.23,
            "market_cap": 11036414144.455534
        },
        {
            "timestamp": "2024-05-16 16:20:00",
            "symbol": "TRX",
            "price": 0.1254469753382297,
            "volume_24h": 344616154.46,
            "market_cap": 10971067504.326036
        },
        {
            "timestamp": "2024-05-17 16:20:00",
            "symbol": "TRX",
            "price": 0.1251440693596989,
            "volume_24h": 304863352.81,
            "market_cap": 10943742876.018856
        },
        {
            "timestamp": "2024-05-18 16:20:00",
            "symbol": "TRX",
            "price": 0.1231582415471779,
            "volume_24h": 235282263.17,
            "market_cap": 10769545792.460377
        },
        {
            "timestamp": "2024-05-19 16:20:00",
            "symbol": "TRX",
            "price": 0.1211447319243178,
            "volume_24h": 228266342.26,
            "market_cap": 10593115100.938078
        },
        {
            "timestamp": "2024-05-20 16:20:00",
            "symbol": "TRX",
            "price": 0.1220779526076595,
            "volume_24h": 214538030.67,
            "market_cap": 10674039923.0383
        },
        {
            "timestamp": "2024-05-21 16:20:00",
            "symbol": "TRX",
            "price": 0.1234455772856529,
            "volume_24h": 443518468.87,
            "market_cap": 10792806322.262093
        },
        {
            "timestamp": "2024-05-22 16:20:00",
            "symbol": "TRX",
            "price": 0.1210661595152342,
            "volume_24h": 294168069.66,
            "market_cap": 10584092972.481607
        },
        {
            "timestamp": "2024-05-23 16:20:00",
            "symbol": "TRX",
            "price": 0.1155010768032333,
            "volume_24h": 333336842.22,
            "market_cap": 10096924459.267178
        },
        {
            "timestamp": "2024-05-24 16:20:00",
            "symbol": "TRX",
            "price": 0.114416138288951,
            "volume_24h": 405401789.36,
            "market_cap": 10001446927.641428
        },
        {
            "timestamp": "2024-05-25 16:20:00",
            "symbol": "TRX",
            "price": 0.1134254700056953,
            "volume_24h": 293855338.77,
            "market_cap": 9914431361.87238
        },
        {
            "timestamp": "2024-05-26 16:20:00",
            "symbol": "TRX",
            "price": 0.1133312591520183,
            "volume_24h": 209890226.52,
            "market_cap": 9905894838.776531
        },
        {
            "timestamp": "2024-05-27 16:20:00",
            "symbol": "TRX",
            "price": 0.1119705975484121,
            "volume_24h": 314989623.79,
            "market_cap": 9786395336.868948
        },
        {
            "timestamp": "2024-05-28 16:20:00",
            "symbol": "TRX",
            "price": 0.1109891951918414,
            "volume_24h": 349896110.33,
            "market_cap": 9699967849.105188
        },
        {
            "timestamp": "2024-05-29 16:20:00",
            "symbol": "TRX",
            "price": 0.1118811091881882,
            "volume_24h": 278312408.24,
            "market_cap": 9777264807.447418
        },
        {
            "timestamp": "2024-05-30 16:20:00",
            "symbol": "TRX",
            "price": 0.1118386280220159,
            "volume_24h": 268263410.28,
            "market_cap": 9772857625.503704
        },
        {
            "timestamp": "2024-05-31 16:20:00",
            "symbol": "TRX",
            "price": 0.1117303421196107,
            "volume_24h": 276959820.62,
            "market_cap": 9762586515.380882
        },
        {
            "timestamp": "2024-06-01 16:20:00",
            "symbol": "TRX",
            "price": 0.1120305000369077,
            "volume_24h": 198932506.69,
            "market_cap": 9788084080.397217
        },
        {
            "timestamp": "2024-06-02 16:20:00",
            "symbol": "TRX",
            "price": 0.1146169550934666,
            "volume_24h": 214444179.0,
            "market_cap": 10013582726.316725
        },
        {
            "timestamp": "2024-06-03 16:20:00",
            "symbol": "TRX",
            "price": 0.1131818250851835,
            "volume_24h": 302101814.6,
            "market_cap": 9887422198.128838
        },
        {
            "timestamp": "2024-06-04 16:20:00",
            "symbol": "TRX",
            "price": 0.1143729900645692,
            "volume_24h": 273013572.7,
            "market_cap": 9990682727.89555
        },
        {
            "timestamp": "2024-06-05 16:20:00",
            "symbol": "TRX",
            "price": 0.1144348195105484,
            "volume_24h": 243539768.95,
            "market_cap": 9995277184.10556
        },
        {
            "timestamp": "2024-06-06 16:20:00",
            "symbol": "TRX",
            "price": 0.1148834243201612,
            "volume_24h": 252605323.64,
            "market_cap": 10033663783.173077
        },
        {
            "timestamp": "2024-06-07 16:20:00",
            "symbol": "TRX",
            "price": 0.1148917202771058,
            "volume_24h": 253666066.78,
            "market_cap": 10033566402.51881
        },
        {
            "timestamp": "2024-06-08 16:20:00",
            "symbol": "TRX",
            "price": 0.1139704370623629,
            "volume_24h": 435021937.14,
            "market_cap": 9952466348.759909
        },
        {
            "timestamp": "2024-06-09 16:20:00",
            "symbol": "TRX",
            "price": 0.1166875620159424,
            "volume_24h": 353522979.4,
            "market_cap": 10189325746.120556
        },
        {
            "timestamp": "2024-06-10 16:20:00",
            "symbol": "TRX",
            "price": 0.117181387484105,
            "volume_24h": 315500476.03,
            "market_cap": 10231761935.963
        },
        {
            "timestamp": "2024-06-11 16:20:00",
            "symbol": "TRX",
            "price": 0.1169065756953209,
            "volume_24h": 374985539.26,
            "market_cap": 10206908104.360077
        },
        {
            "timestamp": "2024-06-12 16:20:00",
            "symbol": "TRX",
            "price": 0.1176601241973055,
            "volume_24h": 322531542.85,
            "market_cap": 10271869323.340714
        },
        {
            "timestamp": "2024-06-13 16:20:00",
            "symbol": "TRX",
            "price": 0.1165915916897585,
            "volume_24h": 347669449.96,
            "market_cap": 10177883351.256289
        },
        {
            "timestamp": "2024-06-14 16:20:00",
            "symbol": "TRX",
            "price": 0.1158259713428717,
            "volume_24h": 266099801.83,
            "market_cap": 10110323609.322832
        },
        {
            "timestamp": "2024-06-15 16:20:00",
            "symbol": "TRX",
            "price": 0.1150310693382714,
            "volume_24h": 217611826.95,
            "market_cap": 10040325743.435171
        },
        {
            "timestamp": "2024-06-16 16:20:00",
            "symbol": "TRX",
            "price": 0.115698366350665,
            "volume_24h": 162610572.99,
            "market_cap": 10098158009.70536
        },
        {
            "timestamp": "2024-06-17 16:20:00",
            "symbol": "TRX",
            "price": 0.1170353183797079,
            "volume_24h": 319838240.44,
            "market_cap": 10214160105.405794
        },
        {
            "timestamp": "2024-06-18 16:20:00",
            "symbol": "TRX",
            "price": 0.1149178935713741,
            "volume_24h": 347663107.07,
            "market_cap": 10028496598.692656
        },
        {
            "timestamp": "2024-06-19 16:20:00",
            "symbol": "TRX",
            "price": 0.1165466123623736,
            "volume_24h": 261924923.05,
            "market_cap": 10169903754.360825
        },
        {
            "timestamp": "2024-06-20 16:20:00",
            "symbol": "TRX",
            "price": 0.1165559518873678,
            "volume_24h": 227607762.19,
            "market_cap": 10169911582.562754
        },
        {
            "timestamp": "2024-06-21 16:20:00",
            "symbol": "TRX",
            "price": 0.1184693893139464,
            "volume_24h": 251134267.85,
            "market_cap": 10336150827.04533
        },
        {
            "timestamp": "2024-06-22 16:20:00",
            "symbol": "TRX",
            "price": 0.1197048946281077,
            "volume_24h": 215557968.16,
            "market_cap": 10443456831.83665
        },
        {
            "timestamp": "2024-06-23 16:20:00",
            "symbol": "TRX",
            "price": 0.1195867209995251,
            "volume_24h": 162640459.54,
            "market_cap": 10432810858.102943
        },
        {
            "timestamp": "2024-06-24 16:20:00",
            "symbol": "TRX",
            "price": 0.1192722571034394,
            "volume_24h": 282586041.35,
            "market_cap": 10404693820.07193
        },
        {
            "timestamp": "2024-06-25 16:20:00",
            "symbol": "TRX",
            "price": 0.1213917792323245,
            "volume_24h": 273511503.99,
            "market_cap": 10588738790.664528
        },
        {
            "timestamp": "2024-06-26 16:20:00",
            "symbol": "TRX",
            "price": 0.1233853322485006,
            "volume_24h": 290003945.72,
            "market_cap": 10761802254.37937
        },
        {
            "timestamp": "2024-06-27 16:20:00",
            "symbol": "TRX",
            "price": 0.1224903337884864,
            "volume_24h": 245936259.66,
            "market_cap": 10682925243.34422
        },
        {
            "timestamp": "2024-06-28 16:20:00",
            "symbol": "TRX",
            "price": 0.12297806788553,
            "volume_24h": 210070979.25,
            "market_cap": 10724734754.829632
        },
        {
            "timestamp": "2024-06-29 16:20:00",
            "symbol": "TRX",
            "price": 0.1252610698652133,
            "volume_24h": 249406876.44,
            "market_cap": 10923266354.537352
        },
        {
            "timestamp": "2024-06-30 16:20:00",
            "symbol": "TRX",
            "price": 0.1250281752314934,
            "volume_24h": 192292946.14,
            "market_cap": 10902492552.750076
        },
        {
            "timestamp": "2024-07-01 16:20:00",
            "symbol": "TRX",
            "price": 0.1284377829809154,
            "volume_24h": 256034452.64,
            "market_cap": 11198949158.193102
        },
        {
            "timestamp": "2024-07-02 16:20:00",
            "symbol": "TRX",
            "price": 0.1284256604409951,
            "volume_24h": 234466863.7,
            "market_cap": 11197048521.857264
        },
        {
            "timestamp": "2024-07-03 16:20:00",
            "symbol": "TRX",
            "price": 0.1288714689022889,
            "volume_24h": 313816769.91,
            "market_cap": 11235102989.610037
        },
        {
            "timestamp": "2024-07-04 16:20:00",
            "symbol": "TRX",
            "price": 0.1266335255682464,
            "volume_24h": 406641262.72,
            "market_cap": 11039200648.5449
        },
        {
            "timestamp": "2024-07-05 16:20:00",
            "symbol": "TRX",
            "price": 0.1271133341276485,
            "volume_24h": 743462522.15,
            "market_cap": 11080033290.807743
        },
        {
            "timestamp": "2024-07-06 16:20:00",
            "symbol": "TRX",
            "price": 0.1299964832503021,
            "volume_24h": 329811539.94,
            "market_cap": 11330823956.745264
        },
        {
            "timestamp": "2024-07-07 16:20:00",
            "symbol": "TRX",
            "price": 0.1273371001552855,
            "volume_24h": 296834266.84,
            "market_cap": 11098697615.432957
        },
        {
            "timestamp": "2024-07-08 16:20:00",
            "symbol": "TRX",
            "price": 0.12499888900054,
            "volume_24h": 446819516.8,
            "market_cap": 10894229996.56524
        },
        {
            "timestamp": "2024-07-09 16:20:00",
            "symbol": "TRX",
            "price": 0.1293273799343634,
            "volume_24h": 312506974.2,
            "market_cap": 11270734986.616049
        },
        {
            "timestamp": "2024-07-10 16:20:00",
            "symbol": "TRX",
            "price": 0.1312963631929175,
            "volume_24h": 273025969.14,
            "market_cap": 11441560356.948008
        },
        {
            "timestamp": "2024-07-11 16:20:00",
            "symbol": "TRX",
            "price": 0.1348245770046423,
            "volume_24h": 365308194.33,
            "market_cap": 11748222953.78195
        },
        {
            "timestamp": "2024-07-12 16:20:00",
            "symbol": "TRX",
            "price": 0.1365551052128168,
            "volume_24h": 333301865.66,
            "market_cap": 11898266905.585424
        },
        {
            "timestamp": "2024-07-13 16:20:00",
            "symbol": "TRX",
            "price": 0.1402702796221423,
            "volume_24h": 345190631.3,
            "market_cap": 12221448121.58038
        },
        {
            "timestamp": "2024-07-14 16:20:00",
            "symbol": "TRX",
            "price": 0.1376285340548428,
            "volume_24h": 323854486.54,
            "market_cap": 11990905288.541311
        },
        {
            "timestamp": "2024-07-15 16:20:00",
            "symbol": "TRX",
            "price": 0.1379012848962083,
            "volume_24h": 292223946.9,
            "market_cap": 12013706056.353115
        },
        {
            "timestamp": "2024-07-16 16:20:00",
            "symbol": "TRX",
            "price": 0.1342844267443231,
            "volume_24h": 463100150.26,
            "market_cap": 11697727514.79517
        },
        {
            "timestamp": "2024-07-17 16:20:00",
            "symbol": "TRX",
            "price": 0.1342688070302063,
            "volume_24h": 298564902.6,
            "market_cap": 11695545928.332483
        },
        {
            "timestamp": "2024-07-18 16:20:00",
            "symbol": "TRX",
            "price": 0.1337119844216898,
            "volume_24h": 274164057.35,
            "market_cap": 11646313000.571194
        },
        {
            "timestamp": "2024-07-19 16:20:00",
            "symbol": "TRX",
            "price": 0.134817672267327,
            "volume_24h": 287928921.92,
            "market_cap": 11741799250.62111
        },
        {
            "timestamp": "2024-07-20 16:20:00",
            "symbol": "TRX",
            "price": 0.1343205380014302,
            "volume_24h": 248537378.46,
            "market_cap": 11697964800.578722
        },
        {
            "timestamp": "2024-07-21 16:20:00",
            "symbol": "TRX",
            "price": 0.1346442303042247,
            "volume_24h": 190945052.98,
            "market_cap": 11725762860.30926
        },
        {
            "timestamp": "2024-07-22 16:20:00",
            "symbol": "TRX",
            "price": 0.1339702641929303,
            "volume_24h": 383525617.74,
            "market_cap": 11666327815.92338
        },
        {
            "timestamp": "2024-07-23 16:20:00",
            "symbol": "TRX",
            "price": 0.1334961318625453,
            "volume_24h": 286993388.15,
            "market_cap": 11624309908.627253
        },
        {
            "timestamp": "2024-07-24 16:20:00",
            "symbol": "TRX",
            "price": 0.1342856948594251,
            "volume_24h": 262017523.53,
            "market_cap": 11692466876.71536
        },
        {
            "timestamp": "2024-07-25 16:20:00",
            "symbol": "TRX",
            "price": 0.1354228384396966,
            "volume_24h": 295583866.78,
            "market_cap": 11790798300.305386
        },
        {
            "timestamp": "2024-07-26 16:20:00",
            "symbol": "TRX",
            "price": 0.1376179625660284,
            "volume_24h": 259694950.58,
            "market_cap": 11981302644.251858
        },
        {
            "timestamp": "2024-07-27 16:20:00",
            "symbol": "TRX",
            "price": 0.1372201155841755,
            "volume_24h": 187640712.98,
            "market_cap": 11946291736.878107
        },
        {
            "timestamp": "2024-07-28 16:20:00",
            "symbol": "TRX",
            "price": 0.1383595589125053,
            "volume_24h": 219442483.8,
            "market_cap": 12045273236.981062
        },
        {
            "timestamp": "2024-07-29 16:20:00",
            "symbol": "TRX",
            "price": 0.1375747156093909,
            "volume_24h": 357958690.42,
            "market_cap": 11976332249.293526
        },
        {
            "timestamp": "2024-07-30 16:20:00",
            "symbol": "TRX",
            "price": 0.1329555721862629,
            "volume_24h": 283109885.28,
            "market_cap": 11573489423.701485
        },
        {
            "timestamp": "2024-07-31 16:20:00",
            "symbol": "TRX",
            "price": 0.1298054102971539,
            "volume_24h": 300408618.96,
            "market_cap": 11298466337.34782
        },
        {
            "timestamp": "2024-08-01 16:20:00",
            "symbol": "TRX",
            "price": 0.1271891240286004,
            "volume_24h": 334414642.14,
            "market_cap": 11069862013.567862
        },
        {
            "timestamp": "2024-08-02 16:20:00",
            "symbol": "TRX",
            "price": 0.1230341185719276,
            "volume_24h": 346484013.09,
            "market_cap": 10707447591.763754
        },
        {
            "timestamp": "2024-08-03 16:20:00",
            "symbol": "TRX",
            "price": 0.1248888433756602,
            "volume_24h": 314098977.55,
            "market_cap": 10868444714.45187
        },
        {
            "timestamp": "2024-08-04 16:20:00",
            "symbol": "TRX",
            "price": 0.1268293304240218,
            "volume_24h": 363417733.44,
            "market_cap": 11037001140.812103
        },
        {
            "timestamp": "2024-08-05 16:20:00",
            "symbol": "TRX",
            "price": 0.1222513298705511,
            "volume_24h": 897361035.98,
            "market_cap": 10637493243.626703
        },
        {
            "timestamp": "2024-08-06 16:20:00",
            "symbol": "TRX",
            "price": 0.1233174149048979,
            "volume_24h": 466415350.75,
            "market_cap": 10729446583.012115
        },
        {
            "timestamp": "2024-08-07 16:20:00",
            "symbol": "TRX",
            "price": 0.1243850694928551,
            "volume_24h": 309606748.29,
            "market_cap": 10821675456.944883
        },
        {
            "timestamp": "2024-08-08 16:20:00",
            "symbol": "TRX",
            "price": 0.1266008256648305,
            "volume_24h": 315502590.35,
            "market_cap": 11013852536.577372
        },
        {
            "timestamp": "2024-08-09 16:20:00",
            "symbol": "TRX",
            "price": 0.1269418412913331,
            "volume_24h": 267024646.12,
            "market_cap": 11042843656.583998
        },
        {
            "timestamp": "2024-08-10 16:20:00",
            "symbol": "TRX",
            "price": 0.1294538830195709,
            "volume_24h": 245448447.99,
            "market_cap": 11260985162.428549
        },
        {
            "timestamp": "2024-08-11 16:20:00",
            "symbol": "TRX",
            "price": 0.1285925079912883,
            "volume_24h": 177439743.74,
            "market_cap": 11185842593.03752
        },
        {
            "timestamp": "2024-08-12 16:20:00",
            "symbol": "TRX",
            "price": 0.1266607166782864,
            "volume_24h": 279044941.89,
            "market_cap": 11017230056.43212
        },
        {
            "timestamp": "2024-08-13 16:20:00",
            "symbol": "TRX",
            "price": 0.1278857155444661,
            "volume_24h": 238103542.48,
            "market_cap": 11123167590.039654
        },
        {
            "timestamp": "2024-08-14 16:20:00",
            "symbol": "TRX",
            "price": 0.1306097326204645,
            "volume_24h": 331805909.69,
            "market_cap": 11359369281.989733
        },
        {
            "timestamp": "2024-08-15 16:20:00",
            "symbol": "TRX",
            "price": 0.1312206241089577,
            "volume_24h": 281247962.91,
            "market_cap": 11411808872.11979
        },
        {
            "timestamp": "2024-08-16 16:20:00",
            "symbol": "TRX",
            "price": 0.1320253956502734,
            "volume_24h": 345021074.22,
            "market_cap": 11481040718.259968
        },
        {
            "timestamp": "2024-08-17 16:20:00",
            "symbol": "TRX",
            "price": 0.1356070060938838,
            "volume_24h": 343737425.32,
            "market_cap": 11791841012.1307
        },
        {
            "timestamp": "2024-08-18 16:20:00",
            "symbol": "TRX",
            "price": 0.1346470735569603,
            "volume_24h": 227649699.45,
            "market_cap": 11708000125.70058
        },
        {
            "timestamp": "2024-08-19 16:20:00",
            "symbol": "TRX",
            "price": 0.139785817847257,
            "volume_24h": 456651317.61,
            "market_cap": 12153942883.862036
        },
        {
            "timestamp": "2024-08-20 16:20:00",
            "symbol": "TRX",
            "price": 0.1511494973324023,
            "volume_24h": 1115508702.74,
            "market_cap": 13139908758.800062
        },
        {
            "timestamp": "2024-08-21 16:20:00",
            "symbol": "TRX",
            "price": 0.1597527796144759,
            "volume_24h": 1720105977.53,
            "market_cap": 13883216118.350254
        },
        {
            "timestamp": "2024-08-22 16:20:00",
            "symbol": "TRX",
            "price": 0.1564317561493161,
            "volume_24h": 1464468896.07,
            "market_cap": 13591321102.940142
        },
        {
            "timestamp": "2024-08-23 16:20:00",
            "symbol": "TRX",
            "price": 0.157884557108741,
            "volume_24h": 665156644.6,
            "market_cap": 13715525461.067623
        },
        {
            "timestamp": "2024-08-24 16:20:00",
            "symbol": "TRX",
            "price": 0.1593735641624199,
            "volume_24h": 761641272.71,
            "market_cap": 13842980383.647812
        },
        {
            "timestamp": "2024-08-25 16:20:00",
            "symbol": "TRX",
            "price": 0.1653528625844232,
            "volume_24h": 900478808.6,
            "market_cap": 14360788782.079908
        },
        {
            "timestamp": "2024-08-26 16:20:00",
            "symbol": "TRX",
            "price": 0.1648424480189604,
            "volume_24h": 791268684.53,
            "market_cap": 14314305530.87744
        },
        {
            "timestamp": "2024-08-27 16:20:00",
            "symbol": "TRX",
            "price": 0.1624370116469307,
            "volume_24h": 665062146.77,
            "market_cap": 14102845346.239351
        },
        {
            "timestamp": "2024-08-28 16:20:00",
            "symbol": "TRX",
            "price": 0.1577672392751828,
            "volume_24h": 665059693.39,
            "market_cap": 13695475879.323484
        },
        {
            "timestamp": "2024-08-29 16:20:00",
            "symbol": "TRX",
            "price": 0.1605136415282009,
            "volume_24h": 461500295.57,
            "market_cap": 13932018079.88168
        },
        {
            "timestamp": "2024-08-30 16:20:00",
            "symbol": "TRX",
            "price": 0.1599610611912452,
            "volume_24h": 446548175.87,
            "market_cap": 13882306207.4919
        },
        {
            "timestamp": "2024-08-31 16:20:00",
            "symbol": "TRX",
            "price": 0.1571873662762236,
            "volume_24h": 371928887.02,
            "market_cap": 13640391985.078465
        },
        {
            "timestamp": "2024-09-01 16:20:00",
            "symbol": "TRX",
            "price": 0.1565527089955586,
            "volume_24h": 295784363.86,
            "market_cap": 13584317759.022774
        },
        {
            "timestamp": "2024-09-02 16:20:00",
            "symbol": "TRX",
            "price": 0.1556540691049756,
            "volume_24h": 355204128.46,
            "market_cap": 13505011459.577255
        },
        {
            "timestamp": "2024-09-03 16:20:00",
            "symbol": "TRX",
            "price": 0.1512233093632891,
            "volume_24h": 367955526.55,
            "market_cap": 13119477165.065617
        },
        {
            "timestamp": "2024-09-04 16:20:00",
            "symbol": "TRX",
            "price": 0.1496007081167134,
            "volume_24h": 437769902.51,
            "market_cap": 12977731977.923716
        },
        {
            "timestamp": "2024-09-05 16:20:00",
            "symbol": "TRX",
            "price": 0.1502096770689754,
            "volume_24h": 314309970.15,
            "market_cap": 13029603987.71992
        },
        {
            "timestamp": "2024-09-06 16:20:00",
            "symbol": "TRX",
            "price": 0.1480976165874814,
            "volume_24h": 315756757.87,
            "market_cap": 12845482828.399307
        },
        {
            "timestamp": "2024-09-07 16:20:00",
            "symbol": "TRX",
            "price": 0.1518617841587259,
            "volume_24h": 351689368.79,
            "market_cap": 13171109311.094658
        },
        {
            "timestamp": "2024-09-08 16:20:00",
            "symbol": "TRX",
            "price": 0.1527047706980374,
            "volume_24h": 306636218.77,
            "market_cap": 13243826839.889755
        },
        {
            "timestamp": "2024-09-09 16:20:00",
            "symbol": "TRX",
            "price": 0.1546988962280673,
            "volume_24h": 307755009.55,
            "market_cap": 13415975676.61573
        },
        {
            "timestamp": "2024-09-10 16:20:00",
            "symbol": "TRX",
            "price": 0.1523847062469273,
            "volume_24h": 314726748.99,
            "market_cap": 13214296591.027122
        },
        {
            "timestamp": "2024-09-11 16:20:00",
            "symbol": "TRX",
            "price": 0.152775097922734,
            "volume_24h": 289063301.56,
            "market_cap": 13247325135.645826
        },
        {
            "timestamp": "2024-09-12 16:20:00",
            "symbol": "TRX",
            "price": 0.152459489619407,
            "volume_24h": 279473753.66,
            "market_cap": 13219218210.384935
        },
        {
            "timestamp": "2024-09-13 16:20:00",
            "symbol": "TRX",
            "price": 0.148843992686005,
            "volume_24h": 275806887.74,
            "market_cap": 12905018497.054892
        },
        {
            "timestamp": "2024-09-14 16:20:00",
            "symbol": "TRX",
            "price": 0.1474407944626306,
            "volume_24h": 261485926.82,
            "market_cap": 12782852875.679008
        },
        {
            "timestamp": "2024-09-15 16:20:00",
            "symbol": "TRX",
            "price": 0.149305757661965,
            "volume_24h": 217565525.77,
            "market_cap": 12944156480.09894
        },
        {
            "timestamp": "2024-09-16 16:20:00",
            "symbol": "TRX",
            "price": 0.1483719920743647,
            "volume_24h": 310028540.34,
            "market_cap": 12862523505.27339
        },
        {
            "timestamp": "2024-09-17 16:20:00",
            "symbol": "TRX",
            "price": 0.1509137489303879,
            "volume_24h": 252367177.0,
            "market_cap": 13082184177.131985
        },
        {
            "timestamp": "2024-09-18 16:20:00",
            "symbol": "TRX",
            "price": 0.1497369471597781,
            "volume_24h": 244081142.49,
            "market_cap": 12979456030.603155
        },
        {
            "timestamp": "2024-09-19 16:20:00",
            "symbol": "TRX",
            "price": 0.151481480238813,
            "volume_24h": 324322605.96,
            "market_cap": 13130009769.497652
        },
        {
            "timestamp": "2024-09-20 16:20:00",
            "symbol": "TRX",
            "price": 0.1518580933350131,
            "volume_24h": 296279203.71,
            "market_cap": 13161744904.146734
        },
        {
            "timestamp": "2024-09-21 16:20:00",
            "symbol": "TRX",
            "price": 0.1523376331488087,
            "volume_24h": 193133900.65,
            "market_cap": 13202564962.685677
        },
        {
            "timestamp": "2024-09-22 16:20:00",
            "symbol": "TRX",
            "price": 0.1511364217737444,
            "volume_24h": 177114546.66,
            "market_cap": 13097993652.966
        },
        {
            "timestamp": "2024-09-23 16:20:00",
            "symbol": "TRX",
            "price": 0.1526524086370526,
            "volume_24h": 293108358.77,
            "market_cap": 13228393088.070438
        },
        {
            "timestamp": "2024-09-24 16:20:00",
            "symbol": "TRX",
            "price": 0.1516748023673116,
            "volume_24h": 229938826.16,
            "market_cap": 13142539038.822569
        },
        {
            "timestamp": "2024-09-25 16:20:00",
            "symbol": "TRX",
            "price": 0.1506466341854499,
            "volume_24h": 277991734.08,
            "market_cap": 13052420035.626831
        },
        {
            "timestamp": "2024-09-26 16:20:00",
            "symbol": "TRX",
            "price": 0.1530208350716815,
            "volume_24h": 282459293.68,
            "market_cap": 13256945953.479416
        },
        {
            "timestamp": "2024-09-27 16:20:00",
            "symbol": "TRX",
            "price": 0.1554141726506376,
            "volume_24h": 348940847.46,
            "market_cap": 13463180284.11364
        },
        {
            "timestamp": "2024-09-28 16:20:00",
            "symbol": "TRX",
            "price": 0.154888180488562,
            "volume_24h": 265552846.58,
            "market_cap": 13416969321.920143
        },
        {
            "timestamp": "2024-09-29 16:20:00",
            "symbol": "TRX",
            "price": 0.156945552700441,
            "volume_24h": 240254592.4,
            "market_cap": 13594791303.929731
        },
        {
            "timestamp": "2024-09-30 16:20:00",
            "symbol": "TRX",
            "price": 0.1562131882514126,
            "volume_24h": 351125592.4,
            "market_cap": 13530216512.876202
        },
        {
            "timestamp": "2024-10-01 16:20:00",
            "symbol": "TRX",
            "price": 0.1549255912081203,
            "volume_24h": 371051152.97,
            "market_cap": 13417539265.699057
        },
        {
            "timestamp": "2024-10-02 16:20:00",
            "symbol": "TRX",
            "price": 0.1550392180223883,
            "volume_24h": 421629228.32,
            "market_cap": 13426296976.454563
        },
        {
            "timestamp": "2024-10-03 16:20:00",
            "symbol": "TRX",
            "price": 0.1548801890235783,
            "volume_24h": 400286117.69,
            "market_cap": 13411723293.556004
        },
        {
            "timestamp": "2024-10-04 16:20:00",
            "symbol": "TRX",
            "price": 0.1570576761347578,
            "volume_24h": 345019001.75,
            "market_cap": 13599443691.34313
        },
        {
            "timestamp": "2024-10-05 16:20:00",
            "symbol": "TRX",
            "price": 0.153914891354545,
            "volume_24h": 217243334.1,
            "market_cap": 13326801656.520697
        },
        {
            "timestamp": "2024-10-06 16:20:00",
            "symbol": "TRX",
            "price": 0.154667297483216,
            "volume_24h": 184743766.53,
            "market_cap": 13391614314.764242
        },
        {
            "timestamp": "2024-10-07 16:20:00",
            "symbol": "TRX",
            "price": 0.1561417070318567,
            "volume_24h": 285842171.09,
            "market_cap": 13518482251.53354
        },
        {
            "timestamp": "2024-10-08 16:20:00",
            "symbol": "TRX",
            "price": 0.1577038411828617,
            "volume_24h": 318142758.16,
            "market_cap": 13652854135.210146
        },
        {
            "timestamp": "2024-10-09 16:20:00",
            "symbol": "TRX",
            "price": 0.1612277451612852,
            "volume_24h": 371126856.25,
            "market_cap": 13956980887.84356
        },
        {
            "timestamp": "2024-10-10 16:20:00",
            "symbol": "TRX",
            "price": 0.1595443098373187,
            "volume_24h": 317366876.17,
            "market_cap": 13810351070.28241
        },
        {
            "timestamp": "2024-10-11 16:20:00",
            "symbol": "TRX",
            "price": 0.1606050211647582,
            "volume_24h": 322204433.47,
            "market_cap": 13901434568.932615
        },
        {
            "timestamp": "2024-10-12 16:20:00",
            "symbol": "TRX",
            "price": 0.1632072523318728,
            "volume_24h": 358982399.85,
            "market_cap": 14126070188.1514
        },
        {
            "timestamp": "2024-10-13 16:20:00",
            "symbol": "TRX",
            "price": 0.1628813671312645,
            "volume_24h": 236640616.52,
            "market_cap": 14097583165.95527
        },
        {
            "timestamp": "2024-10-14 16:20:00",
            "symbol": "TRX",
            "price": 0.1600886922761374,
            "volume_24h": 386057057.88,
            "market_cap": 13855105452.87164
        },
        {
            "timestamp": "2024-10-15 16:20:00",
            "symbol": "TRX",
            "price": 0.1583858336030429,
            "volume_24h": 392099093.18,
            "market_cap": 13706641979.945255
        },
        {
            "timestamp": "2024-10-16 16:20:00",
            "symbol": "TRX",
            "price": 0.159601267255023,
            "volume_24h": 330959157.38,
            "market_cap": 13810700952.499763
        },
        {
            "timestamp": "2024-10-17 16:20:00",
            "symbol": "TRX",
            "price": 0.1598904929127169,
            "volume_24h": 263476123.47,
            "market_cap": 13834852329.447018
        },
        {
            "timestamp": "2024-10-18 16:20:00",
            "symbol": "TRX",
            "price": 0.1590584841291258,
            "volume_24h": 262927368.31,
            "market_cap": 13762067872.885302
        },
        {
            "timestamp": "2024-10-19 16:20:00",
            "symbol": "TRX",
            "price": 0.1575153181930221,
            "volume_24h": 236865136.59,
            "market_cap": 13628085600.108538
        },
        {
            "timestamp": "2024-10-20 16:20:00",
            "symbol": "TRX",
            "price": 0.1566266840319569,
            "volume_24h": 199077897.93,
            "market_cap": 13550801569.99688
        },
        {
            "timestamp": "2024-10-21 16:20:00",
            "symbol": "TRX",
            "price": 0.1580388755438335,
            "volume_24h": 313179868.53,
            "market_cap": 13672192328.002634
        },
        {
            "timestamp": "2024-10-22 16:20:00",
            "symbol": "TRX",
            "price": 0.1600438746300441,
            "volume_24h": 308849749.02,
            "market_cap": 13844802789.69933
        },
        {
            "timestamp": "2024-10-23 16:20:00",
            "symbol": "TRX",
            "price": 0.1597597021354631,
            "volume_24h": 271240819.96,
            "market_cap": 13819501638.55712
        },
        {
            "timestamp": "2024-10-24 16:20:00",
            "symbol": "TRX",
            "price": 0.1637334992180858,
            "volume_24h": 350896461.45,
            "market_cap": 14162239016.018791
        },
        {
            "timestamp": "2024-10-25 16:20:00",
            "symbol": "TRX",
            "price": 0.1658582181211273,
            "volume_24h": 384169730.18,
            "market_cap": 14345071361.72643
        },
        {
            "timestamp": "2024-10-26 16:20:00",
            "symbol": "TRX",
            "price": 0.163947139322728,
            "volume_24h": 479431354.54,
            "market_cap": 14179104654.05349
        },
        {
            "timestamp": "2024-10-27 16:20:00",
            "symbol": "TRX",
            "price": 0.165489669361089,
            "volume_24h": 253100765.12,
            "market_cap": 14312202259.786928
        },
        {
            "timestamp": "2024-10-28 16:20:00",
            "symbol": "TRX",
            "price": 0.1636280556984699,
            "volume_24h": 308896571.43,
            "market_cap": 14150501969.57629
        },
        {
            "timestamp": "2024-10-29 16:20:00",
            "symbol": "TRX",
            "price": 0.1653028654017833,
            "volume_24h": 381970561.12,
            "market_cap": 14294409350.721758
        },
        {
            "timestamp": "2024-10-30 16:20:00",
            "symbol": "TRX",
            "price": 0.1687749086316438,
            "volume_24h": 398322180.24,
            "market_cap": 14593772831.05704
        },
        {
            "timestamp": "2024-10-31 16:20:00",
            "symbol": "TRX",
            "price": 0.1684449623924708,
            "volume_24h": 377396443.87,
            "market_cap": 14564341474.076502
        },
        {
            "timestamp": "2024-11-01 16:20:00",
            "symbol": "TRX",
            "price": 0.1667567928228338,
            "volume_24h": 404655252.58,
            "market_cap": 14417409015.998377
        },
        {
            "timestamp": "2024-11-02 16:20:00",
            "symbol": "TRX",
            "price": 0.1662232342067074,
            "volume_24h": 269413527.63,
            "market_cap": 14370689786.45445
        },
        {
            "timestamp": "2024-11-03 16:20:00",
            "symbol": "TRX",
            "price": 0.1640216470197404,
            "volume_24h": 270167906.53,
            "market_cap": 14180010313.919586
        },
        {
            "timestamp": "2024-11-04 16:20:00",
            "symbol": "TRX",
            "price": 0.1641009140136594,
            "volume_24h": 329580300.56,
            "market_cap": 14186105003.849035
        },
        {
            "timestamp": "2024-11-05 16:20:00",
            "symbol": "TRX",
            "price": 0.1614887237555035,
            "volume_24h": 334817950.05,
            "market_cap": 13959322099.557058
        },
        {
            "timestamp": "2024-11-06 16:20:00",
            "symbol": "TRX",
            "price": 0.1635126181292424,
            "volume_24h": 558884289.34,
            "market_cap": 14133182671.722998
        },
        {
            "timestamp": "2024-11-07 16:20:00",
            "symbol": "TRX",
            "price": 0.1603863405356139,
            "volume_24h": 427408747.63,
            "market_cap": 13862056473.533735
        },
        {
            "timestamp": "2024-11-08 16:20:00",
            "symbol": "TRX",
            "price": 0.1616099254045975,
            "volume_24h": 347999225.23,
            "market_cap": 13966874359.011671
        },
        {
            "timestamp": "2024-11-09 16:20:00",
            "symbol": "TRX",
            "price": 0.1603720721971971,
            "volume_24h": 274636705.39,
            "market_cap": 13859281658.281773
        },
        {
            "timestamp": "2024-11-10 16:20:00",
            "symbol": "TRX",
            "price": 0.1659675343424113,
            "volume_24h": 534487299.07,
            "market_cap": 14342346191.355556
        },
        {
            "timestamp": "2024-11-11 16:20:00",
            "symbol": "TRX",
            "price": 0.1658906348719129,
            "volume_24h": 735661300.31,
            "market_cap": 14334653953.778036
        },
        {
            "timestamp": "2024-11-12 16:20:00",
            "symbol": "TRX",
            "price": 0.1783102317501111,
            "volume_24h": 1790896652.7,
            "market_cap": 15406390849.044777
        },
        {
            "timestamp": "2024-11-13 16:20:00",
            "symbol": "TRX",
            "price": 0.1812788839271474,
            "volume_24h": 1581959048.53,
            "market_cap": 15661736591.04883
        },
        {
            "timestamp": "2024-11-14 16:20:00",
            "symbol": "TRX",
            "price": 0.1782162405295695,
            "volume_24h": 1128922218.11,
            "market_cap": 15395977590.372375
        },
        {
            "timestamp": "2024-11-15 16:20:00",
            "symbol": "TRX",
            "price": 0.1845334259419095,
            "volume_24h": 1026098030.12,
            "market_cap": 15940514505.326405
        },
        {
            "timestamp": "2024-11-16 16:20:00",
            "symbol": "TRX",
            "price": 0.1996061727054123,
            "volume_24h": 1138422309.86,
            "market_cap": 17241753001.941856
        },
        {
            "timestamp": "2024-11-17 16:20:00",
            "symbol": "TRX",
            "price": 0.1964530062144009,
            "volume_24h": 801554997.91,
            "market_cap": 16968931883.954872
        },
        {
            "timestamp": "2024-11-18 16:20:00",
            "symbol": "TRX",
            "price": 0.2049241777549973,
            "volume_24h": 906392930.93,
            "market_cap": 17699569680.835014
        },
        {
            "timestamp": "2024-11-19 16:20:00",
            "symbol": "TRX",
            "price": 0.2022868225234645,
            "volume_24h": 854648726.45,
            "market_cap": 17470816330.79501
        },
        {
            "timestamp": "2024-11-20 16:20:00",
            "symbol": "TRX",
            "price": 0.197566246700288,
            "volume_24h": 695458437.09,
            "market_cap": 17061777720.452488
        },
        {
            "timestamp": "2024-11-21 16:20:00",
            "symbol": "TRX",
            "price": 0.198562423237241,
            "volume_24h": 932397254.11,
            "market_cap": 17146650551.047144
        },
        {
            "timestamp": "2024-11-22 16:20:00",
            "symbol": "TRX",
            "price": 0.2000655743060237,
            "volume_24h": 766976037.49,
            "market_cap": 17275380185.48661
        },
        {
            "timestamp": "2024-11-23 16:20:00",
            "symbol": "TRX",
            "price": 0.2159867214832502,
            "volume_24h": 1281810504.42,
            "market_cap": 18649346243.13121
        },
        {
            "timestamp": "2024-11-24 16:20:00",
            "symbol": "TRX",
            "price": 0.2032003848027178,
            "volume_24h": 1384647654.2,
            "market_cap": 17544824023.219868
        },
        {
            "timestamp": "2024-11-25 16:20:00",
            "symbol": "TRX",
            "price": 0.2000107365384125,
            "volume_24h": 1154922135.41,
            "market_cap": 17268382929.107304
        },
        {
            "timestamp": "2024-11-26 16:20:00",
            "symbol": "TRX",
            "price": 0.1914676483824974,
            "volume_24h": 1336179158.69,
            "market_cap": 16529538473.45135
        },
        {
            "timestamp": "2024-11-27 16:20:00",
            "symbol": "TRX",
            "price": 0.2017343789923328,
            "volume_24h": 954957495.18,
            "market_cap": 17414757905.722195
        },
        {
            "timestamp": "2024-11-28 16:20:00",
            "symbol": "TRX",
            "price": 0.2007140310787689,
            "volume_24h": 755373369.75,
            "market_cap": 17325684566.021343
        },
        {
            "timestamp": "2024-11-29 16:20:00",
            "symbol": "TRX",
            "price": 0.2051822220280813,
            "volume_24h": 607684733.0,
            "market_cap": 17710159711.99459
        },
        {
            "timestamp": "2024-11-30 16:20:00",
            "symbol": "TRX",
            "price": 0.2054284083487979,
            "volume_24h": 554541383.41,
            "market_cap": 17730556495.982372
        },
        {
            "timestamp": "2024-12-01 16:20:00",
            "symbol": "TRX",
            "price": 0.209070162778479,
            "volume_24h": 586426813.47,
            "market_cap": 18044140689.33058
        },
        {
            "timestamp": "2024-12-02 16:20:00",
            "symbol": "TRX",
            "price": 0.2138123275964466,
            "volume_24h": 1436060165.83,
            "market_cap": 18452017562.286705
        },
        {
            "timestamp": "2024-12-03 16:20:00",
            "symbol": "TRX",
            "price": 0.2732999339931811,
            "volume_24h": 4847987552.29,
            "market_cap": 23583782719.079456
        },
        {
            "timestamp": "2024-12-04 16:20:00",
            "symbol": "TRX",
            "price": 0.3515683976850889,
            "volume_24h": 12919496418.41,
            "market_cap": 30335460342.36898
        },
        {
            "timestamp": "2024-12-05 16:20:00",
            "symbol": "TRX",
            "price": 0.3312384909954486,
            "volume_24h": 6337155592.62,
            "market_cap": 28579217611.924408
        },
        {
            "timestamp": "2024-12-06 16:20:00",
            "symbol": "TRX",
            "price": 0.3184772624853553,
            "volume_24h": 2867163309.18,
            "market_cap": 27476480197.07156
        },
        {
            "timestamp": "2024-12-07 16:20:00",
            "symbol": "TRX",
            "price": 0.3217448255650971,
            "volume_24h": 1768224699.32,
            "market_cap": 27757388813.56772
        },
        {
            "timestamp": "2024-12-08 16:20:00",
            "symbol": "TRX",
            "price": 0.3174363016049923,
            "volume_24h": 1201713529.29,
            "market_cap": 27385131535.75268
        },
        {
            "timestamp": "2024-12-09 16:20:00",
            "symbol": "TRX",
            "price": 0.2945071566768591,
            "volume_24h": 1545205722.47,
            "market_cap": 25405800311.296837
        },
        {
            "timestamp": "2024-12-10 16:20:00",
            "symbol": "TRX",
            "price": 0.2574690018803414,
            "volume_24h": 2669538736.47,
            "market_cap": 22208981872.56013
        },
        {
            "timestamp": "2024-12-11 16:20:00",
            "symbol": "TRX",
            "price": 0.2865387370723467,
            "volume_24h": 2135559654.37,
            "market_cap": 24715096452.63829
        },
        {
            "timestamp": "2024-12-12 16:20:00",
            "symbol": "TRX",
            "price": 0.3026627220736293,
            "volume_24h": 2261222987.39,
            "market_cap": 26104629438.82547
        },
        {
            "timestamp": "2024-12-13 16:20:00",
            "symbol": "TRX",
            "price": 0.2867713471486532,
            "volume_24h": 1922522935.62,
            "market_cap": 24732890655.315693
        },
        {
            "timestamp": "2024-12-14 16:20:00",
            "symbol": "TRX",
            "price": 0.281123376220776,
            "volume_24h": 1064275785.07,
            "market_cap": 24245195182.1911
        },
        {
            "timestamp": "2024-12-15 16:20:00",
            "symbol": "TRX",
            "price": 0.2850959967619227,
            "volume_24h": 837259709.68,
            "market_cap": 24587397770.237724
        },
        {
            "timestamp": "2024-12-16 16:20:00",
            "symbol": "TRX",
            "price": 0.2876259251637436,
            "volume_24h": 1164342208.24,
            "market_cap": 24804412798.920937
        },
        {
            "timestamp": "2024-12-17 16:20:00",
            "symbol": "TRX",
            "price": 0.2858457476958004,
            "volume_24h": 2534415737.78,
            "market_cap": 24649597516.34724
        },
        {
            "timestamp": "2024-12-18 16:20:00",
            "symbol": "TRX",
            "price": 0.2720085541861683,
            "volume_24h": 1335420738.83,
            "market_cap": 23455318702.405025
        },
        {
            "timestamp": "2024-12-19 16:20:00",
            "symbol": "TRX",
            "price": 0.2599585384651454,
            "volume_24h": 1952854835.93,
            "market_cap": 22415082939.25085
        },
        {
            "timestamp": "2024-12-20 16:20:00",
            "symbol": "TRX",
            "price": 0.2436242907676017,
            "volume_24h": 2618265233.66,
            "market_cap": 21005390245.839306
        },
        {
            "timestamp": "2024-12-21 16:20:00",
            "symbol": "TRX",
            "price": 0.2456439617473746,
            "volume_24h": 1279269800.93,
            "market_cap": 21178935122.451904
        },
        {
            "timestamp": "2024-12-22 16:20:00",
            "symbol": "TRX",
            "price": 0.2458051000487406,
            "volume_24h": 1170388306.56,
            "market_cap": 21192584195.24285
        },
        {
            "timestamp": "2024-12-23 16:20:00",
            "symbol": "TRX",
            "price": 0.24774681047849,
            "volume_24h": 1227404209.44,
            "market_cap": 21359267305.653225
        },
        {
            "timestamp": "2024-12-24 16:20:00",
            "symbol": "TRX",
            "price": 0.2587650421300397,
            "volume_24h": 962264501.95,
            "market_cap": 22308330817.94876
        },
        {
            "timestamp": "2024-12-25 16:20:00",
            "symbol": "TRX",
            "price": 0.2565330927295516,
            "volume_24h": 769862942.42,
            "market_cap": 22115418685.9451
        },
        {
            "timestamp": "2024-12-26 16:20:00",
            "symbol": "TRX",
            "price": 0.2522477615193971,
            "volume_24h": 852990638.05,
            "market_cap": 21745488183.875645
        },
        {
            "timestamp": "2024-12-27 16:20:00",
            "symbol": "TRX",
            "price": 0.2578578700698307,
            "volume_24h": 1297353312.3,
            "market_cap": 22228411595.177334
        },
        {
            "timestamp": "2024-12-28 16:20:00",
            "symbol": "TRX",
            "price": 0.2565039496784462,
            "volume_24h": 747580420.77,
            "market_cap": 22111382261.54697
        },
        {
            "timestamp": "2024-12-29 16:20:00",
            "symbol": "TRX",
            "price": 0.2601463245714427,
            "volume_24h": 644191306.0,
            "market_cap": 22425154109.822
        },
        {
            "timestamp": "2024-12-30 16:20:00",
            "symbol": "TRX",
            "price": 0.2505846466753459,
            "volume_24h": 844823566.47,
            "market_cap": 21600251326.34445
        },
        {
            "timestamp": "2024-12-31 16:20:00",
            "symbol": "TRX",
            "price": 0.2563549656957743,
            "volume_24h": 775083996.32,
            "market_cap": 22096968669.447582
        },
        {
            "timestamp": "2025-01-01 16:20:00",
            "symbol": "TRX",
            "price": 0.2540046568139549,
            "volume_24h": 442023334.9,
            "market_cap": 21894390715.861137
        },
        {
            "timestamp": "2025-01-02 16:20:00",
            "symbol": "TRX",
            "price": 0.2639585445652185,
            "volume_24h": 809404591.15,
            "market_cap": 22752047993.9427
        },
        {
            "timestamp": "2025-01-03 16:20:00",
            "symbol": "TRX",
            "price": 0.2690730048845942,
            "volume_24h": 908386385.55,
            "market_cap": 23192379960.3427
        },
        {
            "timestamp": "2025-01-04 16:20:00",
            "symbol": "TRX",
            "price": 0.2707872532145738,
            "volume_24h": 834209780.18,
            "market_cap": 23339822565.14602
        },
        {
            "timestamp": "2025-01-05 16:20:00",
            "symbol": "TRX",
            "price": 0.2627341861469736,
            "volume_24h": 691813338.83,
            "market_cap": 22645518695.839725
        },
        {
            "timestamp": "2025-01-06 16:20:00",
            "symbol": "TRX",
            "price": 0.2689941112545523,
            "volume_24h": 799804734.6,
            "market_cap": 23184421729.26354
        },
        {
            "timestamp": "2025-01-07 16:20:00",
            "symbol": "TRX",
            "price": 0.2581004023492796,
            "volume_24h": 1017806548.41,
            "market_cap": 22244688055.26294
        },
        {
            "timestamp": "2025-01-08 16:20:00",
            "symbol": "TRX",
            "price": 0.2517257250647436,
            "volume_24h": 1188671673.06,
            "market_cap": 21694544869.446728
        },
        {
            "timestamp": "2025-01-09 16:20:00",
            "symbol": "TRX",
            "price": 0.2452496347512447,
            "volume_24h": 1235300203.97,
            "market_cap": 21135691779.874783
        },
        {
            "timestamp": "2025-01-10 16:20:00",
            "symbol": "TRX",
            "price": 0.2401410438771913,
            "volume_24h": 976935902.17,
            "market_cap": 20694634447.62925
        },
        {
            "timestamp": "2025-01-11 16:20:00",
            "symbol": "TRX",
            "price": 0.2415681816142592,
            "volume_24h": 509206100.05,
            "market_cap": 20817212239.65904
        },
        {
            "timestamp": "2025-01-12 16:20:00",
            "symbol": "TRX",
            "price": 0.2372210089612436,
            "volume_24h": 478932066.56,
            "market_cap": 20442457060.531425
        },
        {
            "timestamp": "2025-01-13 16:20:00",
            "symbol": "TRX",
            "price": 0.2201866356157353,
            "volume_24h": 1069119047.17,
            "market_cap": 18973869902.06763
        },
        {
            "timestamp": "2025-01-14 16:20:00",
            "symbol": "TRX",
            "price": 0.2229209457678216,
            "volume_24h": 728406560.01,
            "market_cap": 19208749878.0541
        },
        {
            "timestamp": "2025-01-15 16:20:00",
            "symbol": "TRX",
            "price": 0.2332320354355229,
            "volume_24h": 753097836.23,
            "market_cap": 20096368375.723648
        },
        {
            "timestamp": "2025-01-16 16:20:00",
            "symbol": "TRX",
            "price": 0.2389727959291601,
            "volume_24h": 1024115537.43,
            "market_cap": 20590183465.19081
        },
        {
            "timestamp": "2025-01-17 16:20:00",
            "symbol": "TRX",
            "price": 0.2478083757876736,
            "volume_24h": 759071881.57,
            "market_cap": 21350689924.3848
        },
        {
            "timestamp": "2025-01-18 16:20:00",
            "symbol": "TRX",
            "price": 0.2421640177798074,
            "volume_24h": 1487830380.19,
            "market_cap": 20863856022.040035
        },
        {
            "timestamp": "2025-01-19 16:20:00",
            "symbol": "TRX",
            "price": 0.2408971412397217,
            "volume_24h": 1287268932.78,
            "market_cap": 20754100041.371483
        },
        {
            "timestamp": "2025-01-20 16:20:00",
            "symbol": "TRX",
            "price": 0.2426715668375397,
            "volume_24h": 2259670542.98,
            "market_cap": 20905604345.79565
        },
        {
            "timestamp": "2025-01-21 16:20:00",
            "symbol": "TRX",
            "price": 0.2421910682869177,
            "volume_24h": 1304038490.8,
            "market_cap": 20863285591.60807
        },
        {
            "timestamp": "2025-01-22 16:20:00",
            "symbol": "TRX",
            "price": 0.2552833982625443,
            "volume_24h": 1087903891.39,
            "market_cap": 21990360772.400444
        },
        {
            "timestamp": "2025-01-23 16:20:00",
            "symbol": "TRX",
            "price": 0.2512549742341731,
            "volume_24h": 996254507.47,
            "market_cap": 21642684870.99596
        },
        {
            "timestamp": "2025-01-24 16:20:00",
            "symbol": "TRX",
            "price": 0.2580406937911139,
            "volume_24h": 1011912147.55,
            "market_cap": 22226530377.52797
        },
        {
            "timestamp": "2025-01-25 16:20:00",
            "symbol": "TRX",
            "price": 0.2552981126096774,
            "volume_24h": 545537999.78,
            "market_cap": 21990001355.21612
        },
        {
            "timestamp": "2025-01-26 16:20:00",
            "symbol": "TRX",
            "price": 0.2511268206784828,
            "volume_24h": 391764578.11,
            "market_cap": 21630659750.25629
        },
        {
            "timestamp": "2025-01-27 16:20:00",
            "symbol": "TRX",
            "price": 0.2445445517925165,
            "volume_24h": 1014914577.13,
            "market_cap": 21063073380.01325
        },
        {
            "timestamp": "2025-01-28 16:20:00",
            "symbol": "TRX",
            "price": 0.2454819175724842,
            "volume_24h": 619476072.25,
            "market_cap": 21143343866.39031
        },
        {
            "timestamp": "2025-01-29 16:20:00",
            "symbol": "TRX",
            "price": 0.2371863692914446,
            "volume_24h": 495180091.12,
            "market_cap": 20428632431.4129
        },
        {
            "timestamp": "2025-01-30 16:20:00",
            "symbol": "TRX",
            "price": 0.2508086085100651,
            "volume_24h": 680088380.15,
            "market_cap": 21601579703.691666
        },
        {
            "timestamp": "2025-01-31 16:20:00",
            "symbol": "TRX",
            "price": 0.2573946605457232,
            "volume_24h": 619699167.94,
            "market_cap": 22168376054.998173
        },
        {
            "timestamp": "2025-02-01 16:20:00",
            "symbol": "TRX",
            "price": 0.2535280438375761,
            "volume_24h": 566060615.99,
            "market_cap": 21835085749.830387
        },
        {
            "timestamp": "2025-02-02 16:20:00",
            "symbol": "TRX",
            "price": 0.2377912884446787,
            "volume_24h": 726139447.2,
            "market_cap": 20479675634.343044
        },
        {
            "timestamp": "2025-02-03 16:20:00",
            "symbol": "TRX",
            "price": 0.2257220906571752,
            "volume_24h": 2322181337.56,
            "market_cap": 19439319526.85422
        },
        {
            "timestamp": "2025-02-04 16:20:00",
            "symbol": "TRX",
            "price": 0.2245549383852866,
            "volume_24h": 1244464958.26,
            "market_cap": 19338124310.830734
        },
        {
            "timestamp": "2025-02-05 16:20:00",
            "symbol": "TRX",
            "price": 0.2239308217355667,
            "volume_24h": 807828173.74,
            "market_cap": 19283804159.53185
        },
        {
            "timestamp": "2025-02-06 16:20:00",
            "symbol": "TRX",
            "price": 0.2278604316476549,
            "volume_24h": 763863005.83,
            "market_cap": 19621618873.299477
        },
        {
            "timestamp": "2025-02-07 16:20:00",
            "symbol": "TRX",
            "price": 0.2319746195279275,
            "volume_24h": 706066435.89,
            "market_cap": 19975304834.176228
        },
        {
            "timestamp": "2025-02-08 16:20:00",
            "symbol": "TRX",
            "price": 0.230197584364069,
            "volume_24h": 569622140.54,
            "market_cap": 19822033784.745632
        },
        {
            "timestamp": "2025-02-09 16:20:00",
            "symbol": "TRX",
            "price": 0.236937972358858,
            "volume_24h": 386284367.24,
            "market_cap": 20402351118.26234
        },
        {
            "timestamp": "2025-02-10 16:20:00",
            "symbol": "TRX",
            "price": 0.2399530484963763,
            "volume_24h": 639109688.28,
            "market_cap": 20661391026.315773
        },
        {
            "timestamp": "2025-02-11 16:20:00",
            "symbol": "TRX",
            "price": 0.2453479583942404,
            "volume_24h": 621566445.93,
            "market_cap": 21125271384.3294
        },
        {
            "timestamp": "2025-02-12 16:20:00",
            "symbol": "TRX",
            "price": 0.2430691120589561,
            "volume_24h": 681917591.73,
            "market_cap": 20928474994.81588
        },
        {
            "timestamp": "2025-02-13 16:20:00",
            "symbol": "TRX",
            "price": 0.2355105877671544,
            "volume_24h": 593210958.58,
            "market_cap": 20277232448.643124
        },
        {
            "timestamp": "2025-02-14 16:20:00",
            "symbol": "TRX",
            "price": 0.2316334515056473,
            "volume_24h": 474371276.2,
            "market_cap": 19942885431.34405
        },
        {
            "timestamp": "2025-02-15 16:20:00",
            "symbol": "TRX",
            "price": 0.2362131988597919,
            "volume_24h": 460881860.9,
            "market_cap": 20336885815.75136
        },
        {
            "timestamp": "2025-02-16 16:20:00",
            "symbol": "TRX",
            "price": 0.2424875098900334,
            "volume_24h": 403937851.06,
            "market_cap": 20877110404.570217
        },
        {
            "timestamp": "2025-02-17 16:20:00",
            "symbol": "TRX",
            "price": 0.2418761518831156,
            "volume_24h": 640704099.57,
            "market_cap": 20824012968.831085
        },
        {
            "timestamp": "2025-02-18 16:20:00",
            "symbol": "TRX",
            "price": 0.2332587824353155,
            "volume_24h": 597861702.93,
            "market_cap": 20081565062.207
        },
        {
            "timestamp": "2025-02-19 16:20:00",
            "symbol": "TRX",
            "price": 0.2429371732838707,
            "volume_24h": 535117605.62,
            "market_cap": 20914265960.37926
        },
        {
            "timestamp": "2025-02-20 16:20:00",
            "symbol": "TRX",
            "price": 0.2424935385448894,
            "volume_24h": 401463918.89,
            "market_cap": 20875405744.40494
        },
        {
            "timestamp": "2025-02-21 16:20:00",
            "symbol": "TRX",
            "price": 0.2448211881564317,
            "volume_24h": 569327641.91,
            "market_cap": 21075238543.72943
        },
        {
            "timestamp": "2025-02-22 16:20:00",
            "symbol": "TRX",
            "price": 0.2362571802638808,
            "volume_24h": 534999635.81,
            "market_cap": 20337762930.031773
        },
        {
            "timestamp": "2025-02-23 16:20:00",
            "symbol": "TRX",
            "price": 0.2437336330041569,
            "volume_24h": 432193781.61,
            "market_cap": 20981446232.362022
        },
        {
            "timestamp": "2025-02-24 16:20:00",
            "symbol": "TRX",
            "price": 0.2469413969867913,
            "volume_24h": 676933733.14,
            "market_cap": 21257111118.19279
        },
        {
            "timestamp": "2025-02-25 16:20:00",
            "symbol": "TRX",
            "price": 0.2269296141902261,
            "volume_24h": 1480712404.11,
            "market_cap": 19533614402.227825
        },
        {
            "timestamp": "2025-02-26 16:20:00",
            "symbol": "TRX",
            "price": 0.2288904415186937,
            "volume_24h": 821874246.31,
            "market_cap": 19701998144.966743
        },
        {
            "timestamp": "2025-02-27 16:20:00",
            "symbol": "TRX",
            "price": 0.2280849309853931,
            "volume_24h": 770926742.65,
            "market_cap": 19631654524.05403
        },
        {
            "timestamp": "2025-02-28 16:20:00",
            "symbol": "TRX",
            "price": 0.2284833811604659,
            "volume_24h": 982720234.4,
            "market_cap": 19664988766.847767
        },
        {
            "timestamp": "2025-03-01 16:20:00",
            "symbol": "TRX",
            "price": 0.2312780805163788,
            "volume_24h": 530112535.13,
            "market_cap": 19905111496.69481
        },
        {
            "timestamp": "2025-03-02 16:20:00",
            "symbol": "TRX",
            "price": 0.2395910153605133,
            "volume_24h": 416092877.3,
            "market_cap": 20620467648.48391
        },
        {
            "timestamp": "2025-03-03 16:20:00",
            "symbol": "TRX",
            "price": 0.2418996673167923,
            "volume_24h": 863005934.55,
            "market_cap": 20818368767.444115
        },
        {
            "timestamp": "2025-03-04 16:20:00",
            "symbol": "TRX",
            "price": 0.2359914545228982,
            "volume_24h": 1102454870.53,
            "market_cap": 20308984613.478096
        },
        {
            "timestamp": "2025-03-05 16:20:00",
            "symbol": "TRX",
            "price": 0.2436320492638185,
            "volume_24h": 734937960.08,
            "market_cap": 20965677102.983776
        },
        {
            "timestamp": "2025-03-06 16:20:00",
            "symbol": "TRX",
            "price": 0.2415921602721513,
            "volume_24h": 548706298.44,
            "market_cap": 20789392927.873634
        },
        {
            "timestamp": "2025-03-07 16:20:00",
            "symbol": "TRX",
            "price": 0.2450786496062633,
            "volume_24h": 664101316.53,
            "market_cap": 21088596071.062733
        },
        {
            "timestamp": "2025-03-08 16:20:00",
            "symbol": "TRX",
            "price": 0.2458250379054209,
            "volume_24h": 746953836.65,
            "market_cap": 21152449500.47658
        },
        {
            "timestamp": "2025-03-09 16:20:00",
            "symbol": "TRX",
            "price": 0.2415696334711142,
            "volume_24h": 427396255.21,
            "market_cap": 22959790757.571625
        },
        {
            "timestamp": "2025-03-10 16:20:00",
            "symbol": "TRX",
            "price": 0.233999644246362,
            "volume_24h": 875578893.51,
            "market_cap": 22239599458.82131
        },
        {
            "timestamp": "2025-03-11 16:20:00",
            "symbol": "TRX",
            "price": 0.2236948626055168,
            "volume_24h": 947742864.53,
            "market_cap": 21259316796.64361
        },
        {
            "timestamp": "2025-03-12 16:20:00",
            "symbol": "TRX",
            "price": 0.2218294391715256,
            "volume_24h": 819284951.23,
            "market_cap": 21081223058.89612
        },
        {
            "timestamp": "2025-03-13 16:20:00",
            "symbol": "TRX",
            "price": 0.2255176801338743,
            "volume_24h": 607634622.37,
            "market_cap": 21431095574.902603
        },
        {
            "timestamp": "2025-03-14 16:20:00",
            "symbol": "TRX",
            "price": 0.2222158883715787,
            "volume_24h": 603886898.06,
            "market_cap": 21116735725.37224
        },
        {
            "timestamp": "2025-03-15 16:20:00",
            "symbol": "TRX",
            "price": 0.2227402314539381,
            "volume_24h": 535430606.42,
            "market_cap": 21166291025.862427
        },
        {
            "timestamp": "2025-03-16 16:20:00",
            "symbol": "TRX",
            "price": 0.216862074550158,
            "volume_24h": 558770845.5,
            "market_cap": 20607679746.25185
        },
        {
            "timestamp": "2025-03-17 16:20:00",
            "symbol": "TRX",
            "price": 0.2198998423088661,
            "volume_24h": 644285072.32,
            "market_cap": 20895842260.001877
        },
        {
            "timestamp": "2025-03-18 16:20:00",
            "symbol": "TRX",
            "price": 0.2237513380825778,
            "volume_24h": 698054578.55,
            "market_cap": 21261211898.006687
        },
        {
            "timestamp": "2025-03-19 16:20:00",
            "symbol": "TRX",
            "price": 0.2303169221196717,
            "volume_24h": 1277537138.73,
            "market_cap": 21884026567.255463
        },
        {
            "timestamp": "2025-03-20 16:20:00",
            "symbol": "TRX",
            "price": 0.2309901822075035,
            "volume_24h": 691045170.2,
            "market_cap": 21947245356.34125
        },
        {
            "timestamp": "2025-03-21 16:20:00",
            "symbol": "TRX",
            "price": 0.2358932143054294,
            "volume_24h": 604159931.79,
            "market_cap": 22412405293.752937
        },
        {
            "timestamp": "2025-03-22 16:20:00",
            "symbol": "TRX",
            "price": 0.2342046154288153,
            "volume_24h": 419383013.33,
            "market_cap": 22251749421.467934
        },
        {
            "timestamp": "2025-03-23 16:20:00",
            "symbol": "TRX",
            "price": 0.2315468362528444,
            "volume_24h": 524274551.26,
            "market_cap": 21999233011.94589
        },
        {
            "timestamp": "2025-03-24 16:20:00",
            "symbol": "TRX",
            "price": 0.2298840759118199,
            "volume_24h": 625774464.8,
            "market_cap": 21840669674.11038
        },
        {
            "timestamp": "2025-03-25 16:20:00",
            "symbol": "TRX",
            "price": 0.2274775732905643,
            "volume_24h": 381292352.18,
            "market_cap": 21611355920.39226
        },
        {
            "timestamp": "2025-03-26 16:20:00",
            "symbol": "TRX",
            "price": 0.2291757672419877,
            "volume_24h": 407198417.91,
            "market_cap": 21772073434.152203
        },
        {
            "timestamp": "2025-03-27 16:20:00",
            "symbol": "TRX",
            "price": 0.2330198081867142,
            "volume_24h": 497372479.44,
            "market_cap": 22136544207.01923
        },
        {
            "timestamp": "2025-03-28 16:20:00",
            "symbol": "TRX",
            "price": 0.2319710882411096,
            "volume_24h": 483466109.12,
            "market_cap": 22036207537.143555
        },
        {
            "timestamp": "2025-03-29 16:20:00",
            "symbol": "TRX",
            "price": 0.2353403355085029,
            "volume_24h": 456637319.63,
            "market_cap": 22356007121.41623
        },
        {
            "timestamp": "2025-03-30 16:20:00",
            "symbol": "TRX",
            "price": 0.231002846581724,
            "volume_24h": 423136807.98,
            "market_cap": 21943979152.87914
        },
        {
            "timestamp": "2025-03-31 16:20:00",
            "symbol": "TRX",
            "price": 0.2371780884527163,
            "volume_24h": 478038135.32,
            "market_cap": 22530052754.96297
        },
        {
            "timestamp": "2025-04-01 16:20:00",
            "symbol": "TRX",
            "price": 0.2358733683437887,
            "volume_24h": 485124026.06,
            "market_cap": 22405407286.667454
        },
        {
            "timestamp": "2025-04-02 16:20:00",
            "symbol": "TRX",
            "price": 0.2378054375747192,
            "volume_24h": 559286749.81,
            "market_cap": 22588211957.17787
        },
        {
            "timestamp": "2025-04-03 16:20:00",
            "symbol": "TRX",
            "price": 0.2344331833246809,
            "volume_24h": 598168076.58,
            "market_cap": 22267186985.64036
        },
        {
            "timestamp": "2025-04-04 16:20:00",
            "symbol": "TRX",
            "price": 0.2399700570645649,
            "volume_24h": 520311275.99,
            "market_cap": 22792465309.68505
        },
        {
            "timestamp": "2025-04-05 16:20:00",
            "symbol": "TRX",
            "price": 0.2376742842204166,
            "volume_24h": 330251754.49,
            "market_cap": 22574196695.048466
        },
        {
            "timestamp": "2025-04-06 16:20:00",
            "symbol": "TRX",
            "price": 0.2391031963828735,
            "volume_24h": 303614374.0,
            "market_cap": 22709964479.74416
        },
        {
            "timestamp": "2025-04-07 16:20:00",
            "symbol": "TRX",
            "price": 0.2273194058396616,
            "volume_24h": 1087922892.64,
            "market_cap": 21589791194.76989
        },
        {
            "timestamp": "2025-04-08 16:20:00",
            "symbol": "TRX",
            "price": 0.2339846174751234,
            "volume_24h": 591441422.44,
            "market_cap": 22222059300.59688
        },
        {
            "timestamp": "2025-04-09 16:20:00",
            "symbol": "TRX",
            "price": 0.230586030065165,
            "volume_24h": 739155923.01,
            "market_cap": 21898507186.66524
        },
        {
            "timestamp": "2025-04-10 16:20:00",
            "symbol": "TRX",
            "price": 0.2351168030886379,
            "volume_24h": 889532428.29,
            "market_cap": 22327982040.160965
        },
        {
            "timestamp": "2025-04-11 16:20:00",
            "symbol": "TRX",
            "price": 0.2401651223702059,
            "volume_24h": 502114947.93,
            "market_cap": 22806682583.01964
        },
        {
            "timestamp": "2025-04-12 16:20:00",
            "symbol": "TRX",
            "price": 0.2500512314732748,
            "volume_24h": 576338553.58,
            "market_cap": 23745273885.98348
        },
        {
            "timestamp": "2025-04-13 16:20:00",
            "symbol": "TRX",
            "price": 0.2519014569292366,
            "volume_24h": 502588495.7,
            "market_cap": 23921020250.599407
        },
        {
            "timestamp": "2025-04-14 16:20:00",
            "symbol": "TRX",
            "price": 0.2529755676821166,
            "volume_24h": 804568229.21,
            "market_cap": 24022560177.09968
        },
        {
            "timestamp": "2025-04-15 16:20:00",
            "symbol": "TRX",
            "price": 0.2479695991136258,
            "volume_24h": 571209023.46,
            "market_cap": 23546285763.716957
        },
        {
            "timestamp": "2025-04-16 16:20:00",
            "symbol": "TRX",
            "price": 0.2547713222202354,
            "volume_24h": 575501783.16,
            "market_cap": 24191443690.096848
        },
        {
            "timestamp": "2025-04-17 16:20:00",
            "symbol": "TRX",
            "price": 0.2494261117172989,
            "volume_24h": 725634933.67,
            "market_cap": 23683242532.2236
        },
        {
            "timestamp": "2025-04-18 16:20:00",
            "symbol": "TRX",
            "price": 0.2423286029373888,
            "volume_24h": 466857332.07,
            "market_cap": 23008920092.07926
        },
        {
            "timestamp": "2025-04-19 16:20:00",
            "symbol": "TRX",
            "price": 0.2410254412024371,
            "volume_24h": 408543829.57,
            "market_cap": 22885119092.91396
        },
        {
            "timestamp": "2025-04-20 16:20:00",
            "symbol": "TRX",
            "price": 0.2447574534973345,
            "volume_24h": 403349816.24,
            "market_cap": 23239525186.58332
        },
        {
            "timestamp": "2025-04-21 16:20:00",
            "symbol": "TRX",
            "price": 0.2437157215087372,
            "volume_24h": 544082508.37,
            "market_cap": 23140225904.37004
        },
        {
            "timestamp": "2025-04-22 16:20:00",
            "symbol": "TRX",
            "price": 0.2464525983881198,
            "volume_24h": 655859167.39,
            "market_cap": 23399392790.16136
        },
        {
            "timestamp": "2025-04-23 16:20:00",
            "symbol": "TRX",
            "price": 0.2448412533050629,
            "volume_24h": 758367282.15,
            "market_cap": 23245741635.06511
        }
    ],
    "investment_thesis": "TRX represents a moderate opportunity with a balanced risk-reward profile (score: 61.2/100). Technical indicators are moderately positive (79.0/100), suggesting potential for price appreciation. Fundamentals remain relatively strong (62.0/100), supporting a stable market position. Negative sentiment trends (28.0/100) suggest monitoring closely for changes. Chart analysis reveals a double bottom pattern, supporting a bullish outlook. Chart analysis reveals a double top pattern, suggesting potential downside risk. This analysis is set against a broader market that is currently in a strong bullish trend with sentiment showing greed. The current recommendation for TRX is Hold, suggesting investors maintain existing positions while monitoring for changes in market conditions.",
    "risk_assessment": "TRX is classified as a moderate risk investment. With a market cap of $23.31B and global rank of #4, it balances growth potential with reasonable stability. Annualized volatility of 38.1% indicates moderate price fluctuations. Daily trading volume of $757.75M and liquidity ratio of 0.033 suggest adequate liquidity for most trading activities. Investors should be aware of risks including increased competition, potential regulatory impacts, and higher sensitivity to market sentiment. The current bullish market environment potentially reduces short-term downside risk, though caution is warranted for any sudden sentiment changes. High Bitcoin dominance (63.5%) may limit altcoin performance in the near term.",
    "analysis_time": "2025-04-23 20:16:22"
}