{
    "symbol": "XRP",
    "name": "XRP",
    "price_usd": 2.2126977162949024,
    "market_cap_usd": 129208641277.9729,
    "volume_24h_usd": 5786652529.500299,
    "percent_change_24h": 2.70908378,
    "percent_change_7d": 6.39936004,
    "technical_score": 60,
    "fundamental_score": 65,
    "sentiment_score": 40,
    "total_score": 56.5,
    "technical_weight": 0.45,
    "fundamental_weight": 0.3,
    "sentiment_weight": 0.25,
    "risk_profile": "Conservative",
    "market_opportunity": "Moderate",
    "recommendation": "Hold",
    "rank": 8,
    "technical_data": {
        "symbol": "XRP",
        "price": 2.2216363262466685,
        "ma_7": 2.1081635920046877,
        "ma_30": 2.112165658584306,
        "ma_90": 2.3950954829527067,
        "ma_200": 1.9643496745168392,
        "rsi_14": 78.87286030031889,
        "macd": -0.015999220211683873,
        "macd_signal": -0.04222479913867035,
        "bb_upper": 2.273756267295645,
        "bb_middle": 2.0632858395527194,
        "bb_lower": 1.8528154118097937,
        "bb_width": 0.20401480367698496,
        "roc_7": 5.888598013182578,
        "roc_30": -9.676861539278015,
        "obv": -39698871780.56007,
        "tenkan_sen": 2.137629158661598,
        "kijun_sen": 2.0319433830246143,
        "adx": 16.84364094049777,
        "stoch_k": 99.61332581777097,
        "stoch_d": 93.35102133206844,
        "mfi": 70.98871733435783,
        "psar": 1.8764931540667524,
        "technical_score": 60,
        "score_components": {
            "trend_score": 14,
            "momentum_score": 6,
            "volatility_score": 7,
            "support_resistance_score": 6,
            "volume_score": 10,
            "ichimoku_score": 5,
            "obv_score": 5,
            "adx_score": 1,
            "psar_score": 5,
            "ma_cross_score": 1
        }
    },
    "fundamental_data": {
        "symbol": "XRP",
        "market_cap_usd": 129208641277.9729,
        "volume_24h_usd": 5786652529.500299,
        "volume_mcap_ratio": 0.04478533689593709,
        "market_share": 4.80840053064284,
        "cmc_rank": 4,
        "price_change_30d": -10.51526996,
        "fundamental_score": 65,
        "score_components": {
            "market_cap_score": 25,
            "volume_mcap_score": 5,
            "rank_score": 14,
            "stability_score": 12,
            "growth_score": 2,
            "market_position_score": 7
        }
    },
    "sentiment_data": {
        "symbol": "XRP",
        "price_change_1h": -1.5764271,
        "price_change_24h": 2.70908378,
        "price_change_7d": 6.39936004,
        "market_avg_change_24h": 3.7310203413333327,
        "market_avg_change_7d": 11.602763898000001,
        "relative_performance_24h": -1.0219365613333329,
        "relative_performance_7d": -5.203403858000001,
        "fear_greed_value": 72,
        "fear_greed_classification": "Greed",
        "market_trend": "Strong Bullish",
        "sentiment_score": 40,
        "score_components": {
            "momentum_score": 16,
            "market_sentiment_score": 10,
            "relative_score": 7,
            "alignment_score": 7
        }
    },
    "pattern_data": {
        "head_and_shoulders": false,
        "inverse_head_and_shoulders": true,
        "double_top": true,
        "double_bottom": true,
        "ascending_triangle": false,
        "descending_triangle": false,
        "symmetric_triangle": false,
        "bullish_flag": false,
        "bearish_flag": false,
        "pattern_strength": 4
    },
    "divergence_data": {
        "bearish_divergence": false,
        "bullish_divergence": false,
        "bearish_divergence_strength": 0,
        "bullish_divergence_strength": 0,
        "rsi_divergences": [],
        "macd_divergences": []
    },
    "historical_data": [
        {
            "timestamp": "2024-04-29 16:20:00",
            "symbol": "XRP",
            "price": 0.5127326893775683,
            "volume_24h": 1093538210.95,
            "market_cap": 28321258307.829014
        },
        {
            "timestamp": "2024-04-30 16:20:00",
            "symbol": "XRP",
            "price": 0.4923070542293551,
            "volume_24h": 1206521410.78,
            "market_cap": 27193029698.42192
        },
        {
            "timestamp": "2024-05-01 16:20:00",
            "symbol": "XRP",
            "price": 0.5001721592253262,
            "volume_24h": 1532507131.78,
            "market_cap": 27627465955.020844
        },
        {
            "timestamp": "2024-05-02 16:20:00",
            "symbol": "XRP",
            "price": 0.5191926369858607,
            "volume_24h": 1415995148.91,
            "market_cap": 28742076786.86528
        },
        {
            "timestamp": "2024-05-03 16:20:00",
            "symbol": "XRP",
            "price": 0.5261926137120461,
            "volume_24h": 1117355913.57,
            "market_cap": 29064729519.58916
        },
        {
            "timestamp": "2024-05-04 16:20:00",
            "symbol": "XRP",
            "price": 0.535421465571339,
            "volume_24h": 802017177.3,
            "market_cap": 29574493579.510937
        },
        {
            "timestamp": "2024-05-05 16:20:00",
            "symbol": "XRP",
            "price": 0.5331588207138371,
            "volume_24h": 559627017.71,
            "market_cap": 29449514324.63647
        },
        {
            "timestamp": "2024-05-06 16:20:00",
            "symbol": "XRP",
            "price": 0.551227948538651,
            "volume_24h": 1184331278.52,
            "market_cap": 30447579100.153244
        },
        {
            "timestamp": "2024-05-07 16:20:00",
            "symbol": "XRP",
            "price": 0.540561471411211,
            "volume_24h": 1552986555.1,
            "market_cap": 29858406495.754845
        },
        {
            "timestamp": "2024-05-08 16:20:00",
            "symbol": "XRP",
            "price": 0.5274888394190231,
            "volume_24h": 1159554786.36,
            "market_cap": 29136327730.18328
        },
        {
            "timestamp": "2024-05-09 16:20:00",
            "symbol": "XRP",
            "price": 0.5182889199318744,
            "volume_24h": 1028556238.7,
            "market_cap": 28692047755.03989
        },
        {
            "timestamp": "2024-05-10 16:20:00",
            "symbol": "XRP",
            "price": 0.5025407177813189,
            "volume_24h": 1069959988.76,
            "market_cap": 27820240253.889465
        },
        {
            "timestamp": "2024-05-11 16:20:00",
            "symbol": "XRP",
            "price": 0.5068684429133543,
            "volume_24h": 581109013.54,
            "market_cap": 28059819552.97108
        },
        {
            "timestamp": "2024-05-12 16:20:00",
            "symbol": "XRP",
            "price": 0.506029793827075,
            "volume_24h": 363109913.07,
            "market_cap": 28013392630.24927
        },
        {
            "timestamp": "2024-05-13 16:20:00",
            "symbol": "XRP",
            "price": 0.5093332605571308,
            "volume_24h": 948093376.63,
            "market_cap": 28196269827.75603
        },
        {
            "timestamp": "2024-05-14 16:20:00",
            "symbol": "XRP",
            "price": 0.5052263571598848,
            "volume_24h": 1059233546.78,
            "market_cap": 27968915038.048
        },
        {
            "timestamp": "2024-05-15 16:20:00",
            "symbol": "XRP",
            "price": 0.515841129599052,
            "volume_24h": 1071665717.92,
            "market_cap": 28556540098.166004
        },
        {
            "timestamp": "2024-05-16 16:20:00",
            "symbol": "XRP",
            "price": 0.5174612590784828,
            "volume_24h": 1159194786.13,
            "market_cap": 28646229131.841057
        },
        {
            "timestamp": "2024-05-17 16:20:00",
            "symbol": "XRP",
            "price": 0.5284235988640575,
            "volume_24h": 1097462117.09,
            "market_cap": 29215986493.901836
        },
        {
            "timestamp": "2024-05-18 16:20:00",
            "symbol": "XRP",
            "price": 0.5224852490908356,
            "volume_24h": 569591371.25,
            "market_cap": 28887661363.94269
        },
        {
            "timestamp": "2024-05-19 16:20:00",
            "symbol": "XRP",
            "price": 0.5119100272855264,
            "volume_24h": 496993386.38,
            "market_cap": 28302968443.153183
        },
        {
            "timestamp": "2024-05-20 16:20:00",
            "symbol": "XRP",
            "price": 0.517264366303049,
            "volume_24h": 885423702.98,
            "market_cap": 28599004231.024864
        },
        {
            "timestamp": "2024-05-21 16:20:00",
            "symbol": "XRP",
            "price": 0.5448738148072568,
            "volume_24h": 2219028240.04,
            "market_cap": 30125501678.02956
        },
        {
            "timestamp": "2024-05-22 16:20:00",
            "symbol": "XRP",
            "price": 0.5348222467299909,
            "volume_24h": 1350705113.08,
            "market_cap": 29569761022.5796
        },
        {
            "timestamp": "2024-05-23 16:20:00",
            "symbol": "XRP",
            "price": 0.5278840359698593,
            "volume_24h": 1783421412.26,
            "market_cap": 29186154627.45341
        },
        {
            "timestamp": "2024-05-24 16:20:00",
            "symbol": "XRP",
            "price": 0.5311572652534355,
            "volume_24h": 1711743233.31,
            "market_cap": 29442299913.191505
        },
        {
            "timestamp": "2024-05-25 16:20:00",
            "symbol": "XRP",
            "price": 0.539911395075114,
            "volume_24h": 723483786.75,
            "market_cap": 29927545494.01942
        },
        {
            "timestamp": "2024-05-26 16:20:00",
            "symbol": "XRP",
            "price": 0.5303430645057403,
            "volume_24h": 563023105.62,
            "market_cap": 29397168378.387497
        },
        {
            "timestamp": "2024-05-27 16:20:00",
            "symbol": "XRP",
            "price": 0.539493292056666,
            "volume_24h": 929842019.55,
            "market_cap": 29904369844.792664
        },
        {
            "timestamp": "2024-05-28 16:20:00",
            "symbol": "XRP",
            "price": 0.5286175405902029,
            "volume_24h": 1165903436.47,
            "market_cap": 29301521766.82436
        },
        {
            "timestamp": "2024-05-29 16:20:00",
            "symbol": "XRP",
            "price": 0.5259502728517246,
            "volume_24h": 1173706597.66,
            "market_cap": 29153673847.117203
        },
        {
            "timestamp": "2024-05-30 16:20:00",
            "symbol": "XRP",
            "price": 0.5244952040496429,
            "volume_24h": 1313630501.49,
            "market_cap": 29073018691.163013
        },
        {
            "timestamp": "2024-05-31 16:20:00",
            "symbol": "XRP",
            "price": 0.5132701019514818,
            "volume_24h": 1258947214.44,
            "market_cap": 28461011389.972958
        },
        {
            "timestamp": "2024-06-01 16:20:00",
            "symbol": "XRP",
            "price": 0.5198053130431066,
            "volume_24h": 627665491.25,
            "market_cap": 28823391190.79796
        },
        {
            "timestamp": "2024-06-02 16:20:00",
            "symbol": "XRP",
            "price": 0.5168896753862808,
            "volume_24h": 630152565.18,
            "market_cap": 28661718036.167583
        },
        {
            "timestamp": "2024-06-03 16:20:00",
            "symbol": "XRP",
            "price": 0.5210253314900476,
            "volume_24h": 1120910926.8,
            "market_cap": 28891041651.6028
        },
        {
            "timestamp": "2024-06-04 16:20:00",
            "symbol": "XRP",
            "price": 0.5290391565284981,
            "volume_24h": 1111887650.67,
            "market_cap": 29335411126.52334
        },
        {
            "timestamp": "2024-06-05 16:20:00",
            "symbol": "XRP",
            "price": 0.5299601418151314,
            "volume_24h": 1213305760.38,
            "market_cap": 29386480091.25206
        },
        {
            "timestamp": "2024-06-06 16:20:00",
            "symbol": "XRP",
            "price": 0.5269638719843381,
            "volume_24h": 1139308119.9,
            "market_cap": 29220335853.632507
        },
        {
            "timestamp": "2024-06-07 16:20:00",
            "symbol": "XRP",
            "price": 0.5228791083932863,
            "volume_24h": 1205700030.33,
            "market_cap": 29023010620.28019
        },
        {
            "timestamp": "2024-06-08 16:20:00",
            "symbol": "XRP",
            "price": 0.4933552296754566,
            "volume_24h": 2115038658.4,
            "market_cap": 27384253531.26118
        },
        {
            "timestamp": "2024-06-09 16:20:00",
            "symbol": "XRP",
            "price": 0.4953832743859452,
            "volume_24h": 717006384.51,
            "market_cap": 27496822502.22616
        },
        {
            "timestamp": "2024-06-10 16:20:00",
            "symbol": "XRP",
            "price": 0.5038528415404646,
            "volume_24h": 984326778.74,
            "market_cap": 27966935638.37751
        },
        {
            "timestamp": "2024-06-11 16:20:00",
            "symbol": "XRP",
            "price": 0.4783975471236428,
            "volume_24h": 1494878054.76,
            "market_cap": 26554010034.07876
        },
        {
            "timestamp": "2024-06-12 16:20:00",
            "symbol": "XRP",
            "price": 0.4974950919878291,
            "volume_24h": 1164482600.64,
            "market_cap": 27614041384.57146
        },
        {
            "timestamp": "2024-06-13 16:20:00",
            "symbol": "XRP",
            "price": 0.4817310231083012,
            "volume_24h": 1196383073.7,
            "market_cap": 26739038480.142467
        },
        {
            "timestamp": "2024-06-14 16:20:00",
            "symbol": "XRP",
            "price": 0.4670540909919607,
            "volume_24h": 1098500377.38,
            "market_cap": 25954412422.48277
        },
        {
            "timestamp": "2024-06-15 16:20:00",
            "symbol": "XRP",
            "price": 0.4843841463375923,
            "volume_24h": 718276250.22,
            "market_cap": 26917451634.47142
        },
        {
            "timestamp": "2024-06-16 16:20:00",
            "symbol": "XRP",
            "price": 0.4897655653327178,
            "volume_24h": 908058837.46,
            "market_cap": 27216499583.54521
        },
        {
            "timestamp": "2024-06-17 16:20:00",
            "symbol": "XRP",
            "price": 0.5037001075736849,
            "volume_24h": 1681144040.66,
            "market_cap": 27990848557.713158
        },
        {
            "timestamp": "2024-06-18 16:20:00",
            "symbol": "XRP",
            "price": 0.4805925550309466,
            "volume_24h": 2149380098.37,
            "market_cap": 26706751147.294064
        },
        {
            "timestamp": "2024-06-19 16:20:00",
            "symbol": "XRP",
            "price": 0.4919997658274979,
            "volume_24h": 1103788067.57,
            "market_cap": 27340655141.101467
        },
        {
            "timestamp": "2024-06-20 16:20:00",
            "symbol": "XRP",
            "price": 0.4905854356726589,
            "volume_24h": 1141754337.83,
            "market_cap": 27262060158.53257
        },
        {
            "timestamp": "2024-06-21 16:20:00",
            "symbol": "XRP",
            "price": 0.4838329139456562,
            "volume_24h": 1076094973.52,
            "market_cap": 26909908928.176563
        },
        {
            "timestamp": "2024-06-22 16:20:00",
            "symbol": "XRP",
            "price": 0.4861411906441912,
            "volume_24h": 587369703.52,
            "market_cap": 27038291090.58891
        },
        {
            "timestamp": "2024-06-23 16:20:00",
            "symbol": "XRP",
            "price": 0.4819878145930769,
            "volume_24h": 410265602.99,
            "market_cap": 26807287849.47309
        },
        {
            "timestamp": "2024-06-24 16:20:00",
            "symbol": "XRP",
            "price": 0.4739536448202887,
            "volume_24h": 1162254576.01,
            "market_cap": 26360441901.899704
        },
        {
            "timestamp": "2024-06-25 16:20:00",
            "symbol": "XRP",
            "price": 0.4766863310103845,
            "volume_24h": 1040694249.23,
            "market_cap": 26512428950.290184
        },
        {
            "timestamp": "2024-06-26 16:20:00",
            "symbol": "XRP",
            "price": 0.4694219689933685,
            "volume_24h": 865080283.36,
            "market_cap": 26108398313.54611
        },
        {
            "timestamp": "2024-06-27 16:20:00",
            "symbol": "XRP",
            "price": 0.4725027644779205,
            "volume_24h": 871900907.57,
            "market_cap": 26312888731.64703
        },
        {
            "timestamp": "2024-06-28 16:20:00",
            "symbol": "XRP",
            "price": 0.4744567610704038,
            "volume_24h": 859945157.63,
            "market_cap": 26421703533.98336
        },
        {
            "timestamp": "2024-06-29 16:20:00",
            "symbol": "XRP",
            "price": 0.4739460393667165,
            "volume_24h": 510923100.12,
            "market_cap": 26393262296.44518
        },
        {
            "timestamp": "2024-06-30 16:20:00",
            "symbol": "XRP",
            "price": 0.4723900538317816,
            "volume_24h": 431618840.22,
            "market_cap": 26306612064.26287
        },
        {
            "timestamp": "2024-07-01 16:20:00",
            "symbol": "XRP",
            "price": 0.479284657338721,
            "volume_24h": 790368365.47,
            "market_cap": 26690561002.905315
        },
        {
            "timestamp": "2024-07-02 16:20:00",
            "symbol": "XRP",
            "price": 0.4814580605432161,
            "volume_24h": 871625377.66,
            "market_cap": 26811594192.52501
        },
        {
            "timestamp": "2024-07-03 16:20:00",
            "symbol": "XRP",
            "price": 0.4673724041017115,
            "volume_24h": 1068444569.99,
            "market_cap": 26027187542.402992
        },
        {
            "timestamp": "2024-07-04 16:20:00",
            "symbol": "XRP",
            "price": 0.4432376822739525,
            "volume_24h": 1574617227.59,
            "market_cap": 24683165247.158302
        },
        {
            "timestamp": "2024-07-05 16:20:00",
            "symbol": "XRP",
            "price": 0.4239782046630687,
            "volume_24h": 2172475971.47,
            "market_cap": 23625364564.784782
        },
        {
            "timestamp": "2024-07-06 16:20:00",
            "symbol": "XRP",
            "price": 0.4396127363369142,
            "volume_24h": 760915967.56,
            "market_cap": 24496568571.339348
        },
        {
            "timestamp": "2024-07-07 16:20:00",
            "symbol": "XRP",
            "price": 0.4299831679789859,
            "volume_24h": 762952528.39,
            "market_cap": 23959979518.98849
        },
        {
            "timestamp": "2024-07-08 16:20:00",
            "symbol": "XRP",
            "price": 0.423275852171215,
            "volume_24h": 1501236387.34,
            "market_cap": 23586227332.043743
        },
        {
            "timestamp": "2024-07-09 16:20:00",
            "symbol": "XRP",
            "price": 0.4322598210534619,
            "volume_24h": 1037431034.47,
            "market_cap": 24086841603.59677
        },
        {
            "timestamp": "2024-07-10 16:20:00",
            "symbol": "XRP",
            "price": 0.4337846731101389,
            "volume_24h": 968838121.43,
            "market_cap": 24171811032.09602
        },
        {
            "timestamp": "2024-07-11 16:20:00",
            "symbol": "XRP",
            "price": 0.441944897143757,
            "volume_24h": 1036287288.53,
            "market_cap": 24626523716.861862
        },
        {
            "timestamp": "2024-07-12 16:20:00",
            "symbol": "XRP",
            "price": 0.4621394516818369,
            "volume_24h": 1520700635.01,
            "market_cap": 25789848984.97099
        },
        {
            "timestamp": "2024-07-13 16:20:00",
            "symbol": "XRP",
            "price": 0.5400815996638012,
            "volume_24h": 2132545220.4,
            "market_cap": 30139437012.35931
        },
        {
            "timestamp": "2024-07-14 16:20:00",
            "symbol": "XRP",
            "price": 0.5275893983498928,
            "volume_24h": 2283242492.97,
            "market_cap": 29442305477.271595
        },
        {
            "timestamp": "2024-07-15 16:20:00",
            "symbol": "XRP",
            "price": 0.5242291442988335,
            "volume_24h": 1613727992.79,
            "market_cap": 29254785359.236706
        },
        {
            "timestamp": "2024-07-16 16:20:00",
            "symbol": "XRP",
            "price": 0.5805891623041183,
            "volume_24h": 3127105490.71,
            "market_cap": 32399975296.726017
        },
        {
            "timestamp": "2024-07-17 16:20:00",
            "symbol": "XRP",
            "price": 0.6031631361384499,
            "volume_24h": 3473315868.32,
            "market_cap": 33659723569.805508
        },
        {
            "timestamp": "2024-07-18 16:20:00",
            "symbol": "XRP",
            "price": 0.5651842289917993,
            "volume_24h": 3461165905.83,
            "market_cap": 31599157406.28767
        },
        {
            "timestamp": "2024-07-19 16:20:00",
            "symbol": "XRP",
            "price": 0.5700681630260243,
            "volume_24h": 2082384940.3,
            "market_cap": 31872215627.64798
        },
        {
            "timestamp": "2024-07-20 16:20:00",
            "symbol": "XRP",
            "price": 0.5904781146571535,
            "volume_24h": 1840597809.34,
            "market_cap": 33013325448.417816
        },
        {
            "timestamp": "2024-07-21 16:20:00",
            "symbol": "XRP",
            "price": 0.5879642399565626,
            "volume_24h": 1286983817.87,
            "market_cap": 32872776016.41162
        },
        {
            "timestamp": "2024-07-22 16:20:00",
            "symbol": "XRP",
            "price": 0.6145698126958797,
            "volume_24h": 2090426717.6,
            "market_cap": 34360279803.22786
        },
        {
            "timestamp": "2024-07-23 16:20:00",
            "symbol": "XRP",
            "price": 0.5987948615398465,
            "volume_24h": 1698189578.1,
            "market_cap": 33478310457.50639
        },
        {
            "timestamp": "2024-07-24 16:20:00",
            "symbol": "XRP",
            "price": 0.6239793531718733,
            "volume_24h": 1874764170.96,
            "market_cap": 34886362335.91309
        },
        {
            "timestamp": "2024-07-25 16:20:00",
            "symbol": "XRP",
            "price": 0.6159264211335709,
            "volume_24h": 2158785596.78,
            "market_cap": 34436127078.08507
        },
        {
            "timestamp": "2024-07-26 16:20:00",
            "symbol": "XRP",
            "price": 0.5918019453759874,
            "volume_24h": 1709807577.52,
            "market_cap": 33117750992.955708
        },
        {
            "timestamp": "2024-07-27 16:20:00",
            "symbol": "XRP",
            "price": 0.5975072761552516,
            "volume_24h": 908093333.57,
            "market_cap": 33437026259.88656
        },
        {
            "timestamp": "2024-07-28 16:20:00",
            "symbol": "XRP",
            "price": 0.6035915102431905,
            "volume_24h": 1134419995.25,
            "market_cap": 33777505285.14424
        },
        {
            "timestamp": "2024-07-29 16:20:00",
            "symbol": "XRP",
            "price": 0.5980278859693575,
            "volume_24h": 1031695411.28,
            "market_cap": 33466160037.365265
        },
        {
            "timestamp": "2024-07-30 16:20:00",
            "symbol": "XRP",
            "price": 0.6279795665269878,
            "volume_24h": 1908252430.73,
            "market_cap": 35142282101.9826
        },
        {
            "timestamp": "2024-07-31 16:20:00",
            "symbol": "XRP",
            "price": 0.6505411362904141,
            "volume_24h": 2412025742.15,
            "market_cap": 36404847146.37535
        },
        {
            "timestamp": "2024-08-01 16:20:00",
            "symbol": "XRP",
            "price": 0.5871440576181668,
            "volume_24h": 2055993888.04,
            "market_cap": 32857091547.474106
        },
        {
            "timestamp": "2024-08-02 16:20:00",
            "symbol": "XRP",
            "price": 0.55823969836463,
            "volume_24h": 1965410919.98,
            "market_cap": 31261023380.88327
        },
        {
            "timestamp": "2024-08-03 16:20:00",
            "symbol": "XRP",
            "price": 0.5564081433440561,
            "volume_24h": 1286823301.66,
            "market_cap": 31158457611.2161
        },
        {
            "timestamp": "2024-08-04 16:20:00",
            "symbol": "XRP",
            "price": 0.5294631962252839,
            "volume_24h": 1148430485.72,
            "market_cap": 29649559866.494244
        },
        {
            "timestamp": "2024-08-05 16:20:00",
            "symbol": "XRP",
            "price": 0.4940761809201635,
            "volume_24h": 4136854914.78,
            "market_cap": 27667912348.279808
        },
        {
            "timestamp": "2024-08-06 16:20:00",
            "symbol": "XRP",
            "price": 0.5128014436579861,
            "volume_24h": 1963979583.79,
            "market_cap": 28716513653.37349
        },
        {
            "timestamp": "2024-08-07 16:20:00",
            "symbol": "XRP",
            "price": 0.4985980596199584,
            "volume_24h": 1392897196.46,
            "market_cap": 27921134317.577084
        },
        {
            "timestamp": "2024-08-08 16:20:00",
            "symbol": "XRP",
            "price": 0.6100401664771867,
            "volume_24h": 5731227337.97,
            "market_cap": 34161812503.46125
        },
        {
            "timestamp": "2024-08-09 16:20:00",
            "symbol": "XRP",
            "price": 0.576853159868244,
            "volume_24h": 2590295278.47,
            "market_cap": 32363978169.24756
        },
        {
            "timestamp": "2024-08-10 16:20:00",
            "symbol": "XRP",
            "price": 0.5963649630040887,
            "volume_24h": 1188924291.26,
            "market_cap": 33458675424.395416
        },
        {
            "timestamp": "2024-08-11 16:20:00",
            "symbol": "XRP",
            "price": 0.569550214050001,
            "volume_24h": 1052880015.57,
            "market_cap": 31954251057.608265
        },
        {
            "timestamp": "2024-08-12 16:20:00",
            "symbol": "XRP",
            "price": 0.5728300190155923,
            "volume_24h": 1598171651.94,
            "market_cap": 32138262420.79475
        },
        {
            "timestamp": "2024-08-13 16:20:00",
            "symbol": "XRP",
            "price": 0.5760844461182151,
            "volume_24h": 1223734509.85,
            "market_cap": 32325873243.175644
        },
        {
            "timestamp": "2024-08-14 16:20:00",
            "symbol": "XRP",
            "price": 0.5748182488161759,
            "volume_24h": 1245709189.34,
            "market_cap": 32254823011.282787
        },
        {
            "timestamp": "2024-08-15 16:20:00",
            "symbol": "XRP",
            "price": 0.570811153062148,
            "volume_24h": 974418292.84,
            "market_cap": 32029972522.27758
        },
        {
            "timestamp": "2024-08-16 16:20:00",
            "symbol": "XRP",
            "price": 0.5584700543628733,
            "volume_24h": 1187332143.63,
            "market_cap": 31337475450.15144
        },
        {
            "timestamp": "2024-08-17 16:20:00",
            "symbol": "XRP",
            "price": 0.5681597779207914,
            "volume_24h": 596150395.52,
            "market_cap": 31881195693.95472
        },
        {
            "timestamp": "2024-08-18 16:20:00",
            "symbol": "XRP",
            "price": 0.5741584958378758,
            "volume_24h": 590190454.17,
            "market_cap": 32217802238.908104
        },
        {
            "timestamp": "2024-08-19 16:20:00",
            "symbol": "XRP",
            "price": 0.5824092026527933,
            "volume_24h": 1194626055.98,
            "market_cap": 32680774819.51289
        },
        {
            "timestamp": "2024-08-20 16:20:00",
            "symbol": "XRP",
            "price": 0.591266691363251,
            "volume_24h": 1548259436.8,
            "market_cap": 33177795801.82971
        },
        {
            "timestamp": "2024-08-21 16:20:00",
            "symbol": "XRP",
            "price": 0.5914933040655062,
            "volume_24h": 1097406850.45,
            "market_cap": 33190511738.76873
        },
        {
            "timestamp": "2024-08-22 16:20:00",
            "symbol": "XRP",
            "price": 0.5963240216902652,
            "volume_24h": 1071212225.0,
            "market_cap": 33501540041.452805
        },
        {
            "timestamp": "2024-08-23 16:20:00",
            "symbol": "XRP",
            "price": 0.5991254998954229,
            "volume_24h": 1033306540.65,
            "market_cap": 33658927352.464226
        },
        {
            "timestamp": "2024-08-24 16:20:00",
            "symbol": "XRP",
            "price": 0.6229741000630711,
            "volume_24h": 1208892040.63,
            "market_cap": 34998743969.585266
        },
        {
            "timestamp": "2024-08-25 16:20:00",
            "symbol": "XRP",
            "price": 0.6031800171860789,
            "volume_24h": 993613820.32,
            "market_cap": 33886710518.026905
        },
        {
            "timestamp": "2024-08-26 16:20:00",
            "symbol": "XRP",
            "price": 0.5929376585236145,
            "volume_24h": 969672922.21,
            "market_cap": 33311293837.88568
        },
        {
            "timestamp": "2024-08-27 16:20:00",
            "symbol": "XRP",
            "price": 0.5956366378960889,
            "volume_24h": 1143948896.43,
            "market_cap": 33462922754.764988
        },
        {
            "timestamp": "2024-08-28 16:20:00",
            "symbol": "XRP",
            "price": 0.5604517561110874,
            "volume_24h": 1630935806.6,
            "market_cap": 31486232762.24569
        },
        {
            "timestamp": "2024-08-29 16:20:00",
            "symbol": "XRP",
            "price": 0.5750182969512405,
            "volume_24h": 1012636265.41,
            "market_cap": 32304582406.854366
        },
        {
            "timestamp": "2024-08-30 16:20:00",
            "symbol": "XRP",
            "price": 0.5514107185297933,
            "volume_24h": 1124494906.37,
            "market_cap": 31017713762.0695
        },
        {
            "timestamp": "2024-08-31 16:20:00",
            "symbol": "XRP",
            "price": 0.5643875699007018,
            "volume_24h": 598687063.55,
            "market_cap": 31747681910.728203
        },
        {
            "timestamp": "2024-09-01 16:20:00",
            "symbol": "XRP",
            "price": 0.5577129752574832,
            "volume_24h": 535040100.64,
            "market_cap": 31372225541.883587
        },
        {
            "timestamp": "2024-09-02 16:20:00",
            "symbol": "XRP",
            "price": 0.5590738291098019,
            "volume_24h": 880787977.12,
            "market_cap": 31448775695.598
        },
        {
            "timestamp": "2024-09-03 16:20:00",
            "symbol": "XRP",
            "price": 0.5616840491131638,
            "volume_24h": 825420423.83,
            "market_cap": 31595604645.779053
        },
        {
            "timestamp": "2024-09-04 16:20:00",
            "symbol": "XRP",
            "price": 0.5614144716100123,
            "volume_24h": 1110461015.44,
            "market_cap": 31580440490.37101
        },
        {
            "timestamp": "2024-09-05 16:20:00",
            "symbol": "XRP",
            "price": 0.5460599471873727,
            "volume_24h": 850365663.84,
            "market_cap": 30716724520.605347
        },
        {
            "timestamp": "2024-09-06 16:20:00",
            "symbol": "XRP",
            "price": 0.5237616713981612,
            "volume_24h": 1207337389.1,
            "market_cap": 29462411696.107586
        },
        {
            "timestamp": "2024-09-07 16:20:00",
            "symbol": "XRP",
            "price": 0.5309146255552,
            "volume_24h": 938712493.57,
            "market_cap": 29906089349.653988
        },
        {
            "timestamp": "2024-09-08 16:20:00",
            "symbol": "XRP",
            "price": 0.5221000524883507,
            "volume_24h": 489014432.4,
            "market_cap": 29409569952.69712
        },
        {
            "timestamp": "2024-09-09 16:20:00",
            "symbol": "XRP",
            "price": 0.5320901854558052,
            "volume_24h": 711936393.47,
            "market_cap": 29972307904.824898
        },
        {
            "timestamp": "2024-09-10 16:20:00",
            "symbol": "XRP",
            "price": 0.5365583623337135,
            "volume_24h": 792329750.75,
            "market_cap": 30223997518.38761
        },
        {
            "timestamp": "2024-09-11 16:20:00",
            "symbol": "XRP",
            "price": 0.5334589914271554,
            "volume_24h": 890648045.4,
            "market_cap": 30049411890.496284
        },
        {
            "timestamp": "2024-09-12 16:20:00",
            "symbol": "XRP",
            "price": 0.5576165642439355,
            "volume_24h": 1542352270.78,
            "market_cap": 31410192883.05962
        },
        {
            "timestamp": "2024-09-13 16:20:00",
            "symbol": "XRP",
            "price": 0.5687900882509175,
            "volume_24h": 1181370461.57,
            "market_cap": 32071810767.35949
        },
        {
            "timestamp": "2024-09-14 16:20:00",
            "symbol": "XRP",
            "price": 0.5873473569959387,
            "volume_24h": 1076940614.75,
            "market_cap": 33118181342.099182
        },
        {
            "timestamp": "2024-09-15 16:20:00",
            "symbol": "XRP",
            "price": 0.5874952538943304,
            "volume_24h": 869835811.07,
            "market_cap": 33126520659.953484
        },
        {
            "timestamp": "2024-09-16 16:20:00",
            "symbol": "XRP",
            "price": 0.5702559921497659,
            "volume_24h": 1107398889.43,
            "market_cap": 32154467257.720585
        },
        {
            "timestamp": "2024-09-17 16:20:00",
            "symbol": "XRP",
            "price": 0.5881806632197645,
            "volume_24h": 1203751913.1,
            "market_cap": 33165168165.663544
        },
        {
            "timestamp": "2024-09-18 16:20:00",
            "symbol": "XRP",
            "price": 0.5670592259631633,
            "volume_24h": 981204808.46,
            "market_cap": 31974214327.295074
        },
        {
            "timestamp": "2024-09-19 16:20:00",
            "symbol": "XRP",
            "price": 0.5887120372333634,
            "volume_24h": 1344958117.4,
            "market_cap": 33195130232.8002
        },
        {
            "timestamp": "2024-09-20 16:20:00",
            "symbol": "XRP",
            "price": 0.5801098582597883,
            "volume_24h": 1273990038.56,
            "market_cap": 32738214367.227707
        },
        {
            "timestamp": "2024-09-21 16:20:00",
            "symbol": "XRP",
            "price": 0.5875126541086039,
            "volume_24h": 680627753.03,
            "market_cap": 33155987507.89172
        },
        {
            "timestamp": "2024-09-22 16:20:00",
            "symbol": "XRP",
            "price": 0.5863818388264981,
            "volume_24h": 1145447228.86,
            "market_cap": 33092170503.942898
        },
        {
            "timestamp": "2024-09-23 16:20:00",
            "symbol": "XRP",
            "price": 0.5876131787563373,
            "volume_24h": 1033836670.23,
            "market_cap": 33161660566.916367
        },
        {
            "timestamp": "2024-09-24 16:20:00",
            "symbol": "XRP",
            "price": 0.5831757274413579,
            "volume_24h": 925008347.64,
            "market_cap": 32911235185.714046
        },
        {
            "timestamp": "2024-09-25 16:20:00",
            "symbol": "XRP",
            "price": 0.5864805752905748,
            "volume_24h": 1035569311.81,
            "market_cap": 33097742647.70288
        },
        {
            "timestamp": "2024-09-26 16:20:00",
            "symbol": "XRP",
            "price": 0.5927449268532923,
            "volume_24h": 1135173460.97,
            "market_cap": 33493442084.813435
        },
        {
            "timestamp": "2024-09-27 16:20:00",
            "symbol": "XRP",
            "price": 0.589150116861856,
            "volume_24h": 1255090645.82,
            "market_cap": 33290314981.063663
        },
        {
            "timestamp": "2024-09-28 16:20:00",
            "symbol": "XRP",
            "price": 0.6173896240063811,
            "volume_24h": 2051566386.47,
            "market_cap": 34922051338.49073
        },
        {
            "timestamp": "2024-09-29 16:20:00",
            "symbol": "XRP",
            "price": 0.6571783412522922,
            "volume_24h": 2115270388.81,
            "market_cap": 37172661929.15404
        },
        {
            "timestamp": "2024-09-30 16:20:00",
            "symbol": "XRP",
            "price": 0.620964567079036,
            "volume_24h": 2232111278.77,
            "market_cap": 35124264561.16411
        },
        {
            "timestamp": "2024-10-01 16:20:00",
            "symbol": "XRP",
            "price": 0.6140180811641384,
            "volume_24h": 1681489442.28,
            "market_cap": 34731343254.57012
        },
        {
            "timestamp": "2024-10-02 16:20:00",
            "symbol": "XRP",
            "price": 0.5891038129518983,
            "volume_24h": 2781582937.85,
            "market_cap": 33322091592.83539
        },
        {
            "timestamp": "2024-10-03 16:20:00",
            "symbol": "XRP",
            "price": 0.5216230386165023,
            "volume_24h": 3247560107.79,
            "market_cap": 29505106379.495537
        },
        {
            "timestamp": "2024-10-04 16:20:00",
            "symbol": "XRP",
            "price": 0.5247527536817901,
            "volume_24h": 1424302852.06,
            "market_cap": 29682135707.3867
        },
        {
            "timestamp": "2024-10-05 16:20:00",
            "symbol": "XRP",
            "price": 0.5291101327627468,
            "volume_24h": 824512041.41,
            "market_cap": 29928606671.668507
        },
        {
            "timestamp": "2024-10-06 16:20:00",
            "symbol": "XRP",
            "price": 0.5365021224706517,
            "volume_24h": 614792341.58,
            "market_cap": 30346727472.59467
        },
        {
            "timestamp": "2024-10-07 16:20:00",
            "symbol": "XRP",
            "price": 0.5420516512903524,
            "volume_24h": 1049266445.4,
            "market_cap": 30660631242.28941
        },
        {
            "timestamp": "2024-10-08 16:20:00",
            "symbol": "XRP",
            "price": 0.5256500881429679,
            "volume_24h": 1000419075.27,
            "market_cap": 29732892569.670357
        },
        {
            "timestamp": "2024-10-09 16:20:00",
            "symbol": "XRP",
            "price": 0.5306218548485864,
            "volume_24h": 840302449.12,
            "market_cap": 30057105849.559505
        },
        {
            "timestamp": "2024-10-10 16:20:00",
            "symbol": "XRP",
            "price": 0.5388182360307978,
            "volume_24h": 1187162243.45,
            "market_cap": 30521390338.64706
        },
        {
            "timestamp": "2024-10-11 16:20:00",
            "symbol": "XRP",
            "price": 0.5369726805443824,
            "volume_24h": 1040452816.33,
            "market_cap": 30416848740.709576
        },
        {
            "timestamp": "2024-10-12 16:20:00",
            "symbol": "XRP",
            "price": 0.5410865480006537,
            "volume_24h": 620924063.93,
            "market_cap": 30649879002.193035
        },
        {
            "timestamp": "2024-10-13 16:20:00",
            "symbol": "XRP",
            "price": 0.5281594659062298,
            "volume_24h": 588942756.14,
            "market_cap": 29917623684.61114
        },
        {
            "timestamp": "2024-10-14 16:20:00",
            "symbol": "XRP",
            "price": 0.545999446133038,
            "volume_24h": 997431072.33,
            "market_cap": 30928170402.8277
        },
        {
            "timestamp": "2024-10-15 16:20:00",
            "symbol": "XRP",
            "price": 0.5415222416905124,
            "volume_24h": 1275073563.96,
            "market_cap": 30674558896.612022
        },
        {
            "timestamp": "2024-10-16 16:20:00",
            "symbol": "XRP",
            "price": 0.5473369312583394,
            "volume_24h": 1075612380.16,
            "market_cap": 31003932325.59069
        },
        {
            "timestamp": "2024-10-17 16:20:00",
            "symbol": "XRP",
            "price": 0.5522017931814635,
            "volume_24h": 1383099486.04,
            "market_cap": 31279502712.35616
        },
        {
            "timestamp": "2024-10-18 16:20:00",
            "symbol": "XRP",
            "price": 0.543954874489696,
            "volume_24h": 1110236687.82,
            "market_cap": 30845742364.17076
        },
        {
            "timestamp": "2024-10-19 16:20:00",
            "symbol": "XRP",
            "price": 0.5437491662109307,
            "volume_24h": 650074980.57,
            "market_cap": 30834077380.793373
        },
        {
            "timestamp": "2024-10-20 16:20:00",
            "symbol": "XRP",
            "price": 0.5440992168319763,
            "volume_24h": 637643764.86,
            "market_cap": 30853927503.98846
        },
        {
            "timestamp": "2024-10-21 16:20:00",
            "symbol": "XRP",
            "price": 0.5434345464693453,
            "volume_24h": 1322817317.34,
            "market_cap": 30816236416.502483
        },
        {
            "timestamp": "2024-10-22 16:20:00",
            "symbol": "XRP",
            "price": 0.5324245070605689,
            "volume_24h": 1088888494.01,
            "market_cap": 30191896319.649616
        },
        {
            "timestamp": "2024-10-23 16:20:00",
            "symbol": "XRP",
            "price": 0.5227140239943897,
            "volume_24h": 875075220.34,
            "market_cap": 29641249431.57457
        },
        {
            "timestamp": "2024-10-24 16:20:00",
            "symbol": "XRP",
            "price": 0.5281911282282685,
            "volume_24h": 1057715872.21,
            "market_cap": 29951836493.15468
        },
        {
            "timestamp": "2024-10-25 16:20:00",
            "symbol": "XRP",
            "price": 0.5220809877041325,
            "volume_24h": 820917735.79,
            "market_cap": 29631414824.46337
        },
        {
            "timestamp": "2024-10-26 16:20:00",
            "symbol": "XRP",
            "price": 0.5101312282335947,
            "volume_24h": 1270791534.8,
            "market_cap": 28981505424.922157
        },
        {
            "timestamp": "2024-10-27 16:20:00",
            "symbol": "XRP",
            "price": 0.5164120833494107,
            "volume_24h": 489359712.44,
            "market_cap": 29338332504.97069
        },
        {
            "timestamp": "2024-10-28 16:20:00",
            "symbol": "XRP",
            "price": 0.5143050963579524,
            "volume_24h": 735039384.74,
            "market_cap": 29218630648.774536
        },
        {
            "timestamp": "2024-10-29 16:20:00",
            "symbol": "XRP",
            "price": 0.5269548318790667,
            "volume_24h": 1018192261.61,
            "market_cap": 29937285689.553825
        },
        {
            "timestamp": "2024-10-30 16:20:00",
            "symbol": "XRP",
            "price": 0.5223788778530485,
            "volume_24h": 1001693805.96,
            "market_cap": 29677317216.56218
        },
        {
            "timestamp": "2024-10-31 16:20:00",
            "symbol": "XRP",
            "price": 0.5096970084850427,
            "volume_24h": 911553954.04,
            "market_cap": 28956836592.07724
        },
        {
            "timestamp": "2024-11-01 16:20:00",
            "symbol": "XRP",
            "price": 0.5184677010812964,
            "volume_24h": 1324482826.32,
            "market_cap": 29484564842.152397
        },
        {
            "timestamp": "2024-11-02 16:20:00",
            "symbol": "XRP",
            "price": 0.5105816759218585,
            "volume_24h": 648443545.77,
            "market_cap": 29036097136.88288
        },
        {
            "timestamp": "2024-11-03 16:20:00",
            "symbol": "XRP",
            "price": 0.497953416081372,
            "volume_24h": 846419882.31,
            "market_cap": 28317944886.83174
        },
        {
            "timestamp": "2024-11-04 16:20:00",
            "symbol": "XRP",
            "price": 0.5103897222488092,
            "volume_24h": 868746694.66,
            "market_cap": 29025180988.18565
        },
        {
            "timestamp": "2024-11-05 16:20:00",
            "symbol": "XRP",
            "price": 0.510634737497156,
            "volume_24h": 1115346901.3,
            "market_cap": 29039114677.71372
        },
        {
            "timestamp": "2024-11-06 16:20:00",
            "symbol": "XRP",
            "price": 0.5321279489909682,
            "volume_24h": 2027776247.56,
            "market_cap": 30261404873.67721
        },
        {
            "timestamp": "2024-11-07 16:20:00",
            "symbol": "XRP",
            "price": 0.5503463512919543,
            "volume_24h": 1963826542.24,
            "market_cap": 31297461050.06691
        },
        {
            "timestamp": "2024-11-08 16:20:00",
            "symbol": "XRP",
            "price": 0.554009195884806,
            "volume_24h": 1394980225.45,
            "market_cap": 31505762123.94177
        },
        {
            "timestamp": "2024-11-09 16:20:00",
            "symbol": "XRP",
            "price": 0.5470345604452702,
            "volume_24h": 1312373929.69,
            "market_cap": 31109123933.291733
        },
        {
            "timestamp": "2024-11-10 16:20:00",
            "symbol": "XRP",
            "price": 0.6013409344665949,
            "volume_24h": 3276910016.73,
            "market_cap": 34197454802.95734
        },
        {
            "timestamp": "2024-11-11 16:20:00",
            "symbol": "XRP",
            "price": 0.593258316093591,
            "volume_24h": 3595855768.28,
            "market_cap": 33737807104.525616
        },
        {
            "timestamp": "2024-11-12 16:20:00",
            "symbol": "XRP",
            "price": 0.6702900193876962,
            "volume_24h": 9619418667.61,
            "market_cap": 38118497060.6013
        },
        {
            "timestamp": "2024-11-13 16:20:00",
            "symbol": "XRP",
            "price": 0.7073396373018074,
            "volume_24h": 9077987194.92,
            "market_cap": 40225459286.9605
        },
        {
            "timestamp": "2024-11-14 16:20:00",
            "symbol": "XRP",
            "price": 0.720106546360688,
            "volume_24h": 6437173879.45,
            "market_cap": 40951496332.65374
        },
        {
            "timestamp": "2024-11-15 16:20:00",
            "symbol": "XRP",
            "price": 0.8732621225687128,
            "volume_24h": 13763305187.9,
            "market_cap": 49715897381.34066
        },
        {
            "timestamp": "2024-11-16 16:20:00",
            "symbol": "XRP",
            "price": 1.0928647617178076,
            "volume_24h": 20026048041.78,
            "market_cap": 62218148412.78731
        },
        {
            "timestamp": "2024-11-17 16:20:00",
            "symbol": "XRP",
            "price": 1.079258700775662,
            "volume_24h": 15627869805.67,
            "market_cap": 61443538462.25581
        },
        {
            "timestamp": "2024-11-18 16:20:00",
            "symbol": "XRP",
            "price": 1.1436907051956189,
            "volume_24h": 9573540213.97,
            "market_cap": 65111732509.644615
        },
        {
            "timestamp": "2024-11-19 16:20:00",
            "symbol": "XRP",
            "price": 1.097623590942542,
            "volume_24h": 6445992136.87,
            "market_cap": 62489074471.845375
        },
        {
            "timestamp": "2024-11-20 16:20:00",
            "symbol": "XRP",
            "price": 1.109419605604694,
            "volume_24h": 6366773960.33,
            "market_cap": 63160636239.2644
        },
        {
            "timestamp": "2024-11-21 16:20:00",
            "symbol": "XRP",
            "price": 1.1060398568212446,
            "volume_24h": 6767424845.73,
            "market_cap": 62968222942.78656
        },
        {
            "timestamp": "2024-11-22 16:20:00",
            "symbol": "XRP",
            "price": 1.4628009740504335,
            "volume_24h": 21446090588.12,
            "market_cap": 83279076506.02832
        },
        {
            "timestamp": "2024-11-23 16:20:00",
            "symbol": "XRP",
            "price": 1.5275408455348791,
            "volume_24h": 14747939396.34,
            "market_cap": 87068074946.73479
        },
        {
            "timestamp": "2024-11-24 16:20:00",
            "symbol": "XRP",
            "price": 1.352328326878231,
            "volume_24h": 12634564462.55,
            "market_cap": 77081162485.05103
        },
        {
            "timestamp": "2024-11-25 16:20:00",
            "symbol": "XRP",
            "price": 1.452041610044382,
            "volume_24h": 10835850933.14,
            "market_cap": 82764705178.70348
        },
        {
            "timestamp": "2024-11-26 16:20:00",
            "symbol": "XRP",
            "price": 1.3616245958763644,
            "volume_24h": 10861296730.91,
            "market_cap": 77611039148.06824
        },
        {
            "timestamp": "2024-11-27 16:20:00",
            "symbol": "XRP",
            "price": 1.4857830514010384,
            "volume_24h": 7924877396.82,
            "market_cap": 84687928608.9899
        },
        {
            "timestamp": "2024-11-28 16:20:00",
            "symbol": "XRP",
            "price": 1.4483455788991315,
            "volume_24h": 5857478977.74,
            "market_cap": 82554035645.57722
        },
        {
            "timestamp": "2024-11-29 16:20:00",
            "symbol": "XRP",
            "price": 1.704142575892386,
            "volume_24h": 12502859933.62,
            "market_cap": 97223874979.50168
        },
        {
            "timestamp": "2024-11-30 16:20:00",
            "symbol": "XRP",
            "price": 1.874449791466417,
            "volume_24h": 16896053425.14,
            "market_cap": 106940155570.87532
        },
        {
            "timestamp": "2024-12-01 16:20:00",
            "symbol": "XRP",
            "price": 1.887074264373122,
            "volume_24h": 10611324227.25,
            "market_cap": 107660400574.39024
        },
        {
            "timestamp": "2024-12-02 16:20:00",
            "symbol": "XRP",
            "price": 2.812873706240792,
            "volume_24h": 49340356677.81,
            "market_cap": 160478639180.45316
        },
        {
            "timestamp": "2024-12-03 16:20:00",
            "symbol": "XRP",
            "price": 2.5592402254344804,
            "volume_24h": 49262601386.62,
            "market_cap": 146008470910.86713
        },
        {
            "timestamp": "2024-12-04 16:20:00",
            "symbol": "XRP",
            "price": 2.427550183913351,
            "volume_24h": 21306478060.84,
            "market_cap": 138495357680.77774
        },
        {
            "timestamp": "2024-12-05 16:20:00",
            "symbol": "XRP",
            "price": 2.367065224945057,
            "volume_24h": 25065675429.9,
            "market_cap": 135044600583.3006
        },
        {
            "timestamp": "2024-12-06 16:20:00",
            "symbol": "XRP",
            "price": 2.359289490744739,
            "volume_24h": 13791926574.02,
            "market_cap": 134756084841.7764
        },
        {
            "timestamp": "2024-12-07 16:20:00",
            "symbol": "XRP",
            "price": 2.542607283201057,
            "volume_24h": 12602544160.4,
            "market_cap": 145226689695.55078
        },
        {
            "timestamp": "2024-12-08 16:20:00",
            "symbol": "XRP",
            "price": 2.5542827146257,
            "volume_24h": 11178962812.34,
            "market_cap": 145893558019.1692
        },
        {
            "timestamp": "2024-12-09 16:20:00",
            "symbol": "XRP",
            "price": 2.4026227115656047,
            "volume_24h": 13927339079.19,
            "market_cap": 137231158462.1657
        },
        {
            "timestamp": "2024-12-10 16:20:00",
            "symbol": "XRP",
            "price": 2.045193601013936,
            "volume_24h": 22530449595.54,
            "market_cap": 116815797085.20418
        },
        {
            "timestamp": "2024-12-11 16:20:00",
            "symbol": "XRP",
            "price": 2.4306667283665204,
            "volume_24h": 23593358713.55,
            "market_cap": 138832955071.76086
        },
        {
            "timestamp": "2024-12-12 16:20:00",
            "symbol": "XRP",
            "price": 2.439230079402534,
            "volume_24h": 10814898354.44,
            "market_cap": 139322069978.2892
        },
        {
            "timestamp": "2024-12-13 16:20:00",
            "symbol": "XRP",
            "price": 2.418102671258625,
            "volume_24h": 10434332431.6,
            "market_cap": 138286142134.30618
        },
        {
            "timestamp": "2024-12-14 16:20:00",
            "symbol": "XRP",
            "price": 2.3893814996793408,
            "volume_24h": 8418676255.77,
            "market_cap": 136643639496.81091
        },
        {
            "timestamp": "2024-12-15 16:20:00",
            "symbol": "XRP",
            "price": 2.416077544520328,
            "volume_24h": 5371635836.25,
            "market_cap": 138170329448.88934
        },
        {
            "timestamp": "2024-12-16 16:20:00",
            "symbol": "XRP",
            "price": 2.481485413097804,
            "volume_24h": 8106223596.7,
            "market_cap": 141910866159.06094
        },
        {
            "timestamp": "2024-12-17 16:20:00",
            "symbol": "XRP",
            "price": 2.614374865027044,
            "volume_24h": 19436574639.16,
            "market_cap": 149510530911.12534
        },
        {
            "timestamp": "2024-12-18 16:20:00",
            "symbol": "XRP",
            "price": 2.440814383834797,
            "volume_24h": 15125387971.62,
            "market_cap": 139584976609.26556
        },
        {
            "timestamp": "2024-12-19 16:20:00",
            "symbol": "XRP",
            "price": 2.3076958559573173,
            "volume_24h": 23500309295.02,
            "market_cap": 131972211491.5656
        },
        {
            "timestamp": "2024-12-20 16:20:00",
            "symbol": "XRP",
            "price": 2.2366089487464293,
            "volume_24h": 29071441173.38,
            "market_cap": 128051186384.40686
        },
        {
            "timestamp": "2024-12-21 16:20:00",
            "symbol": "XRP",
            "price": 2.258524130674666,
            "volume_24h": 16712185531.54,
            "market_cap": 129305882717.13576
        },
        {
            "timestamp": "2024-12-22 16:20:00",
            "symbol": "XRP",
            "price": 2.2271105123362918,
            "volume_24h": 11559226645.11,
            "market_cap": 127507378289.65845
        },
        {
            "timestamp": "2024-12-23 16:20:00",
            "symbol": "XRP",
            "price": 2.14580691731907,
            "volume_24h": 10828324570.54,
            "market_cap": 122852553938.21889
        },
        {
            "timestamp": "2024-12-24 16:20:00",
            "symbol": "XRP",
            "price": 2.315967667759661,
            "volume_24h": 7330565464.77,
            "market_cap": 132594661954.99626
        },
        {
            "timestamp": "2024-12-25 16:20:00",
            "symbol": "XRP",
            "price": 2.2743054817916284,
            "volume_24h": 4528567462.26,
            "market_cap": 130209402634.8257
        },
        {
            "timestamp": "2024-12-26 16:20:00",
            "symbol": "XRP",
            "price": 2.1783683610500986,
            "volume_24h": 4994651204.36,
            "market_cap": 124716774101.73216
        },
        {
            "timestamp": "2024-12-27 16:20:00",
            "symbol": "XRP",
            "price": 2.137160536366422,
            "volume_24h": 5580178875.08,
            "market_cap": 122694871611.58733
        },
        {
            "timestamp": "2024-12-28 16:20:00",
            "symbol": "XRP",
            "price": 2.1753230621078394,
            "volume_24h": 3233947567.22,
            "market_cap": 124885790878.78375
        },
        {
            "timestamp": "2024-12-29 16:20:00",
            "symbol": "XRP",
            "price": 2.146577049410214,
            "volume_24h": 2448977773.31,
            "market_cap": 123235475763.3471
        },
        {
            "timestamp": "2024-12-30 16:20:00",
            "symbol": "XRP",
            "price": 2.0206395734323386,
            "volume_24h": 5902342083.42,
            "market_cap": 116005376674.73866
        },
        {
            "timestamp": "2024-12-31 16:20:00",
            "symbol": "XRP",
            "price": 2.1210625336018065,
            "volume_24h": 5883201137.97,
            "market_cap": 121770681617.99628
        },
        {
            "timestamp": "2025-01-01 16:20:00",
            "symbol": "XRP",
            "price": 2.25114228571462,
            "volume_24h": 4808380588.12,
            "market_cap": 129238589719.96976
        },
        {
            "timestamp": "2025-01-02 16:20:00",
            "symbol": "XRP",
            "price": 2.407774602077459,
            "volume_24h": 10603181317.53,
            "market_cap": 138230886564.0048
        },
        {
            "timestamp": "2025-01-03 16:20:00",
            "symbol": "XRP",
            "price": 2.4504645080608616,
            "volume_24h": 5785872707.1,
            "market_cap": 140681723758.78552
        },
        {
            "timestamp": "2025-01-04 16:20:00",
            "symbol": "XRP",
            "price": 2.431118975719115,
            "volume_24h": 5043644662.38,
            "market_cap": 139571092354.85553
        },
        {
            "timestamp": "2025-01-05 16:20:00",
            "symbol": "XRP",
            "price": 2.367482800428734,
            "volume_24h": 4059101244.2,
            "market_cap": 135917725083.54114
        },
        {
            "timestamp": "2025-01-06 16:20:00",
            "symbol": "XRP",
            "price": 2.4531382072664627,
            "volume_24h": 4259007961.18,
            "market_cap": 140835221437.21307
        },
        {
            "timestamp": "2025-01-07 16:20:00",
            "symbol": "XRP",
            "price": 2.3222784399430427,
            "volume_24h": 6131760951.15,
            "market_cap": 133412688851.67696
        },
        {
            "timestamp": "2025-01-08 16:20:00",
            "symbol": "XRP",
            "price": 2.3007502771674724,
            "volume_24h": 7554673716.62,
            "market_cap": 132175916364.56906
        },
        {
            "timestamp": "2025-01-09 16:20:00",
            "symbol": "XRP",
            "price": 2.313212505659062,
            "volume_24h": 7791834574.75,
            "market_cap": 132891859545.0034
        },
        {
            "timestamp": "2025-01-10 16:20:00",
            "symbol": "XRP",
            "price": 2.2835275513821647,
            "volume_24h": 5390178562.7,
            "market_cap": 131186487139.86794
        },
        {
            "timestamp": "2025-01-11 16:20:00",
            "symbol": "XRP",
            "price": 2.4125251766935376,
            "volume_24h": 4780340406.4,
            "market_cap": 138703600569.88657
        },
        {
            "timestamp": "2025-01-12 16:20:00",
            "symbol": "XRP",
            "price": 2.5256801358881584,
            "volume_24h": 8758099268.91,
            "market_cap": 145209232268.2646
        },
        {
            "timestamp": "2025-01-13 16:20:00",
            "symbol": "XRP",
            "price": 2.4664885304761457,
            "volume_24h": 9310615097.63,
            "market_cap": 141806122168.74207
        },
        {
            "timestamp": "2025-01-14 16:20:00",
            "symbol": "XRP",
            "price": 2.563059014943339,
            "volume_24h": 7528266041.74,
            "market_cap": 147358260664.03268
        },
        {
            "timestamp": "2025-01-15 16:20:00",
            "symbol": "XRP",
            "price": 2.952588867086705,
            "volume_24h": 18836515130.52,
            "market_cap": 169753547371.7924
        },
        {
            "timestamp": "2025-01-16 16:20:00",
            "symbol": "XRP",
            "price": 3.3284020308702487,
            "volume_24h": 26781567796.01,
            "market_cap": 191360218863.5194
        },
        {
            "timestamp": "2025-01-17 16:20:00",
            "symbol": "XRP",
            "price": 3.2367188585703826,
            "volume_24h": 16385133519.79,
            "market_cap": 186319914674.3357
        },
        {
            "timestamp": "2025-01-18 16:20:00",
            "symbol": "XRP",
            "price": 3.141953336927628,
            "volume_24h": 12445907256.34,
            "market_cap": 180864790309.79767
        },
        {
            "timestamp": "2025-01-19 16:20:00",
            "symbol": "XRP",
            "price": 3.165436433180214,
            "volume_24h": 11435342026.65,
            "market_cap": 182216581639.6148
        },
        {
            "timestamp": "2025-01-20 16:20:00",
            "symbol": "XRP",
            "price": 3.2623661447746435,
            "volume_24h": 21281329858.14,
            "market_cap": 187796286390.88223
        },
        {
            "timestamp": "2025-01-21 16:20:00",
            "symbol": "XRP",
            "price": 3.176302937135456,
            "volume_24h": 14605291700.95,
            "market_cap": 182842105875.1807
        },
        {
            "timestamp": "2025-01-22 16:20:00",
            "symbol": "XRP",
            "price": 3.15727491609118,
            "volume_24h": 7372042995.3,
            "market_cap": 181746768463.3436
        },
        {
            "timestamp": "2025-01-23 16:20:00",
            "symbol": "XRP",
            "price": 3.166023586400197,
            "volume_24h": 8995642896.17,
            "market_cap": 182250380787.0317
        },
        {
            "timestamp": "2025-01-24 16:20:00",
            "symbol": "XRP",
            "price": 3.158936785372029,
            "volume_24h": 7875157303.48,
            "market_cap": 181842433041.00305
        },
        {
            "timestamp": "2025-01-25 16:20:00",
            "symbol": "XRP",
            "price": 3.134502105079722,
            "volume_24h": 4128662964.19,
            "market_cap": 180676497952.31796
        },
        {
            "timestamp": "2025-01-26 16:20:00",
            "symbol": "XRP",
            "price": 3.111285332261862,
            "volume_24h": 2894839126.14,
            "market_cap": 179338255046.15186
        },
        {
            "timestamp": "2025-01-27 16:20:00",
            "symbol": "XRP",
            "price": 2.983088455274685,
            "volume_24h": 14140557309.76,
            "market_cap": 171948831780.1949
        },
        {
            "timestamp": "2025-01-28 16:20:00",
            "symbol": "XRP",
            "price": 3.1665831550626518,
            "volume_24h": 10100876524.86,
            "market_cap": 182525688530.9925
        },
        {
            "timestamp": "2025-01-29 16:20:00",
            "symbol": "XRP",
            "price": 3.0450271186735764,
            "volume_24h": 6127102366.97,
            "market_cap": 175519051360.72202
        },
        {
            "timestamp": "2025-01-30 16:20:00",
            "symbol": "XRP",
            "price": 3.1236360246417108,
            "volume_24h": 6960205488.0,
            "market_cap": 180050163914.50488
        },
        {
            "timestamp": "2025-01-31 16:20:00",
            "symbol": "XRP",
            "price": 3.0891641865397284,
            "volume_24h": 4321232481.75,
            "market_cap": 178256302914.11685
        },
        {
            "timestamp": "2025-02-01 16:20:00",
            "symbol": "XRP",
            "price": 2.972980448701775,
            "volume_24h": 4283277495.14,
            "market_cap": 171552067620.96625
        },
        {
            "timestamp": "2025-02-02 16:20:00",
            "symbol": "XRP",
            "price": 2.77978950604647,
            "volume_24h": 7933129626.65,
            "market_cap": 160404229204.2577
        },
        {
            "timestamp": "2025-02-03 16:20:00",
            "symbol": "XRP",
            "price": 2.5916505754063284,
            "volume_24h": 40246532788.01,
            "market_cap": 149547910735.89783
        },
        {
            "timestamp": "2025-02-04 16:20:00",
            "symbol": "XRP",
            "price": 2.644652805199528,
            "volume_24h": 15602469898.65,
            "market_cap": 152606337209.41046
        },
        {
            "timestamp": "2025-02-05 16:20:00",
            "symbol": "XRP",
            "price": 2.4597681655838253,
            "volume_24h": 9171282472.95,
            "market_cap": 141937803478.7964
        },
        {
            "timestamp": "2025-02-06 16:20:00",
            "symbol": "XRP",
            "price": 2.311499706339588,
            "volume_24h": 7968496815.66,
            "market_cap": 133382160014.19472
        },
        {
            "timestamp": "2025-02-07 16:20:00",
            "symbol": "XRP",
            "price": 2.474567350866804,
            "volume_24h": 9013381338.23,
            "market_cap": 142937309585.76532
        },
        {
            "timestamp": "2025-02-08 16:20:00",
            "symbol": "XRP",
            "price": 2.382585458783013,
            "volume_24h": 5811570645.26,
            "market_cap": 137624201344.65808
        },
        {
            "timestamp": "2025-02-09 16:20:00",
            "symbol": "XRP",
            "price": 2.4307934988854223,
            "volume_24h": 3979293305.14,
            "market_cap": 140408820462.10797
        },
        {
            "timestamp": "2025-02-10 16:20:00",
            "symbol": "XRP",
            "price": 2.427078315665911,
            "volume_24h": 5548284950.36,
            "market_cap": 140194222021.76685
        },
        {
            "timestamp": "2025-02-11 16:20:00",
            "symbol": "XRP",
            "price": 2.4732932095572515,
            "volume_24h": 4503097568.78,
            "market_cap": 142863711940.19882
        },
        {
            "timestamp": "2025-02-12 16:20:00",
            "symbol": "XRP",
            "price": 2.3906970016279847,
            "volume_24h": 5660371612.92,
            "market_cap": 138092744708.58948
        },
        {
            "timestamp": "2025-02-13 16:20:00",
            "symbol": "XRP",
            "price": 2.4403138094423147,
            "volume_24h": 4104612370.3,
            "market_cap": 140958737835.3193
        },
        {
            "timestamp": "2025-02-14 16:20:00",
            "symbol": "XRP",
            "price": 2.706781477662664,
            "volume_24h": 8563814688.29,
            "market_cap": 156503032557.26602
        },
        {
            "timestamp": "2025-02-15 16:20:00",
            "symbol": "XRP",
            "price": 2.7823483749450277,
            "volume_24h": 5901080625.48,
            "market_cap": 160872224781.76935
        },
        {
            "timestamp": "2025-02-16 16:20:00",
            "symbol": "XRP",
            "price": 2.723087914061084,
            "volume_24h": 3438787385.76,
            "market_cap": 157445852200.30518
        },
        {
            "timestamp": "2025-02-17 16:20:00",
            "symbol": "XRP",
            "price": 2.633414477042848,
            "volume_24h": 4563103626.42,
            "market_cap": 152261035860.6775
        },
        {
            "timestamp": "2025-02-18 16:20:00",
            "symbol": "XRP",
            "price": 2.539542591901819,
            "volume_24h": 4763812758.97,
            "market_cap": 146833470016.2694
        },
        {
            "timestamp": "2025-02-19 16:20:00",
            "symbol": "XRP",
            "price": 2.644896785451921,
            "volume_24h": 5021678870.83,
            "market_cap": 152924929899.26443
        },
        {
            "timestamp": "2025-02-20 16:20:00",
            "symbol": "XRP",
            "price": 2.6921695498153677,
            "volume_24h": 5260308864.24,
            "market_cap": 155658187475.2077
        },
        {
            "timestamp": "2025-02-21 16:20:00",
            "symbol": "XRP",
            "price": 2.6372649988283823,
            "volume_24h": 4572622909.73,
            "market_cap": 152665484707.1601
        },
        {
            "timestamp": "2025-02-22 16:20:00",
            "symbol": "XRP",
            "price": 2.596652064381125,
            "volume_24h": 4210191153.55,
            "market_cap": 150314491035.48697
        },
        {
            "timestamp": "2025-02-23 16:20:00",
            "symbol": "XRP",
            "price": 2.530709685922269,
            "volume_24h": 2400900464.89,
            "market_cap": 146497231421.972
        },
        {
            "timestamp": "2025-02-24 16:20:00",
            "symbol": "XRP",
            "price": 2.4388154966138846,
            "volume_24h": 4730665292.64,
            "market_cap": 141177678415.8203
        },
        {
            "timestamp": "2025-02-25 16:20:00",
            "symbol": "XRP",
            "price": 2.1929114649272266,
            "volume_24h": 13655536700.23,
            "market_cap": 126942833527.05626
        },
        {
            "timestamp": "2025-02-26 16:20:00",
            "symbol": "XRP",
            "price": 2.2333090829582987,
            "volume_24h": 6678054614.88,
            "market_cap": 129281363003.7938
        },
        {
            "timestamp": "2025-02-27 16:20:00",
            "symbol": "XRP",
            "price": 2.2080966243930367,
            "volume_24h": 6136476035.87,
            "market_cap": 127821869092.77806
        },
        {
            "timestamp": "2025-02-28 16:20:00",
            "symbol": "XRP",
            "price": 2.131964500360818,
            "volume_24h": 8590053605.67,
            "market_cap": 123546785312.77614
        },
        {
            "timestamp": "2025-03-01 16:20:00",
            "symbol": "XRP",
            "price": 2.156920944904359,
            "volume_24h": 3736921189.14,
            "market_cap": 124993004748.26357
        },
        {
            "timestamp": "2025-03-02 16:20:00",
            "symbol": "XRP",
            "price": 2.735598595964186,
            "volume_24h": 8521395661.33,
            "market_cap": 158527223309.9189
        },
        {
            "timestamp": "2025-03-03 16:20:00",
            "symbol": "XRP",
            "price": 2.5997706412113453,
            "volume_24h": 18664728830.92,
            "market_cap": 150656028849.37204
        },
        {
            "timestamp": "2025-03-04 16:20:00",
            "symbol": "XRP",
            "price": 2.3721465819470637,
            "volume_24h": 13213382153.63,
            "market_cap": 137465274135.9669
        },
        {
            "timestamp": "2025-03-05 16:20:00",
            "symbol": "XRP",
            "price": 2.449660772869605,
            "volume_24h": 7785584197.37,
            "market_cap": 141957201230.89743
        },
        {
            "timestamp": "2025-03-06 16:20:00",
            "symbol": "XRP",
            "price": 2.620841527460301,
            "volume_24h": 6319259648.23,
            "market_cap": 151877081197.71512
        },
        {
            "timestamp": "2025-03-07 16:20:00",
            "symbol": "XRP",
            "price": 2.429254100298566,
            "volume_24h": 8365517949.9,
            "market_cap": 140774639891.50574
        },
        {
            "timestamp": "2025-03-08 16:20:00",
            "symbol": "XRP",
            "price": 2.3341996214298604,
            "volume_24h": 6152601237.38,
            "market_cap": 135484648480.38908
        },
        {
            "timestamp": "2025-03-09 16:20:00",
            "symbol": "XRP",
            "price": 2.1863411225912195,
            "volume_24h": 4205008364.69,
            "market_cap": 126902453300.47556
        },
        {
            "timestamp": "2025-03-10 16:20:00",
            "symbol": "XRP",
            "price": 2.106143579927224,
            "volume_24h": 7969311647.36,
            "market_cap": 122247523286.32085
        },
        {
            "timestamp": "2025-03-11 16:20:00",
            "symbol": "XRP",
            "price": 2.11539415341003,
            "volume_24h": 9193374015.48,
            "market_cap": 122784457096.5458
        },
        {
            "timestamp": "2025-03-12 16:20:00",
            "symbol": "XRP",
            "price": 2.2243850990083844,
            "volume_24h": 6828250853.22,
            "market_cap": 129110651230.23036
        },
        {
            "timestamp": "2025-03-13 16:20:00",
            "symbol": "XRP",
            "price": 2.2866308086682463,
            "volume_24h": 5403824861.73,
            "market_cap": 132723597618.89986
        },
        {
            "timestamp": "2025-03-14 16:20:00",
            "symbol": "XRP",
            "price": 2.355372266412723,
            "volume_24h": 4943259999.62,
            "market_cap": 136868138168.16248
        },
        {
            "timestamp": "2025-03-15 16:20:00",
            "symbol": "XRP",
            "price": 2.4195789159318424,
            "volume_24h": 3789722281.14,
            "market_cap": 140599117216.7872
        },
        {
            "timestamp": "2025-03-16 16:20:00",
            "symbol": "XRP",
            "price": 2.3342807560412866,
            "volume_24h": 3609340741.4,
            "market_cap": 135642533283.16928
        },
        {
            "timestamp": "2025-03-17 16:20:00",
            "symbol": "XRP",
            "price": 2.346908033517876,
            "volume_24h": 3579100383.94,
            "market_cap": 136376290737.5634
        },
        {
            "timestamp": "2025-03-18 16:20:00",
            "symbol": "XRP",
            "price": 2.243813821259988,
            "volume_24h": 3555775819.53,
            "market_cap": 130385597423.873
        },
        {
            "timestamp": "2025-03-19 16:20:00",
            "symbol": "XRP",
            "price": 2.5296764802555964,
            "volume_24h": 7502063650.88,
            "market_cap": 146996767754.12323
        },
        {
            "timestamp": "2025-03-20 16:20:00",
            "symbol": "XRP",
            "price": 2.4377811655750574,
            "volume_24h": 6631998448.15,
            "market_cap": 141656830281.79382
        },
        {
            "timestamp": "2025-03-21 16:20:00",
            "symbol": "XRP",
            "price": 2.370963685426823,
            "volume_24h": 3885411245.55,
            "market_cap": 137890770628.4553
        },
        {
            "timestamp": "2025-03-22 16:20:00",
            "symbol": "XRP",
            "price": 2.3806906986569296,
            "volume_24h": 2020923896.5,
            "market_cap": 138456475349.47513
        },
        {
            "timestamp": "2025-03-23 16:20:00",
            "symbol": "XRP",
            "price": 2.413758631760765,
            "volume_24h": 1926662024.91,
            "market_cap": 140379643893.47467
        },
        {
            "timestamp": "2025-03-24 16:20:00",
            "symbol": "XRP",
            "price": 2.459653599407168,
            "volume_24h": 3184810855.87,
            "market_cap": 143048808543.96204
        },
        {
            "timestamp": "2025-03-25 16:20:00",
            "symbol": "XRP",
            "price": 2.4401191167151386,
            "volume_24h": 2588603858.9,
            "market_cap": 141912719919.41306
        },
        {
            "timestamp": "2025-03-26 16:20:00",
            "symbol": "XRP",
            "price": 2.4073351425008083,
            "volume_24h": 3058720380.22,
            "market_cap": 140006065888.2006
        },
        {
            "timestamp": "2025-03-27 16:20:00",
            "symbol": "XRP",
            "price": 2.34710146540882,
            "volume_24h": 3188758595.9,
            "market_cap": 136614677611.04608
        },
        {
            "timestamp": "2025-03-28 16:20:00",
            "symbol": "XRP",
            "price": 2.178826430980622,
            "volume_24h": 4017367717.42,
            "market_cap": 126820111880.84589
        },
        {
            "timestamp": "2025-03-29 16:20:00",
            "symbol": "XRP",
            "price": 2.111982583342028,
            "volume_24h": 3962947827.15,
            "market_cap": 122929419113.61272
        },
        {
            "timestamp": "2025-03-30 16:20:00",
            "symbol": "XRP",
            "price": 2.144420359916272,
            "volume_24h": 2895964813.62,
            "market_cap": 124817482520.50838
        },
        {
            "timestamp": "2025-03-31 16:20:00",
            "symbol": "XRP",
            "price": 2.1165019949119257,
            "volume_24h": 4461424418.22,
            "market_cap": 123192474615.77684
        },
        {
            "timestamp": "2025-04-01 16:20:00",
            "symbol": "XRP",
            "price": 2.1645253953234787,
            "volume_24h": 4140172763.86,
            "market_cap": 125987710127.1942
        },
        {
            "timestamp": "2025-04-02 16:20:00",
            "symbol": "XRP",
            "price": 2.1786840511862504,
            "volume_24h": 3670437232.36,
            "market_cap": 126811824565.62196
        },
        {
            "timestamp": "2025-04-03 16:20:00",
            "symbol": "XRP",
            "price": 2.009756426189451,
            "volume_24h": 7321989206.46,
            "market_cap": 116979274346.274
        },
        {
            "timestamp": "2025-04-04 16:20:00",
            "symbol": "XRP",
            "price": 2.1166982188559778,
            "volume_24h": 5528745691.98,
            "market_cap": 123350534808.46204
        },
        {
            "timestamp": "2025-04-05 16:20:00",
            "symbol": "XRP",
            "price": 2.1270362664664524,
            "volume_24h": 2760882429.39,
            "market_cap": 123952984269.73508
        },
        {
            "timestamp": "2025-04-06 16:20:00",
            "symbol": "XRP",
            "price": 2.0666530737667714,
            "volume_24h": 2137592592.87,
            "market_cap": 120434155252.63805
        },
        {
            "timestamp": "2025-04-07 16:20:00",
            "symbol": "XRP",
            "price": 1.8645214800968413,
            "volume_24h": 15462925001.78,
            "market_cap": 108654941778.19753
        },
        {
            "timestamp": "2025-04-08 16:20:00",
            "symbol": "XRP",
            "price": 1.8862865948793293,
            "volume_24h": 6341479077.7,
            "market_cap": 109923303287.96364
        },
        {
            "timestamp": "2025-04-09 16:20:00",
            "symbol": "XRP",
            "price": 1.8422504398025603,
            "volume_24h": 7359141724.54,
            "market_cap": 107357097472.11353
        },
        {
            "timestamp": "2025-04-10 16:20:00",
            "symbol": "XRP",
            "price": 1.936440388881839,
            "volume_24h": 7240072076.61,
            "market_cap": 112846014356.44398
        },
        {
            "timestamp": "2025-04-11 16:20:00",
            "symbol": "XRP",
            "price": 1.996202309220253,
            "volume_24h": 3426131768.31,
            "market_cap": 116328638742.50703
        },
        {
            "timestamp": "2025-04-12 16:20:00",
            "symbol": "XRP",
            "price": 2.1569571025527616,
            "volume_24h": 3490305342.84,
            "market_cap": 125832869055.03313
        },
        {
            "timestamp": "2025-04-13 16:20:00",
            "symbol": "XRP",
            "price": 2.160078005052348,
            "volume_24h": 3802712457.55,
            "market_cap": 126014936707.23592
        },
        {
            "timestamp": "2025-04-14 16:20:00",
            "symbol": "XRP",
            "price": 2.119284278806125,
            "volume_24h": 3916582559.69,
            "market_cap": 123635106525.6655
        },
        {
            "timestamp": "2025-04-15 16:20:00",
            "symbol": "XRP",
            "price": 2.13807515058329,
            "volume_24h": 2813600953.5,
            "market_cap": 124731331065.7676
        },
        {
            "timestamp": "2025-04-16 16:20:00",
            "symbol": "XRP",
            "price": 2.098088338057027,
            "volume_24h": 3281713071.78,
            "market_cap": 122398574731.11893
        },
        {
            "timestamp": "2025-04-17 16:20:00",
            "symbol": "XRP",
            "price": 2.0775540378433544,
            "volume_24h": 2921788335.79,
            "market_cap": 121200641815.8719
        },
        {
            "timestamp": "2025-04-18 16:20:00",
            "symbol": "XRP",
            "price": 2.065509447653997,
            "volume_24h": 2098806433.95,
            "market_cap": 120497982806.87946
        },
        {
            "timestamp": "2025-04-19 16:20:00",
            "symbol": "XRP",
            "price": 2.079066589967872,
            "volume_24h": 1545214634.4,
            "market_cap": 121405362891.59093
        },
        {
            "timestamp": "2025-04-20 16:20:00",
            "symbol": "XRP",
            "price": 2.053621991076527,
            "volume_24h": 1622879136.82,
            "market_cap": 119919546719.59308
        },
        {
            "timestamp": "2025-04-21 16:20:00",
            "symbol": "XRP",
            "price": 2.112198835975198,
            "volume_24h": 2461608230.0,
            "market_cap": 123340092817.67526
        },
        {
            "timestamp": "2025-04-22 16:20:00",
            "symbol": "XRP",
            "price": 2.1475579152691973,
            "volume_24h": 3189754027.69,
            "market_cap": 125404856819.9032
        },
        {
            "timestamp": "2025-04-23 16:20:00",
            "symbol": "XRP",
            "price": 2.2216363262466685,
            "volume_24h": 5804187711.92,
            "market_cap": 129730603965.54478
        }
    ],
    "investment_thesis": "XRP represents a moderate opportunity with a balanced risk-reward profile (score: 56.5/100). Technical indicators are moderately positive (60.0/100), suggesting potential for price appreciation. Fundamentals remain relatively strong (65.0/100), supporting a stable market position. Sentiment indicators are neutral (40.0/100), showing balanced market perception. Multiple bullish patterns (inverse head and shoulders, double bottom) have been identified, strengthening the positive case. Chart analysis reveals a double top pattern, suggesting potential downside risk. This analysis is set against a broader market that is currently in a strong bullish trend with sentiment showing greed. The current recommendation for XRP is Hold, suggesting investors maintain existing positions while monitoring for changes in market conditions.",
    "risk_assessment": "XRP is classified as a conservative risk investment. As a large-cap cryptocurrency (market cap: $129.21B) ranked #8 globally, it presents relatively lower volatility compared to smaller cryptocurrencies. Historical volatility (71.9% annualized) is moderate for the crypto market. With a daily trading volume of $5786.65M and liquidity ratio of 0.045, XRP offers sufficient liquidity for most investors. Primary risks include regulatory changes, market-wide corrections, and competition from other established cryptocurrencies. The RSI of 78.9 indicates overbought conditions, increasing the risk of a short-term correction. The current bullish market environment potentially reduces short-term downside risk, though caution is warranted for any sudden sentiment changes. High Bitcoin dominance (63.5%) may limit altcoin performance in the near term.",
    "analysis_time": "2025-04-23 20:16:22"
}