result
"{'date': '2025-03-20', 'new_52week_highs': 1, 'new_52week_lows': 1, 'total': 478}"
"{'date': '2025-03-19', 'new_52week_highs': 2, 'new_52week_lows': 0, 'total': 478}"
"{'date': '2025-03-18', 'new_52week_highs': 1, 'new_52week_lows': 15, 'total': 478}"
"{'date': '2025-03-17', 'new_52week_highs': 0, 'new_52week_lows': 6, 'total': 500}"
"{'date': '2025-03-16', 'new_52week_highs': 0, 'new_52week_lows': 4, 'total': 478}"
"{'date': '2025-03-15', 'new_52week_highs': 1, 'new_52week_lows': 1, 'total': 478}"
"{'date': '2025-03-14', 'new_52week_highs': 0, 'new_52week_lows': 0, 'total': 479}"
"{'date': '2025-03-13', 'new_52week_highs': 2, 'new_52week_lows': 13, 'total': 479}"
"{'date': '2025-03-12', 'new_52week_highs': 2, 'new_52week_lows': 8, 'total': 479}"
"{'date': '2025-03-11', 'new_52week_highs': 3, 'new_52week_lows': 170, 'total': 479}"
"{'date': '2025-03-10', 'new_52week_highs': 3, 'new_52week_lows': 141, 'total': 480}"
"{'date': '2025-03-09', 'new_52week_highs': 0, 'new_52week_lows': 113, 'total': 480}"
"{'date': '2025-03-08', 'new_52week_highs': 1, 'new_52week_lows': 15, 'total': 480}"
"{'date': '2025-03-07', 'new_52week_highs': 0, 'new_52week_lows': 10, 'total': 482}"
"{'date': '2025-03-06', 'new_52week_highs': 0, 'new_52week_lows': 6, 'total': 483}"
"{'date': '2025-03-05', 'new_52week_highs': 0, 'new_52week_lows': 15, 'total': 483}"
"{'date': '2025-03-04', 'new_52week_highs': 0, 'new_52week_lows': 76, 'total': 483}"
"{'date': '2025-03-03', 'new_52week_highs': 0, 'new_52week_lows': 11, 'total': 483}"
"{'date': '2025-03-02', 'new_52week_highs': 3, 'new_52week_lows': 0, 'total': 483}"
"{'date': '2025-03-01', 'new_52week_highs': 1, 'new_52week_lows': 0, 'total': 483}"
"{'date': '2025-02-28', 'new_52week_highs': 1, 'new_52week_lows': 9, 'total': 485}"
"{'date': '2025-02-27', 'new_52week_highs': 2, 'new_52week_lows': 0, 'total': 485}"
"{'date': '2025-02-26', 'new_52week_highs': 1, 'new_52week_lows': 3, 'total': 485}"
"{'date': '2025-02-25', 'new_52week_highs': 0, 'new_52week_lows': 34, 'total': 482}"
"{'date': '2025-02-24', 'new_52week_highs': 0, 'new_52week_lows': 24, 'total': 482}"
"{'date': '2025-02-23', 'new_52week_highs': 2, 'new_52week_lows': 0, 'total': 482}"
"{'date': '2025-02-22', 'new_52week_highs': 0, 'new_52week_lows': 1, 'total': 482}"
"{'date': '2025-02-21', 'new_52week_highs': 0, 'new_52week_lows': 1, 'total': 482}"
"{'date': '2025-02-20', 'new_52week_highs': 2, 'new_52week_lows': 1, 'total': 482}"
"{'date': '2025-02-19', 'new_52week_highs': 0, 'new_52week_lows': 3, 'total': 486}"
"{'date': '2025-02-18', 'new_52week_highs': 0, 'new_52week_lows': 13, 'total': 489}"
"{'date': '2025-02-17', 'new_52week_highs': 0, 'new_52week_lows': 2, 'total': 489}"
"{'date': '2025-02-16', 'new_52week_highs': 1, 'new_52week_lows': 0, 'total': 489}"
"{'date': '2025-02-15', 'new_52week_highs': 4, 'new_52week_lows': 1, 'total': 489}"
"{'date': '2025-02-14', 'new_52week_highs': 5, 'new_52week_lows': 0, 'total': 489}"
"{'date': '2025-02-13', 'new_52week_highs': 1, 'new_52week_lows': 14, 'total': 489}"
"{'date': '2025-02-12', 'new_52week_highs': 1, 'new_52week_lows': 11, 'total': 489}"
"{'date': '2025-02-11', 'new_52week_highs': 2, 'new_52week_lows': 3, 'total': 489}"
"{'date': '2025-02-10', 'new_52week_highs': 1, 'new_52week_lows': 0, 'total': 491}"
"{'date': '2025-02-09', 'new_52week_highs': 1, 'new_52week_lows': 9, 'total': 491}"
"{'date': '2025-02-08', 'new_52week_highs': 0, 'new_52week_lows': 7, 'total': 491}"
"{'date': '2025-02-07', 'new_52week_highs': 2, 'new_52week_lows': 4, 'total': 491}"
"{'date': '2025-02-06', 'new_52week_highs': 0, 'new_52week_lows': 5, 'total': 493}"
"{'date': '2025-02-05', 'new_52week_highs': 0, 'new_52week_lows': 2, 'total': 493}"
"{'date': '2025-02-04', 'new_52week_highs': 0, 'new_52week_lows': 2, 'total': 493}"
"{'date': '2025-02-03', 'new_52week_highs': 6, 'new_52week_lows': 237, 'total': 493}"
"{'date': '2025-02-02', 'new_52week_highs': 2, 'new_52week_lows': 158, 'total': 493}"
"{'date': '2025-02-01', 'new_52week_highs': 1, 'new_52week_lows': 31, 'total': 493}"
"{'date': '2025-01-31', 'new_52week_highs': 1, 'new_52week_lows': 2, 'total': 493}"
"{'date': '2025-01-30', 'new_52week_highs': 3, 'new_52week_lows': 15, 'total': 493}"
"{'date': '2025-01-29', 'new_52week_highs': 0, 'new_52week_lows': 56, 'total': 493}"
"{'date': '2025-01-28', 'new_52week_highs': 1, 'new_52week_lows': 80, 'total': 493}"
"{'date': '2025-01-27', 'new_52week_highs': 0, 'new_52week_lows': 73, 'total': 493}"
"{'date': '2025-01-26', 'new_52week_highs': 3, 'new_52week_lows': 6, 'total': 493}"
"{'date': '2025-01-25', 'new_52week_highs': 2, 'new_52week_lows': 41, 'total': 493}"
"{'date': '2025-01-24', 'new_52week_highs': 0, 'new_52week_lows': 50, 'total': 493}"
"{'date': '2025-01-23', 'new_52week_highs': 2, 'new_52week_lows': 53, 'total': 493}"
"{'date': '2025-01-22', 'new_52week_highs': 2, 'new_52week_lows': 6, 'total': 493}"
"{'date': '2025-01-21', 'new_52week_highs': 4, 'new_52week_lows': 51, 'total': 493}"
"{'date': '2025-01-20', 'new_52week_highs': 9, 'new_52week_lows': 63, 'total': 493}"
"{'date': '2025-01-19', 'new_52week_highs': 14, 'new_52week_lows': 59, 'total': 493}"
"{'date': '2025-01-18', 'new_52week_highs': 6, 'new_52week_lows': 18, 'total': 493}"
"{'date': '2025-01-17', 'new_52week_highs': 3, 'new_52week_lows': 1, 'total': 496}"
"{'date': '2025-01-16', 'new_52week_highs': 8, 'new_52week_lows': 1, 'total': 496}"
"{'date': '2025-01-15', 'new_52week_highs': 8, 'new_52week_lows': 4, 'total': 496}"
"{'date': '2025-01-14', 'new_52week_highs': 1, 'new_52week_lows': 1, 'total': 496}"
"{'date': '2025-01-13', 'new_52week_highs': 1, 'new_52week_lows': 20, 'total': 499}"
"{'date': '2025-01-12', 'new_52week_highs': 0, 'new_52week_lows': 1, 'total': 499}"
"{'date': '2025-01-11', 'new_52week_highs': 0, 'new_52week_lows': 0, 'total': 499}"
"{'date': '2025-01-10', 'new_52week_highs': 0, 'new_52week_lows': 3, 'total': 501}"
"{'date': '2025-01-09', 'new_52week_highs': 0, 'new_52week_lows': 2, 'total': 501}"
"{'date': '2025-01-08', 'new_52week_highs': 0, 'new_52week_lows': 6, 'total': 501}"
"{'date': '2025-01-07', 'new_52week_highs': 1, 'new_52week_lows': 1, 'total': 501}"
"{'date': '2025-01-06', 'new_52week_highs': 0, 'new_52week_lows': 0, 'total': 501}"
"{'date': '2025-01-05', 'new_52week_highs': 1, 'new_52week_lows': 0, 'total': 501}"
"{'date': '2025-01-04', 'new_52week_highs': 0, 'new_52week_lows': 0, 'total': 501}"
"{'date': '2025-01-03', 'new_52week_highs': 0, 'new_52week_lows': 0, 'total': 501}"
"{'date': '2025-01-02', 'new_52week_highs': 2, 'new_52week_lows': 2, 'total': 501}"
"{'date': '2025-01-01', 'new_52week_highs': 0, 'new_52week_lows': 3, 'total': 501}"
"{'date': '2024-12-31', 'new_52week_highs': 0, 'new_52week_lows': 3, 'total': 501}"
"{'date': '2024-12-30', 'new_52week_highs': 0, 'new_52week_lows': 4, 'total': 501}"
"{'date': '2024-12-29', 'new_52week_highs': 1, 'new_52week_lows': 1, 'total': 501}"
"{'date': '2024-12-28', 'new_52week_highs': 2, 'new_52week_lows': 2, 'total': 501}"
"{'date': '2024-12-27', 'new_52week_highs': 1, 'new_52week_lows': 0, 'total': 503}"
"{'date': '2024-12-26', 'new_52week_highs': 0, 'new_52week_lows': 2, 'total': 503}"
"{'date': '2024-12-25', 'new_52week_highs': 3, 'new_52week_lows': 2, 'total': 507}"
"{'date': '2024-12-24', 'new_52week_highs': 4, 'new_52week_lows': 2, 'total': 507}"
"{'date': '2024-12-23', 'new_52week_highs': 4, 'new_52week_lows': 5, 'total': 507}"
"{'date': '2024-12-22', 'new_52week_highs': 3, 'new_52week_lows': 4, 'total': 507}"
"{'date': '2024-12-21', 'new_52week_highs': 3, 'new_52week_lows': 2, 'total': 507}"
"{'date': '2024-12-20', 'new_52week_highs': 3, 'new_52week_lows': 46, 'total': 507}"
"{'date': '2024-12-19', 'new_52week_highs': 1, 'new_52week_lows': 32, 'total': 508}"
"{'date': '2024-12-18', 'new_52week_highs': 1, 'new_52week_lows': 20, 'total': 508}"
"{'date': '2024-12-17', 'new_52week_highs': 9, 'new_52week_lows': 4, 'total': 508}"
"{'date': '2024-12-16', 'new_52week_highs': 14, 'new_52week_lows': 1, 'total': 508}"
"{'date': '2024-12-15', 'new_52week_highs': 10, 'new_52week_lows': 1, 'total': 508}"
"{'date': '2024-12-14', 'new_52week_highs': 4, 'new_52week_lows': 0, 'total': 508}"
"{'date': '2024-12-13', 'new_52week_highs': 8, 'new_52week_lows': 0, 'total': 510}"
"{'date': '2024-12-12', 'new_52week_highs': 10, 'new_52week_lows': 0, 'total': 510}"
"{'date': '2024-12-11', 'new_52week_highs': 4, 'new_52week_lows': 0, 'total': 510}"
"{'date': '2024-12-10', 'new_52week_highs': 3, 'new_52week_lows': 1, 'total': 511}"
"{'date': '2024-12-09', 'new_52week_highs': 5, 'new_52week_lows': 8, 'total': 514}"
"{'date': '2024-12-08', 'new_52week_highs': 11, 'new_52week_lows': 0, 'total': 514}"
"{'date': '2024-12-07', 'new_52week_highs': 15, 'new_52week_lows': 0, 'total': 514}"
"{'date': '2024-12-06', 'new_52week_highs': 13, 'new_52week_lows': 1, 'total': 514}"
"{'date': '2024-12-05', 'new_52week_highs': 17, 'new_52week_lows': 2, 'total': 514}"
"{'date': '2024-12-04', 'new_52week_highs': 30, 'new_52week_lows': 2, 'total': 514}"
"{'date': '2024-12-03', 'new_52week_highs': 50, 'new_52week_lows': 0, 'total': 514}"
"{'date': '2024-12-02', 'new_52week_highs': 35, 'new_52week_lows': 1, 'total': 514}"
"{'date': '2024-12-01', 'new_52week_highs': 19, 'new_52week_lows': 1, 'total': 514}"
"{'date': '2024-11-30', 'new_52week_highs': 16, 'new_52week_lows': 1, 'total': 514}"
"{'date': '2024-11-29', 'new_52week_highs': 11, 'new_52week_lows': 2, 'total': 514}"
"{'date': '2024-11-28', 'new_52week_highs': 3, 'new_52week_lows': 2, 'total': 514}"
"{'date': '2024-11-27', 'new_52week_highs': 3, 'new_52week_lows': 2, 'total': 514}"
"{'date': '2024-11-26', 'new_52week_highs': 0, 'new_52week_lows': 3, 'total': 514}"
"{'date': '2024-11-25', 'new_52week_highs': 2, 'new_52week_lows': 0, 'total': 514}"
"{'date': '2024-11-24', 'new_52week_highs': 10, 'new_52week_lows': 0, 'total': 514}"
"{'date': '2024-11-23', 'new_52week_highs': 28, 'new_52week_lows': 1, 'total': 514}"
"{'date': '2024-11-22', 'new_52week_highs': 28, 'new_52week_lows': 9, 'total': 517}"
"{'date': '2024-11-21', 'new_52week_highs': 14, 'new_52week_lows': 60, 'total': 517}"
"{'date': '2024-11-20', 'new_52week_highs': 16, 'new_52week_lows': 38, 'total': 517}"
"{'date': '2024-11-19', 'new_52week_highs': 7, 'new_52week_lows': 3, 'total': 516}"
"{'date': '2024-11-18', 'new_52week_highs': 14, 'new_52week_lows': 2, 'total': 516}"
"{'date': '2024-11-17', 'new_52week_highs': 8, 'new_52week_lows': 1, 'total': 516}"
"{'date': '2024-11-16', 'new_52week_highs': 21, 'new_52week_lows': 1, 'total': 516}"
"{'date': '2024-11-15', 'new_52week_highs': 9, 'new_52week_lows': 48, 'total': 516}"
"{'date': '2024-11-14', 'new_52week_highs': 7, 'new_52week_lows': 82, 'total': 516}"
"{'date': '2024-11-13', 'new_52week_highs': 15, 'new_52week_lows': 107, 'total': 516}"
"{'date': '2024-11-12', 'new_52week_highs': 24, 'new_52week_lows': 84, 'total': 517}"
"{'date': '2024-11-11', 'new_52week_highs': 18, 'new_52week_lows': 36, 'total': 517}"
"{'date': '2024-11-10', 'new_52week_highs': 17, 'new_52week_lows': 1, 'total': 517}"
"{'date': '2024-11-09', 'new_52week_highs': 6, 'new_52week_lows': 4, 'total': 517}"
"{'date': '2024-11-08', 'new_52week_highs': 10, 'new_52week_lows': 13, 'total': 518}"
"{'date': '2024-11-07', 'new_52week_highs': 9, 'new_52week_lows': 5, 'total': 518}"
"{'date': '2024-11-06', 'new_52week_highs': 11, 'new_52week_lows': 37, 'total': 521}"
"{'date': '2024-11-05', 'new_52week_highs': 2, 'new_52week_lows': 12, 'total': 520}"
"{'date': '2024-11-04', 'new_52week_highs': 4, 'new_52week_lows': 62, 'total': 520}"
"{'date': '2024-11-03', 'new_52week_highs': 1, 'new_52week_lows': 126, 'total': 520}"
"{'date': '2024-11-02', 'new_52week_highs': 2, 'new_52week_lows': 69, 'total': 521}"
"{'date': '2024-11-01', 'new_52week_highs': 0, 'new_52week_lows': 37, 'total': 522}"
"{'date': '2024-10-31', 'new_52week_highs': 5, 'new_52week_lows': 71, 'total': 522}"
"{'date': '2024-10-30', 'new_52week_highs': 1, 'new_52week_lows': 21, 'total': 522}"
"{'date': '2024-10-29', 'new_52week_highs': 4, 'new_52week_lows': 26, 'total': 522}"
"{'date': '2024-10-28', 'new_52week_highs': 3, 'new_52week_lows': 62, 'total': 523}"
"{'date': '2024-10-27', 'new_52week_highs': 1, 'new_52week_lows': 3, 'total': 524}"
"{'date': '2024-10-26', 'new_52week_highs': 0, 'new_52week_lows': 38, 'total': 524}"
"{'date': '2024-10-25', 'new_52week_highs': 3, 'new_52week_lows': 80, 'total': 525}"
"{'date': '2024-10-24', 'new_52week_highs': 2, 'new_52week_lows': 23, 'total': 525}"
"{'date': '2024-10-23', 'new_52week_highs': 1, 'new_52week_lows': 14, 'total': 525}"
"{'date': '2024-10-22', 'new_52week_highs': 0, 'new_52week_lows': 4, 'total': 525}"
"{'date': '2024-10-21', 'new_52week_highs': 0, 'new_52week_lows': 2, 'total': 524}"
"{'date': '2024-10-20', 'new_52week_highs': 3, 'new_52week_lows': 1, 'total': 524}"
"{'date': '2024-10-19', 'new_52week_highs': 0, 'new_52week_lows': 0, 'total': 524}"
"{'date': '2024-10-18', 'new_52week_highs': 0, 'new_52week_lows': 22, 'total': 525}"
"{'date': '2024-10-17', 'new_52week_highs': 2, 'new_52week_lows': 45, 'total': 525}"
"{'date': '2024-10-16', 'new_52week_highs': 0, 'new_52week_lows': 27, 'total': 524}"
"{'date': '2024-10-15', 'new_52week_highs': 0, 'new_52week_lows': 15, 'total': 527}"
"{'date': '2024-10-14', 'new_52week_highs': 2, 'new_52week_lows': 5, 'total': 527}"
"{'date': '2024-10-13', 'new_52week_highs': 0, 'new_52week_lows': 5, 'total': 527}"
"{'date': '2024-10-12', 'new_52week_highs': 2, 'new_52week_lows': 1, 'total': 526}"
"{'date': '2024-10-11', 'new_52week_highs': 2, 'new_52week_lows': 1, 'total': 530}"
"{'date': '2024-10-10', 'new_52week_highs': 1, 'new_52week_lows': 4, 'total': 530}"
"{'date': '2024-10-09', 'new_52week_highs': 0, 'new_52week_lows': 10, 'total': 530}"
"{'date': '2024-10-08', 'new_52week_highs': 0, 'new_52week_lows': 8, 'total': 529}"
"{'date': '2024-10-07', 'new_52week_highs': 4, 'new_52week_lows': 4, 'total': 530}"
"{'date': '2024-10-06', 'new_52week_highs': 1, 'new_52week_lows': 0, 'total': 530}"
"{'date': '2024-10-05', 'new_52week_highs': 0, 'new_52week_lows': 2, 'total': 530}"
"{'date': '2024-10-04', 'new_52week_highs': 1, 'new_52week_lows': 1, 'total': 530}"
"{'date': '2024-10-03', 'new_52week_highs': 0, 'new_52week_lows': 17, 'total': 529}"
"{'date': '2024-10-02', 'new_52week_highs': 0, 'new_52week_lows': 13, 'total': 530}"
"{'date': '2024-10-01', 'new_52week_highs': 2, 'new_52week_lows': 10, 'total': 531}"
"{'date': '2024-09-30', 'new_52week_highs': 0, 'new_52week_lows': 1, 'total': 530}"
"{'date': '2024-09-29', 'new_52week_highs': 0, 'new_52week_lows': 1, 'total': 530}"
"{'date': '2024-09-28', 'new_52week_highs': 0, 'new_52week_lows': 1, 'total': 531}"
"{'date': '2024-09-27', 'new_52week_highs': 0, 'new_52week_lows': 2, 'total': 531}"
"{'date': '2024-09-26', 'new_52week_highs': 0, 'new_52week_lows': 1, 'total': 530}"
"{'date': '2024-09-25', 'new_52week_highs': 0, 'new_52week_lows': 1, 'total': 531}"
"{'date': '2024-09-24', 'new_52week_highs': 0, 'new_52week_lows': 1, 'total': 531}"
"{'date': '2024-09-23', 'new_52week_highs': 1, 'new_52week_lows': 8, 'total': 530}"
"{'date': '2024-09-22', 'new_52week_highs': 1, 'new_52week_lows': 5, 'total': 531}"
"{'date': '2024-09-21', 'new_52week_highs': 0, 'new_52week_lows': 1, 'total': 531}"
"{'date': '2024-09-20', 'new_52week_highs': 0, 'new_52week_lows': 2, 'total': 532}"
"{'date': '2024-09-19', 'new_52week_highs': 1, 'new_52week_lows': 2, 'total': 531}"
"{'date': '2024-09-18', 'new_52week_highs': 1, 'new_52week_lows': 21, 'total': 532}"
"{'date': '2024-09-17', 'new_52week_highs': 0, 'new_52week_lows': 16, 'total': 532}"
"{'date': '2024-09-16', 'new_52week_highs': 0, 'new_52week_lows': 7, 'total': 532}"
"{'date': '2024-09-15', 'new_52week_highs': 2, 'new_52week_lows': 13, 'total': 532}"
"{'date': '2024-09-14', 'new_52week_highs': 1, 'new_52week_lows': 3, 'total': 532}"
"{'date': '2024-09-13', 'new_52week_highs': 0, 'new_52week_lows': 2, 'total': 533}"
"{'date': '2024-09-12', 'new_52week_highs': 2, 'new_52week_lows': 2, 'total': 534}"
"{'date': '2024-09-11', 'new_52week_highs': 3, 'new_52week_lows': 1, 'total': 534}"
"{'date': '2024-09-10', 'new_52week_highs': 1, 'new_52week_lows': 1, 'total': 534}"
"{'date': '2024-09-09', 'new_52week_highs': 1, 'new_52week_lows': 1, 'total': 539}"
"{'date': '2024-09-08', 'new_52week_highs': 0, 'new_52week_lows': 3, 'total': 540}"
"{'date': '2024-09-07', 'new_52week_highs': 1, 'new_52week_lows': 2, 'total': 540}"
"{'date': '2024-09-06', 'new_52week_highs': 1, 'new_52week_lows': 7, 'total': 540}"
"{'date': '2024-09-05', 'new_52week_highs': 0, 'new_52week_lows': 3, 'total': 540}"
"{'date': '2024-09-04', 'new_52week_highs': 0, 'new_52week_lows': 26, 'total': 540}"
"{'date': '2024-09-03', 'new_52week_highs': 0, 'new_52week_lows': 8, 'total': 540}"
"{'date': '2024-09-02', 'new_52week_highs': 0, 'new_52week_lows': 7, 'total': 540}"
"{'date': '2024-09-01', 'new_52week_highs': 0, 'new_52week_lows': 14, 'total': 540}"
"{'date': '2024-08-31', 'new_52week_highs': 0, 'new_52week_lows': 4, 'total': 540}"
"{'date': '2024-08-30', 'new_52week_highs': 0, 'new_52week_lows': 6, 'total': 541}"
"{'date': '2024-08-29', 'new_52week_highs': 0, 'new_52week_lows': 5, 'total': 541}"
"{'date': '2024-08-28', 'new_52week_highs': 0, 'new_52week_lows': 3, 'total': 541}"
"{'date': '2024-08-27', 'new_52week_highs': 1, 'new_52week_lows': 3, 'total': 543}"
"{'date': '2024-08-26', 'new_52week_highs': 1, 'new_52week_lows': 5, 'total': 548}"
"{'date': '2024-08-25', 'new_52week_highs': 3, 'new_52week_lows': 4, 'total': 548}"
"{'date': '2024-08-24', 'new_52week_highs': 1, 'new_52week_lows': 2, 'total': 548}"
"{'date': '2024-08-23', 'new_52week_highs': 2, 'new_52week_lows': 1, 'total': 550}"
"{'date': '2024-08-22', 'new_52week_highs': 2, 'new_52week_lows': 4, 'total': 550}"
"{'date': '2024-08-21', 'new_52week_highs': 5, 'new_52week_lows': 3, 'total': 550}"
"{'date': '2024-08-20', 'new_52week_highs': 5, 'new_52week_lows': 15, 'total': 550}"
"{'date': '2024-08-19', 'new_52week_highs': 2, 'new_52week_lows': 12, 'total': 550}"
"{'date': '2024-08-18', 'new_52week_highs': 0, 'new_52week_lows': 6, 'total': 550}"
"{'date': '2024-08-17', 'new_52week_highs': 1, 'new_52week_lows': 29, 'total': 550}"
"{'date': '2024-08-16', 'new_52week_highs': 0, 'new_52week_lows': 26, 'total': 550}"
"{'date': '2024-08-15', 'new_52week_highs': 1, 'new_52week_lows': 28, 'total': 550}"
"{'date': '2024-08-14', 'new_52week_highs': 1, 'new_52week_lows': 14, 'total': 550}"
"{'date': '2024-08-13', 'new_52week_highs': 1, 'new_52week_lows': 12, 'total': 550}"
"{'date': '2024-08-12', 'new_52week_highs': 1, 'new_52week_lows': 7, 'total': 550}"
"{'date': '2024-08-11', 'new_52week_highs': 0, 'new_52week_lows': 15, 'total': 550}"
"{'date': '2024-08-10', 'new_52week_highs': 1, 'new_52week_lows': 2, 'total': 550}"
"{'date': '2024-08-09', 'new_52week_highs': 1, 'new_52week_lows': 7, 'total': 550}"
"{'date': '2024-08-08', 'new_52week_highs': 1, 'new_52week_lows': 8, 'total': 550}"
"{'date': '2024-08-07', 'new_52week_highs': 0, 'new_52week_lows': 5, 'total': 549}"
"{'date': '2024-08-06', 'new_52week_highs': 0, 'new_52week_lows': 0, 'total': 550}"
"{'date': '2024-08-05', 'new_52week_highs': 5, 'new_52week_lows': 225, 'total': 550}"
"{'date': '2024-08-04', 'new_52week_highs': 1, 'new_52week_lows': 109, 'total': 550}"
"{'date': '2024-08-03', 'new_52week_highs': 0, 'new_52week_lows': 80, 'total': 550}"
"{'date': '2024-08-02', 'new_52week_highs': 1, 'new_52week_lows': 50, 'total': 551}"
"{'date': '2024-08-01', 'new_52week_highs': 1, 'new_52week_lows': 68, 'total': 551}"
"{'date': '2024-07-31', 'new_52week_highs': 1, 'new_52week_lows': 21, 'total': 550}"
"{'date': '2024-07-30', 'new_52week_highs': 0, 'new_52week_lows': 10, 'total': 550}"
"{'date': '2024-07-29', 'new_52week_highs': 2, 'new_52week_lows': 12, 'total': 550}"
"{'date': '2024-07-28', 'new_52week_highs': 0, 'new_52week_lows': 9, 'total': 551}"
"{'date': '2024-07-27', 'new_52week_highs': 2, 'new_52week_lows': 10, 'total': 551}"
"{'date': '2024-07-26', 'new_52week_highs': 1, 'new_52week_lows': 4, 'total': 551}"
"{'date': '2024-07-25', 'new_52week_highs': 0, 'new_52week_lows': 41, 'total': 551}"
"{'date': '2024-07-24', 'new_52week_highs': 0, 'new_52week_lows': 18, 'total': 551}"
"{'date': '2024-07-23', 'new_52week_highs': 0, 'new_52week_lows': 22, 'total': 551}"
"{'date': '2024-07-22', 'new_52week_highs': 0, 'new_52week_lows': 18, 'total': 555}"
"{'date': '2024-07-21', 'new_52week_highs': 2, 'new_52week_lows': 7, 'total': 555}"
"{'date': '2024-07-20', 'new_52week_highs': 0, 'new_52week_lows': 3, 'total': 557}"
"{'date': '2024-07-19', 'new_52week_highs': 0, 'new_52week_lows': 2, 'total': 558}"
"{'date': '2024-07-18', 'new_52week_highs': 0, 'new_52week_lows': 2, 'total': 558}"
"{'date': '2024-07-17', 'new_52week_highs': 0, 'new_52week_lows': 0, 'total': 558}"
"{'date': '2024-07-16', 'new_52week_highs': 2, 'new_52week_lows': 2, 'total': 558}"
"{'date': '2024-07-15', 'new_52week_highs': 1, 'new_52week_lows': 0, 'total': 558}"
"{'date': '2024-07-14', 'new_52week_highs': 0, 'new_52week_lows': 2, 'total': 558}"
"{'date': '2024-07-13', 'new_52week_highs': 1, 'new_52week_lows': 2, 'total': 558}"
"{'date': '2024-07-12', 'new_52week_highs': 1, 'new_52week_lows': 3, 'total': 559}"
"{'date': '2024-07-11', 'new_52week_highs': 2, 'new_52week_lows': 2, 'total': 559}"
"{'date': '2024-07-10', 'new_52week_highs': 1, 'new_52week_lows': 0, 'total': 559}"
"{'date': '2024-07-09', 'new_52week_highs': 1, 'new_52week_lows': 2, 'total': 559}"
"{'date': '2024-07-08', 'new_52week_highs': 1, 'new_52week_lows': 5, 'total': 559}"
"{'date': '2024-07-07', 'new_52week_highs': 1, 'new_52week_lows': 0, 'total': 559}"
"{'date': '2024-07-06', 'new_52week_highs': 0, 'new_52week_lows': 0, 'total': 562}"
"{'date': '2024-07-05', 'new_52week_highs': 1, 'new_52week_lows': 205, 'total': 563}"
"{'date': '2024-07-04', 'new_52week_highs': 1, 'new_52week_lows': 86, 'total': 563}"
"{'date': '2024-07-03', 'new_52week_highs': 2, 'new_52week_lows': 20, 'total': 563}"
"{'date': '2024-07-02', 'new_52week_highs': 1, 'new_52week_lows': 9, 'total': 563}"
"{'date': '2024-07-01', 'new_52week_highs': 2, 'new_52week_lows': 6, 'total': 567}"
"{'date': '2024-06-30', 'new_52week_highs': 1, 'new_52week_lows': 3, 'total': 566}"
"{'date': '2024-06-29', 'new_52week_highs': 2, 'new_52week_lows': 0, 'total': 566}"
"{'date': '2024-06-28', 'new_52week_highs': 1, 'new_52week_lows': 2, 'total': 567}"
"{'date': '2024-06-27', 'new_52week_highs': 1, 'new_52week_lows': 0, 'total': 567}"
"{'date': '2024-06-26', 'new_52week_highs': 1, 'new_52week_lows': 0, 'total': 567}"
"{'date': '2024-06-25', 'new_52week_highs': 0, 'new_52week_lows': 0, 'total': 567}"
"{'date': '2024-06-24', 'new_52week_highs': 0, 'new_52week_lows': 28, 'total': 567}"
"{'date': '2024-06-23', 'new_52week_highs': 0, 'new_52week_lows': 13, 'total': 567}"
"{'date': '2024-06-22', 'new_52week_highs': 0, 'new_52week_lows': 10, 'total': 567}"
"{'date': '2024-06-21', 'new_52week_highs': 0, 'new_52week_lows': 4, 'total': 567}"
"{'date': '2024-06-20', 'new_52week_highs': 0, 'new_52week_lows': 3, 'total': 567}"
"{'date': '2024-06-19', 'new_52week_highs': 0, 'new_52week_lows': 9, 'total': 567}"
"{'date': '2024-06-18', 'new_52week_highs': 0, 'new_52week_lows': 187, 'total': 567}"
"{'date': '2024-06-17', 'new_52week_highs': 0, 'new_52week_lows': 138, 'total': 573}"
"{'date': '2024-06-16', 'new_52week_highs': 0, 'new_52week_lows': 43, 'total': 573}"
"{'date': '2024-06-15', 'new_52week_highs': 0, 'new_52week_lows': 28, 'total': 573}"
"{'date': '2024-06-14', 'new_52week_highs': 0, 'new_52week_lows': 77, 'total': 576}"
"{'date': '2024-06-13', 'new_52week_highs': 1, 'new_52week_lows': 25, 'total': 576}"
"{'date': '2024-06-12', 'new_52week_highs': 0, 'new_52week_lows': 42, 'total': 576}"
"{'date': '2024-06-11', 'new_52week_highs': 0, 'new_52week_lows': 59, 'total': 576}"
"{'date': '2024-06-10', 'new_52week_highs': 4, 'new_52week_lows': 35, 'total': 576}"
"{'date': '2024-06-09', 'new_52week_highs': 0, 'new_52week_lows': 16, 'total': 576}"
"{'date': '2024-06-08', 'new_52week_highs': 0, 'new_52week_lows': 46, 'total': 576}"
"{'date': '2024-06-07', 'new_52week_highs': 0, 'new_52week_lows': 99, 'total': 577}"
"{'date': '2024-06-06', 'new_52week_highs': 6, 'new_52week_lows': 16, 'total': 577}"
"{'date': '2024-06-05', 'new_52week_highs': 7, 'new_52week_lows': 26, 'total': 577}"
"{'date': '2024-06-04', 'new_52week_highs': 6, 'new_52week_lows': 39, 'total': 577}"
"{'date': '2024-06-03', 'new_52week_highs': 3, 'new_52week_lows': 28, 'total': 577}"
"{'date': '2024-06-02', 'new_52week_highs': 0, 'new_52week_lows': 13, 'total': 577}"
"{'date': '2024-06-01', 'new_52week_highs': 0, 'new_52week_lows': 5, 'total': 577}"
"{'date': '2024-05-31', 'new_52week_highs': 0, 'new_52week_lows': 9, 'total': 577}"
"{'date': '2024-05-30', 'new_52week_highs': 1, 'new_52week_lows': 4, 'total': 577}"
"{'date': '2024-05-29', 'new_52week_highs': 3, 'new_52week_lows': 0, 'total': 577}"
"{'date': '2024-05-28', 'new_52week_highs': 1, 'new_52week_lows': 4, 'total': 578}"
"{'date': '2024-05-27', 'new_52week_highs': 2, 'new_52week_lows': 15, 'total': 578}"
"{'date': '2024-05-26', 'new_52week_highs': 1, 'new_52week_lows': 7, 'total': 578}"
"{'date': '2024-05-25', 'new_52week_highs': 0, 'new_52week_lows': 1, 'total': 578}"
"{'date': '2024-05-24', 'new_52week_highs': 0, 'new_52week_lows': 5, 'total': 578}"
"{'date': '2024-05-23', 'new_52week_highs': 0, 'new_52week_lows': 24, 'total': 578}"
"{'date': '2024-05-22', 'new_52week_highs': 0, 'new_52week_lows': 11, 'total': 578}"
"{'date': '2024-05-21', 'new_52week_highs': 0, 'new_52week_lows': 18, 'total': 578}"
"{'date': '2024-05-20', 'new_52week_highs': 1, 'new_52week_lows': 25, 'total': 578}"
"{'date': '2024-05-19', 'new_52week_highs': 0, 'new_52week_lows': 12, 'total': 578}"
"{'date': '2024-05-18', 'new_52week_highs': 0, 'new_52week_lows': 2, 'total': 578}"
"{'date': '2024-05-17', 'new_52week_highs': 4, 'new_52week_lows': 2, 'total': 581}"
"{'date': '2024-05-16', 'new_52week_highs': 1, 'new_52week_lows': 16, 'total': 581}"
"{'date': '2024-05-15', 'new_52week_highs': 1, 'new_52week_lows': 16, 'total': 581}"
"{'date': '2024-05-14', 'new_52week_highs': 0, 'new_52week_lows': 16, 'total': 581}"
"{'date': '2024-05-13', 'new_52week_highs': 1, 'new_52week_lows': 23, 'total': 581}"
"{'date': '2024-05-12', 'new_52week_highs': 1, 'new_52week_lows': 8, 'total': 581}"
"{'date': '2024-05-11', 'new_52week_highs': 1, 'new_52week_lows': 2, 'total': 581}"
"{'date': '2024-05-10', 'new_52week_highs': 2, 'new_52week_lows': 2, 'total': 583}"
"{'date': '2024-05-09', 'new_52week_highs': 1, 'new_52week_lows': 4, 'total': 583}"
"{'date': '2024-05-08', 'new_52week_highs': 1, 'new_52week_lows': 0, 'total': 583}"
"{'date': '2024-05-07', 'new_52week_highs': 0, 'new_52week_lows': 2, 'total': 583}"
"{'date': '2024-05-06', 'new_52week_highs': 0, 'new_52week_lows': 1, 'total': 583}"
"{'date': '2024-05-05', 'new_52week_highs': 0, 'new_52week_lows': 0, 'total': 583}"
"{'date': '2024-05-04', 'new_52week_highs': 0, 'new_52week_lows': 0, 'total': 583}"
"{'date': '2024-05-03', 'new_52week_highs': 0, 'new_52week_lows': 0, 'total': 583}"
"{'date': '2024-05-02', 'new_52week_highs': 0, 'new_52week_lows': 0, 'total': 583}"
"{'date': '2024-05-01', 'new_52week_highs': 0, 'new_52week_lows': 0, 'total': 583}"
"{'date': '2024-04-30', 'new_52week_highs': 0, 'new_52week_lows': 8, 'total': 582}"
"{'date': '2024-04-29', 'new_52week_highs': 0, 'new_52week_lows': 2, 'total': 582}"
"{'date': '2024-04-28', 'new_52week_highs': 0, 'new_52week_lows': 0, 'total': 583}"
"{'date': '2024-04-27', 'new_52week_highs': 0, 'new_52week_lows': 0, 'total': 583}"
"{'date': '2024-04-26', 'new_52week_highs': 3, 'new_52week_lows': 6, 'total': 585}"
"{'date': '2024-04-25', 'new_52week_highs': 3, 'new_52week_lows': 7, 'total': 585}"
"{'date': '2024-04-24', 'new_52week_highs': 6, 'new_52week_lows': 3, 'total': 585}"
"{'date': '2024-04-23', 'new_52week_highs': 5, 'new_52week_lows': 1, 'total': 585}"
"{'date': '2024-04-22', 'new_52week_highs': 2, 'new_52week_lows': 1, 'total': 585}"
"{'date': '2024-04-21', 'new_52week_highs': 1, 'new_52week_lows': 0, 'total': 585}"
"{'date': '2024-04-20', 'new_52week_highs': 0, 'new_52week_lows': 0, 'total': 585}"
"{'date': '2024-04-19', 'new_52week_highs': 1, 'new_52week_lows': 0, 'total': 585}"
"{'date': '2024-04-18', 'new_52week_highs': 1, 'new_52week_lows': 1, 'total': 585}"
"{'date': '2024-04-17', 'new_52week_highs': 0, 'new_52week_lows': 0, 'total': 585}"
"{'date': '2024-04-16', 'new_52week_highs': 0, 'new_52week_lows': 2, 'total': 585}"
"{'date': '2024-04-15', 'new_52week_highs': 1, 'new_52week_lows': 1, 'total': 585}"
"{'date': '2024-04-14', 'new_52week_highs': 4, 'new_52week_lows': 5, 'total': 585}"
"{'date': '2024-04-13', 'new_52week_highs': 5, 'new_52week_lows': 154, 'total': 585}"
"{'date': '2024-04-12', 'new_52week_highs': 10, 'new_52week_lows': 109, 'total': 588}"
"{'date': '2024-04-11', 'new_52week_highs': 5, 'new_52week_lows': 24, 'total': 588}"
"{'date': '2024-04-10', 'new_52week_highs': 5, 'new_52week_lows': 24, 'total': 588}"
"{'date': '2024-04-09', 'new_52week_highs': 4, 'new_52week_lows': 1, 'total': 588}"
"{'date': '2024-04-08', 'new_52week_highs': 6, 'new_52week_lows': 8, 'total': 588}"
"{'date': '2024-04-07', 'new_52week_highs': 6, 'new_52week_lows': 6, 'total': 588}"
"{'date': '2024-04-06', 'new_52week_highs': 2, 'new_52week_lows': 2, 'total': 588}"
"{'date': '2024-04-05', 'new_52week_highs': 4, 'new_52week_lows': 22, 'total': 589}"
"{'date': '2024-04-04', 'new_52week_highs': 6, 'new_52week_lows': 19, 'total': 589}"
"{'date': '2024-04-03', 'new_52week_highs': 3, 'new_52week_lows': 14, 'total': 589}"
"{'date': '2024-04-02', 'new_52week_highs': 4, 'new_52week_lows': 15, 'total': 592}"
"{'date': '2024-04-01', 'new_52week_highs': 13, 'new_52week_lows': 10, 'total': 592}"
"{'date': '2024-03-31', 'new_52week_highs': 13, 'new_52week_lows': 2, 'total': 591}"
"{'date': '2024-03-30', 'new_52week_highs': 9, 'new_52week_lows': 4, 'total': 591}"
"{'date': '2024-03-29', 'new_52week_highs': 13, 'new_52week_lows': 8, 'total': 591}"
"{'date': '2024-03-28', 'new_52week_highs': 22, 'new_52week_lows': 9, 'total': 592}"
"{'date': '2024-03-27', 'new_52week_highs': 16, 'new_52week_lows': 3, 'total': 590}"
"{'date': '2024-03-26', 'new_52week_highs': 19, 'new_52week_lows': 3, 'total': 590}"
"{'date': '2024-03-25', 'new_52week_highs': 14, 'new_52week_lows': 4, 'total': 590}"
"{'date': '2024-03-24', 'new_52week_highs': 8, 'new_52week_lows': 3, 'total': 590}"
"{'date': '2024-03-23', 'new_52week_highs': 4, 'new_52week_lows': 0, 'total': 590}"
"{'date': '2024-03-22', 'new_52week_highs': 9, 'new_52week_lows': 9, 'total': 590}"
"{'date': '2024-03-21', 'new_52week_highs': 12, 'new_52week_lows': 4, 'total': 590}"
"{'date': '2024-03-20', 'new_52week_highs': 6, 'new_52week_lows': 7, 'total': 592}"
"{'date': '2024-03-19', 'new_52week_highs': 6, 'new_52week_lows': 31, 'total': 592}"
"{'date': '2024-03-18', 'new_52week_highs': 19, 'new_52week_lows': 23, 'total': 592}"
"{'date': '2024-03-17', 'new_52week_highs': 16, 'new_52week_lows': 7, 'total': 592}"
"{'date': '2024-03-16', 'new_52week_highs': 25, 'new_52week_lows': 19, 'total': 592}"
"{'date': '2024-03-15', 'new_52week_highs': 25, 'new_52week_lows': 13, 'total': 592}"
"{'date': '2024-03-14', 'new_52week_highs': 45, 'new_52week_lows': 5, 'total': 593}"
"{'date': '2024-03-13', 'new_52week_highs': 75, 'new_52week_lows': 8, 'total': 593}"
"{'date': '2024-03-12', 'new_52week_highs': 60, 'new_52week_lows': 5, 'total': 593}"
"{'date': '2024-03-11', 'new_52week_highs': 75, 'new_52week_lows': 6, 'total': 593}"
"{'date': '2024-03-10', 'new_52week_highs': 62, 'new_52week_lows': 6, 'total': 593}"
"{'date': '2024-03-09', 'new_52week_highs': 58, 'new_52week_lows': 0, 'total': 593}"
"{'date': '2024-03-08', 'new_52week_highs': 49, 'new_52week_lows': 2, 'total': 599}"
"{'date': '2024-03-07', 'new_52week_highs': 60, 'new_52week_lows': 1, 'total': 600}"
"{'date': '2024-03-06', 'new_52week_highs': 42, 'new_52week_lows': 11, 'total': 600}"
"{'date': '2024-03-05', 'new_52week_highs': 72, 'new_52week_lows': 29, 'total': 600}"
"{'date': '2024-03-04', 'new_52week_highs': 77, 'new_52week_lows': 7, 'total': 599}"
"{'date': '2024-03-03', 'new_52week_highs': 66, 'new_52week_lows': 2, 'total': 599}"
"{'date': '2024-03-02', 'new_52week_highs': 65, 'new_52week_lows': 0, 'total': 599}"
"{'date': '2024-03-01', 'new_52week_highs': 44, 'new_52week_lows': 0, 'total': 600}"
"{'date': '2024-02-29', 'new_52week_highs': 54, 'new_52week_lows': 9, 'total': 600}"
"{'date': '2024-02-28', 'new_52week_highs': 57, 'new_52week_lows': 80, 'total': 606}"
"{'date': '2024-02-27', 'new_52week_highs': 45, 'new_52week_lows': 26, 'total': 606}"
"{'date': '2024-02-26', 'new_52week_highs': 44, 'new_52week_lows': 14, 'total': 606}"
"{'date': '2024-02-25', 'new_52week_highs': 28, 'new_52week_lows': 8, 'total': 606}"
"{'date': '2024-02-24', 'new_52week_highs': 10, 'new_52week_lows': 0, 'total': 606}"
"{'date': '2024-02-23', 'new_52week_highs': 21, 'new_52week_lows': 4, 'total': 606}"
"{'date': '2024-02-22', 'new_52week_highs': 28, 'new_52week_lows': 10, 'total': 606}"
"{'date': '2024-02-21', 'new_52week_highs': 25, 'new_52week_lows': 23, 'total': 606}"
"{'date': '2024-02-20', 'new_52week_highs': 32, 'new_52week_lows': 15, 'total': 612}"
"{'date': '2024-02-19', 'new_52week_highs': 28, 'new_52week_lows': 9, 'total': 612}"
"{'date': '2024-02-18', 'new_52week_highs': 27, 'new_52week_lows': 3, 'total': 612}"
"{'date': '2024-02-17', 'new_52week_highs': 17, 'new_52week_lows': 3, 'total': 612}"
"{'date': '2024-02-16', 'new_52week_highs': 26, 'new_52week_lows': 11, 'total': 612}"
"{'date': '2024-02-15', 'new_52week_highs': 39, 'new_52week_lows': 33, 'total': 612}"
"{'date': '2024-02-14', 'new_52week_highs': 32, 'new_52week_lows': 50, 'total': 612}"
"{'date': '2024-02-13', 'new_52week_highs': 17, 'new_52week_lows': 30, 'total': 612}"
"{'date': '2024-02-12', 'new_52week_highs': 14, 'new_52week_lows': 51, 'total': 612}"
"{'date': '2024-02-11', 'new_52week_highs': 9, 'new_52week_lows': 25, 'total': 612}"
"{'date': '2024-02-10', 'new_52week_highs': 3, 'new_52week_lows': 8, 'total': 612}"
"{'date': '2024-02-09', 'new_52week_highs': 5, 'new_52week_lows': 31, 'total': 615}"
"{'date': '2024-02-08', 'new_52week_highs': 4, 'new_52week_lows': 11, 'total': 615}"
"{'date': '2024-02-07', 'new_52week_highs': 1, 'new_52week_lows': 7, 'total': 615}"
"{'date': '2024-02-06', 'new_52week_highs': 6, 'new_52week_lows': 9, 'total': 615}"
"{'date': '2024-02-05', 'new_52week_highs': 15, 'new_52week_lows': 6, 'total': 615}"
"{'date': '2024-02-04', 'new_52week_highs': 10, 'new_52week_lows': 5, 'total': 615}"
"{'date': '2024-02-03', 'new_52week_highs': 4, 'new_52week_lows': 0, 'total': 615}"
"{'date': '2024-02-02', 'new_52week_highs': 8, 'new_52week_lows': 3, 'total': 618}"
"{'date': '2024-02-01', 'new_52week_highs': 5, 'new_52week_lows': 5, 'total': 619}"
"{'date': '2024-01-31', 'new_52week_highs': 4, 'new_52week_lows': 3, 'total': 619}"
"{'date': '2024-01-30', 'new_52week_highs': 1, 'new_52week_lows': 1, 'total': 619}"
"{'date': '2024-01-29', 'new_52week_highs': 2, 'new_52week_lows': 0, 'total': 621}"
"{'date': '2024-01-28', 'new_52week_highs': 3, 'new_52week_lows': 0, 'total': 621}"
"{'date': '2024-01-27', 'new_52week_highs': 1, 'new_52week_lows': 0, 'total': 621}"
"{'date': '2024-01-26', 'new_52week_highs': 3, 'new_52week_lows': 0, 'total': 622}"
"{'date': '2024-01-25', 'new_52week_highs': 2, 'new_52week_lows': 0, 'total': 625}"
"{'date': '2024-01-24', 'new_52week_highs': 0, 'new_52week_lows': 0, 'total': 625}"
"{'date': '2024-01-23', 'new_52week_highs': 7, 'new_52week_lows': 1, 'total': 625}"
"{'date': '2024-01-22', 'new_52week_highs': 5, 'new_52week_lows': 0, 'total': 625}"
"{'date': '2024-01-21', 'new_52week_highs': 5, 'new_52week_lows': 0, 'total': 625}"
"{'date': '2024-01-20', 'new_52week_highs': 3, 'new_52week_lows': 0, 'total': 625}"
"{'date': '2024-01-19', 'new_52week_highs': 3, 'new_52week_lows': 8, 'total': 627}"
"{'date': '2024-01-18', 'new_52week_highs': 3, 'new_52week_lows': 3, 'total': 627}"
"{'date': '2024-01-17', 'new_52week_highs': 3, 'new_52week_lows': 2, 'total': 627}"
"{'date': '2024-01-16', 'new_52week_highs': 4, 'new_52week_lows': 2, 'total': 627}"
"{'date': '2024-01-15', 'new_52week_highs': 2, 'new_52week_lows': 0, 'total': 627}"
"{'date': '2024-01-14', 'new_52week_highs': 4, 'new_52week_lows': 0, 'total': 627}"
"{'date': '2024-01-13', 'new_52week_highs': 4, 'new_52week_lows': 0, 'total': 627}"
"{'date': '2024-01-12', 'new_52week_highs': 13, 'new_52week_lows': 10, 'total': 627}"
"{'date': '2024-01-11', 'new_52week_highs': 25, 'new_52week_lows': 8, 'total': 627}"
"{'date': '2024-01-10', 'new_52week_highs': 14, 'new_52week_lows': 12, 'total': 630}"
"{'date': '2024-01-09', 'new_52week_highs': 16, 'new_52week_lows': 95, 'total': 631}"
"{'date': '2024-01-08', 'new_52week_highs': 16, 'new_52week_lows': 74, 'total': 631}"
"{'date': '2024-01-07', 'new_52week_highs': 5, 'new_52week_lows': 41, 'total': 631}"
"{'date': '2024-01-06', 'new_52week_highs': 3, 'new_52week_lows': 27, 'total': 631}"
"{'date': '2024-01-05', 'new_52week_highs': 4, 'new_52week_lows': 13, 'total': 632}"
"{'date': '2024-01-04', 'new_52week_highs': 7, 'new_52week_lows': 6, 'total': 632}"
"{'date': '2024-01-03', 'new_52week_highs': 19, 'new_52week_lows': 32, 'total': 632}"
"{'date': '2024-01-02', 'new_52week_highs': 23, 'new_52week_lows': 7, 'total': 632}"
"{'date': '2024-01-01', 'new_52week_highs': 6, 'new_52week_lows': 3, 'total': 632}"
"{'date': '2023-12-31', 'new_52week_highs': 13, 'new_52week_lows': 5, 'total': 632}"
"{'date': '2023-12-30', 'new_52week_highs': 8, 'new_52week_lows': 0, 'total': 632}"
"{'date': '2023-12-29', 'new_52week_highs': 7, 'new_52week_lows': 1, 'total': 647}"
"{'date': '2023-12-28', 'new_52week_highs': 33, 'new_52week_lows': 3, 'total': 647}"
"{'date': '2023-12-27', 'new_52week_highs': 15, 'new_52week_lows': 3, 'total': 647}"
"{'date': '2023-12-26', 'new_52week_highs': 39, 'new_52week_lows': 1, 'total': 647}"
"{'date': '2023-12-25', 'new_52week_highs': 41, 'new_52week_lows': 0, 'total': 647}"
"{'date': '2023-12-24', 'new_52week_highs': 42, 'new_52week_lows': 0, 'total': 647}"
"{'date': '2023-12-23', 'new_52week_highs': 18, 'new_52week_lows': 0, 'total': 647}"
"{'date': '2023-12-22', 'new_52week_highs': 26, 'new_52week_lows': 2, 'total': 647}"
"{'date': '2023-12-21', 'new_52week_highs': 32, 'new_52week_lows': 4, 'total': 647}"
"{'date': '2023-12-20', 'new_52week_highs': 31, 'new_52week_lows': 8, 'total': 647}"
"{'date': '2023-12-19', 'new_52week_highs': 15, 'new_52week_lows': 6, 'total': 647}"
"{'date': '2023-12-18', 'new_52week_highs': 14, 'new_52week_lows': 12, 'total': 647}"
"{'date': '2023-12-17', 'new_52week_highs': 10, 'new_52week_lows': 1, 'total': 647}"
"{'date': '2023-12-16', 'new_52week_highs': 13, 'new_52week_lows': 0, 'total': 647}"
"{'date': '2023-12-15', 'new_52week_highs': 26, 'new_52week_lows': 2, 'total': 653}"
"{'date': '2023-12-14', 'new_52week_highs': 25, 'new_52week_lows': 1, 'total': 664}"
"{'date': '2023-12-13', 'new_52week_highs': 21, 'new_52week_lows': 4, 'total': 670}"
"{'date': '2023-12-12', 'new_52week_highs': 22, 'new_52week_lows': 0, 'total': 670}"
"{'date': '2023-12-11', 'new_52week_highs': 27, 'new_52week_lows': 4, 'total': 676}"
"{'date': '2023-12-10', 'new_52week_highs': 20, 'new_52week_lows': 0, 'total': 676}"
"{'date': '2023-12-09', 'new_52week_highs': 47, 'new_52week_lows': 1, 'total': 676}"
"{'date': '2023-12-08', 'new_52week_highs': 64, 'new_52week_lows': 3, 'total': 676}"
"{'date': '2023-12-07', 'new_52week_highs': 33, 'new_52week_lows': 8, 'total': 681}"
"{'date': '2023-12-06', 'new_52week_highs': 43, 'new_52week_lows': 25, 'total': 681}"
"{'date': '2023-12-05', 'new_52week_highs': 46, 'new_52week_lows': 42, 'total': 681}"
"{'date': '2023-12-04', 'new_52week_highs': 38, 'new_52week_lows': 47, 'total': 681}"
"{'date': '2023-12-03', 'new_52week_highs': 39, 'new_52week_lows': 9, 'total': 681}"
"{'date': '2023-12-02', 'new_52week_highs': 34, 'new_52week_lows': 5, 'total': 681}"
"{'date': '2023-12-01', 'new_52week_highs': 14, 'new_52week_lows': 3, 'total': 681}"
"{'date': '2023-11-30', 'new_52week_highs': 7, 'new_52week_lows': 4, 'total': 681}"
"{'date': '2023-11-29', 'new_52week_highs': 8, 'new_52week_lows': 6, 'total': 681}"
"{'date': '2023-11-28', 'new_52week_highs': 3, 'new_52week_lows': 6, 'total': 681}"
"{'date': '2023-11-27', 'new_52week_highs': 5, 'new_52week_lows': 7, 'total': 683}"
"{'date': '2023-11-26', 'new_52week_highs': 6, 'new_52week_lows': 1, 'total': 683}"
"{'date': '2023-11-25', 'new_52week_highs': 5, 'new_52week_lows': 0, 'total': 683}"
"{'date': '2023-11-24', 'new_52week_highs': 17, 'new_52week_lows': 2, 'total': 690}"
"{'date': '2023-11-23', 'new_52week_highs': 2, 'new_52week_lows': 1, 'total': 690}"
"{'date': '2023-11-22', 'new_52week_highs': 6, 'new_52week_lows': 6, 'total': 690}"
"{'date': '2023-11-21', 'new_52week_highs': 4, 'new_52week_lows': 25, 'total': 690}"
"{'date': '2023-11-20', 'new_52week_highs': 10, 'new_52week_lows': 3, 'total': 700}"
"{'date': '2023-11-19', 'new_52week_highs': 8, 'new_52week_lows': 0, 'total': 701}"
"{'date': '2023-11-18', 'new_52week_highs': 6, 'new_52week_lows': 8, 'total': 702}"
"{'date': '2023-11-17', 'new_52week_highs': 11, 'new_52week_lows': 4, 'total': 721}"
"{'date': '2023-11-16', 'new_52week_highs': 27, 'new_52week_lows': 1, 'total': 721}"
"{'date': '2023-11-15', 'new_52week_highs': 23, 'new_52week_lows': 1, 'total': 721}"
"{'date': '2023-11-14', 'new_52week_highs': 6, 'new_52week_lows': 3, 'total': 721}"
"{'date': '2023-11-13', 'new_52week_highs': 10, 'new_52week_lows': 3, 'total': 721}"
"{'date': '2023-11-12', 'new_52week_highs': 16, 'new_52week_lows': 0, 'total': 721}"
"{'date': '2023-11-11', 'new_52week_highs': 36, 'new_52week_lows': 0, 'total': 721}"
"{'date': '2023-11-10', 'new_52week_highs': 47, 'new_52week_lows': 6, 'total': 736}"
"{'date': '2023-11-09', 'new_52week_highs': 58, 'new_52week_lows': 33, 'total': 738}"
"{'date': '2023-11-08', 'new_52week_highs': 19, 'new_52week_lows': 1, 'total': 738}"
"{'date': '2023-11-07', 'new_52week_highs': 23, 'new_52week_lows': 1, 'total': 738}"
"{'date': '2023-11-06', 'new_52week_highs': 23, 'new_52week_lows': 0, 'total': 738}"
"{'date': '2023-11-05', 'new_52week_highs': 24, 'new_52week_lows': 0, 'total': 738}"
"{'date': '2023-11-04', 'new_52week_highs': 12, 'new_52week_lows': 0, 'total': 738}"
"{'date': '2023-11-03', 'new_52week_highs': 9, 'new_52week_lows': 2, 'total': 738}"
"{'date': '2023-11-02', 'new_52week_highs': 23, 'new_52week_lows': 3, 'total': 738}"
"{'date': '2023-11-01', 'new_52week_highs': 38, 'new_52week_lows': 8, 'total': 745}"
"{'date': '2023-10-31', 'new_52week_highs': 23, 'new_52week_lows': 5, 'total': 751}"
"{'date': '2023-10-30', 'new_52week_highs': 26, 'new_52week_lows': 0, 'total': 751}"
"{'date': '2023-10-29', 'new_52week_highs': 10, 'new_52week_lows': 1, 'total': 751}"
"{'date': '2023-10-28', 'new_52week_highs': 11, 'new_52week_lows': 1, 'total': 751}"
"{'date': '2023-10-27', 'new_52week_highs': 12, 'new_52week_lows': 4, 'total': 771}"
"{'date': '2023-10-26', 'new_52week_highs': 10, 'new_52week_lows': 15, 'total': 771}"
"{'date': '2023-10-25', 'new_52week_highs': 24, 'new_52week_lows': 25, 'total': 771}"
"{'date': '2023-10-24', 'new_52week_highs': 30, 'new_52week_lows': 55, 'total': 771}"
"{'date': '2023-10-23', 'new_52week_highs': 34, 'new_52week_lows': 117, 'total': 771}"
"{'date': '2023-10-22', 'new_52week_highs': 7, 'new_52week_lows': 7, 'total': 771}"
"{'date': '2023-10-21', 'new_52week_highs': 10, 'new_52week_lows': 7, 'total': 771}"
"{'date': '2023-10-20', 'new_52week_highs': 11, 'new_52week_lows': 68, 'total': 791}"
"{'date': '2023-10-19', 'new_52week_highs': 5, 'new_52week_lows': 100, 'total': 793}"
"{'date': '2023-10-18', 'new_52week_highs': 6, 'new_52week_lows': 55, 'total': 793}"
"{'date': '2023-10-17', 'new_52week_highs': 4, 'new_52week_lows': 36, 'total': 793}"
"{'date': '2023-10-16', 'new_52week_highs': 5, 'new_52week_lows': 47, 'total': 793}"
"{'date': '2023-10-15', 'new_52week_highs': 10, 'new_52week_lows': 2, 'total': 793}"
"{'date': '2023-10-14', 'new_52week_highs': 1, 'new_52week_lows': 4, 'total': 793}"
"{'date': '2023-10-13', 'new_52week_highs': 4, 'new_52week_lows': 9, 'total': 808}"
"{'date': '2023-10-12', 'new_52week_highs': 3, 'new_52week_lows': 46, 'total': 808}"
"{'date': '2023-10-11', 'new_52week_highs': 3, 'new_52week_lows': 45, 'total': 809}"
"{'date': '2023-10-10', 'new_52week_highs': 4, 'new_52week_lows': 29, 'total': 809}"
"{'date': '2023-10-09', 'new_52week_highs': 10, 'new_52week_lows': 80, 'total': 809}"
"{'date': '2023-10-08', 'new_52week_highs': 4, 'new_52week_lows': 18, 'total': 809}"
"{'date': '2023-10-07', 'new_52week_highs': 5, 'new_52week_lows': 10, 'total': 809}"
"{'date': '2023-10-06', 'new_52week_highs': 3, 'new_52week_lows': 11, 'total': 824}"
"{'date': '2023-10-05', 'new_52week_highs': 1, 'new_52week_lows': 19, 'total': 824}"
"{'date': '2023-10-04', 'new_52week_highs': 3, 'new_52week_lows': 28, 'total': 824}"
"{'date': '2023-10-03', 'new_52week_highs': 5, 'new_52week_lows': 4, 'total': 824}"
"{'date': '2023-10-02', 'new_52week_highs': 2, 'new_52week_lows': 19, 'total': 824}"
"{'date': '2023-10-01', 'new_52week_highs': 6, 'new_52week_lows': 3, 'total': 824}"
"{'date': '2023-09-30', 'new_52week_highs': 5, 'new_52week_lows': 3, 'total': 824}"
"{'date': '2023-09-29', 'new_52week_highs': 5, 'new_52week_lows': 5, 'total': 840}"
"{'date': '2023-09-28', 'new_52week_highs': 4, 'new_52week_lows': 11, 'total': 840}"
"{'date': '2023-09-27', 'new_52week_highs': 6, 'new_52week_lows': 3, 'total': 840}"
"{'date': '2023-09-26', 'new_52week_highs': 6, 'new_52week_lows': 6, 'total': 840}"
"{'date': '2023-09-25', 'new_52week_highs': 5, 'new_52week_lows': 9, 'total': 840}"
"{'date': '2023-09-24', 'new_52week_highs': 9, 'new_52week_lows': 5, 'total': 840}"
"{'date': '2023-09-23', 'new_52week_highs': 3, 'new_52week_lows': 2, 'total': 840}"
"{'date': '2023-09-22', 'new_52week_highs': 6, 'new_52week_lows': 13, 'total': 844}"
"{'date': '2023-09-21', 'new_52week_highs': 3, 'new_52week_lows': 21, 'total': 848}"
"{'date': '2023-09-20', 'new_52week_highs': 7, 'new_52week_lows': 20, 'total': 848}"
"{'date': '2023-09-19', 'new_52week_highs': 4, 'new_52week_lows': 9, 'total': 848}"
"{'date': '2023-09-18', 'new_52week_highs': 3, 'new_52week_lows': 15, 'total': 848}"
"{'date': '2023-09-17', 'new_52week_highs': 5, 'new_52week_lows': 13, 'total': 848}"
"{'date': '2023-09-16', 'new_52week_highs': 3, 'new_52week_lows': 2, 'total': 848}"
"{'date': '2023-09-15', 'new_52week_highs': 5, 'new_52week_lows': 8, 'total': 854}"
"{'date': '2023-09-14', 'new_52week_highs': 4, 'new_52week_lows': 15, 'total': 854}"
"{'date': '2023-09-13', 'new_52week_highs': 4, 'new_52week_lows': 26, 'total': 854}"
"{'date': '2023-09-12', 'new_52week_highs': 1, 'new_52week_lows': 28, 'total': 854}"
"{'date': '2023-09-11', 'new_52week_highs': 1, 'new_52week_lows': 109, 'total': 854}"
"{'date': '2023-09-10', 'new_52week_highs': 0, 'new_52week_lows': 52, 'total': 854}"
"{'date': '2023-09-09', 'new_52week_highs': 2, 'new_52week_lows': 0, 'total': 854}"
"{'date': '2023-09-08', 'new_52week_highs': 3, 'new_52week_lows': 0, 'total': 866}"
"{'date': '2023-09-07', 'new_52week_highs': 3, 'new_52week_lows': 1, 'total': 867}"
"{'date': '2023-09-06', 'new_52week_highs': 3, 'new_52week_lows': 1, 'total': 867}"
"{'date': '2023-09-05', 'new_52week_highs': 2, 'new_52week_lows': 9, 'total': 867}"
"{'date': '2023-09-04', 'new_52week_highs': 4, 'new_52week_lows': 10, 'total': 867}"
"{'date': '2023-09-03', 'new_52week_highs': 2, 'new_52week_lows': 8, 'total': 867}"
"{'date': '2023-09-02', 'new_52week_highs': 0, 'new_52week_lows': 12, 'total': 867}"
"{'date': '2023-09-01', 'new_52week_highs': 0, 'new_52week_lows': 31, 'total': 871}"
"{'date': '2023-08-31', 'new_52week_highs': 0, 'new_52week_lows': 10, 'total': 871}"
"{'date': '2023-08-30', 'new_52week_highs': 0, 'new_52week_lows': 2, 'total': 871}"
"{'date': '2023-08-29', 'new_52week_highs': 1, 'new_52week_lows': 22, 'total': 871}"
"{'date': '2023-08-28', 'new_52week_highs': 1, 'new_52week_lows': 8, 'total': 871}"
"{'date': '2023-08-27', 'new_52week_highs': 1, 'new_52week_lows': 5, 'total': 871}"
"{'date': '2023-08-26', 'new_52week_highs': 0, 'new_52week_lows': 4, 'total': 871}"
"{'date': '2023-08-25', 'new_52week_highs': 0, 'new_52week_lows': 21, 'total': 874}"
"{'date': '2023-08-24', 'new_52week_highs': 0, 'new_52week_lows': 9, 'total': 874}"
"{'date': '2023-08-23', 'new_52week_highs': 1, 'new_52week_lows': 3, 'total': 874}"
"{'date': '2023-08-22', 'new_52week_highs': 2, 'new_52week_lows': 34, 'total': 874}"
"{'date': '2023-08-21', 'new_52week_highs': 2, 'new_52week_lows': 10, 'total': 874}"
"{'date': '2023-08-20', 'new_52week_highs': 0, 'new_52week_lows': 1, 'total': 877}"
"{'date': '2023-08-19', 'new_52week_highs': 2, 'new_52week_lows': 2, 'total': 877}"
"{'date': '2023-08-18', 'new_52week_highs': 2, 'new_52week_lows': 6, 'total': 885}"
"{'date': '2023-08-17', 'new_52week_highs': 5, 'new_52week_lows': 215, 'total': 894}"
"{'date': '2023-08-16', 'new_52week_highs': 0, 'new_52week_lows': 68, 'total': 894}"
"{'date': '2023-08-15', 'new_52week_highs': 0, 'new_52week_lows': 30, 'total': 896}"
"{'date': '2023-08-14', 'new_52week_highs': 4, 'new_52week_lows': 1, 'total': 896}"
"{'date': '2023-08-13', 'new_52week_highs': 2, 'new_52week_lows': 2, 'total': 896}"
"{'date': '2023-08-12', 'new_52week_highs': 4, 'new_52week_lows': 3, 'total': 896}"
"{'date': '2023-08-11', 'new_52week_highs': 3, 'new_52week_lows': 4, 'total': 896}"
"{'date': '2023-08-10', 'new_52week_highs': 2, 'new_52week_lows': 3, 'total': 896}"
"{'date': '2023-08-09', 'new_52week_highs': 5, 'new_52week_lows': 8, 'total': 896}"
"{'date': '2023-08-08', 'new_52week_highs': 3, 'new_52week_lows': 3, 'total': 896}"
"{'date': '2023-08-07', 'new_52week_highs': 4, 'new_52week_lows': 4, 'total': 896}"
"{'date': '2023-08-06', 'new_52week_highs': 0, 'new_52week_lows': 4, 'total': 896}"
"{'date': '2023-08-05', 'new_52week_highs': 0, 'new_52week_lows': 11, 'total': 896}"
"{'date': '2023-08-04', 'new_52week_highs': 2, 'new_52week_lows': 7, 'total': 901}"
"{'date': '2023-08-03', 'new_52week_highs': 2, 'new_52week_lows': 8, 'total': 901}"
"{'date': '2023-08-02', 'new_52week_highs': 4, 'new_52week_lows': 6, 'total': 901}"
"{'date': '2023-08-01', 'new_52week_highs': 0, 'new_52week_lows': 12, 'total': 901}"
"{'date': '2023-07-31', 'new_52week_highs': 0, 'new_52week_lows': 7, 'total': 901}"
"{'date': '2023-07-30', 'new_52week_highs': 0, 'new_52week_lows': 5, 'total': 901}"
"{'date': '2023-07-29', 'new_52week_highs': 2, 'new_52week_lows': 1, 'total': 901}"
"{'date': '2023-07-28', 'new_52week_highs': 0, 'new_52week_lows': 2, 'total': 901}"
"{'date': '2023-07-27', 'new_52week_highs': 2, 'new_52week_lows': 1, 'total': 901}"
"{'date': '2023-07-26', 'new_52week_highs': 0, 'new_52week_lows': 11, 'total': 901}"
"{'date': '2023-07-25', 'new_52week_highs': 0, 'new_52week_lows': 9, 'total': 906}"
"{'date': '2023-07-24', 'new_52week_highs': 0, 'new_52week_lows': 19, 'total': 906}"
"{'date': '2023-07-23', 'new_52week_highs': 0, 'new_52week_lows': 7, 'total': 906}"
"{'date': '2023-07-22', 'new_52week_highs': 5, 'new_52week_lows': 8, 'total': 906}"
"{'date': '2023-07-21', 'new_52week_highs': 3, 'new_52week_lows': 8, 'total': 906}"
"{'date': '2023-07-20', 'new_52week_highs': 8, 'new_52week_lows': 1, 'total': 904}"
"{'date': '2023-07-19', 'new_52week_highs': 0, 'new_52week_lows': 2, 'total': 904}"
"{'date': '2023-07-18', 'new_52week_highs': 8, 'new_52week_lows': 1, 'total': 904}"
"{'date': '2023-07-17', 'new_52week_highs': 3, 'new_52week_lows': 2, 'total': 906}"
"{'date': '2023-07-16', 'new_52week_highs': 4, 'new_52week_lows': 1, 'total': 907}"
"{'date': '2023-07-15', 'new_52week_highs': 3, 'new_52week_lows': 1, 'total': 907}"
"{'date': '2023-07-14', 'new_52week_highs': 8, 'new_52week_lows': 3, 'total': 907}"
"{'date': '2023-07-13', 'new_52week_highs': 27, 'new_52week_lows': 9, 'total': 910}"
"{'date': '2023-07-12', 'new_52week_highs': 6, 'new_52week_lows': 7, 'total': 910}"
"{'date': '2023-07-11', 'new_52week_highs': 3, 'new_52week_lows': 10, 'total': 910}"
"{'date': '2023-07-10', 'new_52week_highs': 2, 'new_52week_lows': 12, 'total': 910}"
"{'date': '2023-07-09', 'new_52week_highs': 2, 'new_52week_lows': 4, 'total': 910}"
"{'date': '2023-07-08', 'new_52week_highs': 2, 'new_52week_lows': 4, 'total': 910}"
"{'date': '2023-07-07', 'new_52week_highs': 6, 'new_52week_lows': 9, 'total': 910}"
"{'date': '2023-07-06', 'new_52week_highs': 10, 'new_52week_lows': 6, 'total': 910}"
"{'date': '2023-07-05', 'new_52week_highs': 3, 'new_52week_lows': 3, 'total': 911}"
"{'date': '2023-07-04', 'new_52week_highs': 4, 'new_52week_lows': 0, 'total': 911}"
"{'date': '2023-07-03', 'new_52week_highs': 13, 'new_52week_lows': 0, 'total': 911}"
"{'date': '2023-07-02', 'new_52week_highs': 5, 'new_52week_lows': 2, 'total': 911}"
"{'date': '2023-07-01', 'new_52week_highs': 7, 'new_52week_lows': 1, 'total': 911}"
"{'date': '2023-06-30', 'new_52week_highs': 23, 'new_52week_lows': 25, 'total': 911}"
"{'date': '2023-06-29', 'new_52week_highs': 11, 'new_52week_lows': 26, 'total': 911}"
"{'date': '2023-06-28', 'new_52week_highs': 13, 'new_52week_lows': 52, 'total': 911}"
"{'date': '2023-06-27', 'new_52week_highs': 13, 'new_52week_lows': 5, 'total': 911}"
"{'date': '2023-06-26', 'new_52week_highs': 11, 'new_52week_lows': 9, 'total': 911}"
"{'date': '2023-06-25', 'new_52week_highs': 6, 'new_52week_lows': 1, 'total': 911}"
"{'date': '2023-06-24', 'new_52week_highs': 10, 'new_52week_lows': 13, 'total': 911}"
"{'date': '2023-06-23', 'new_52week_highs': 20, 'new_52week_lows': 30, 'total': 911}"
"{'date': '2023-06-22', 'new_52week_highs': 6, 'new_52week_lows': 22, 'total': 911}"
"{'date': '2023-06-21', 'new_52week_highs': 8, 'new_52week_lows': 71, 'total': 911}"
"{'date': '2023-06-20', 'new_52week_highs': 4, 'new_52week_lows': 53, 'total': 911}"
"{'date': '2023-06-19', 'new_52week_highs': 3, 'new_52week_lows': 15, 'total': 911}"
"{'date': '2023-06-18', 'new_52week_highs': 0, 'new_52week_lows': 12, 'total': 911}"
"{'date': '2023-06-17', 'new_52week_highs': 3, 'new_52week_lows': 11, 'total': 911}"
"{'date': '2023-06-16', 'new_52week_highs': 4, 'new_52week_lows': 26, 'total': 911}"
"{'date': '2023-06-15', 'new_52week_highs': 5, 'new_52week_lows': 55, 'total': 911}"
"{'date': '2023-06-14', 'new_52week_highs': 2, 'new_52week_lows': 42, 'total': 919}"
"{'date': '2023-06-13', 'new_52week_highs': 5, 'new_52week_lows': 7, 'total': 922}"
"{'date': '2023-06-12', 'new_52week_highs': 4, 'new_52week_lows': 58, 'total': 922}"
"{'date': '2023-06-11', 'new_52week_highs': 2, 'new_52week_lows': 16, 'total': 922}"
"{'date': '2023-06-10', 'new_52week_highs': 6, 'new_52week_lows': 457, 'total': 922}"
