timestamp,symbol,price,volume_24h,market_cap
2024-04-28 07:15:00+00:00,USDe,0.9985405830351256,41813899.41,2348826108.08879
2024-04-29 07:15:00+00:00,USDe,0.9987201347070047,52037560.36,2348749100.0638328
2024-04-30 07:15:00+00:00,USDe,0.9983930614556302,77299920.4,2338595037.763971
2024-05-01 07:15:00+00:00,USDe,0.9976995632653454,131948052.96,2329696332.5646625
2024-05-02 07:15:00+00:00,USDe,0.998094668147321,123139291.55,2308158321.370628
2024-05-03 07:15:00+00:00,USDe,0.9988639991215273,76359302.71,2299446345.4758
2024-05-04 07:15:00+00:00,USDe,0.9992012146073109,54561099.66,2295226218.515298
2024-05-05 07:15:00+00:00,USDe,0.9991828638909361,47497062.55,2290687434.9633045
2024-05-06 07:15:00+00:00,USDe,0.9988916933820903,27051117.11,2289520463.0309
2024-05-07 07:15:00+00:00,USDe,0.9994901323788659,69164540.28565499,2290392488.454844
2024-05-08 07:15:00+00:00,USDe,0.9995435168296651,61124572.69,2292511903.8634405
2024-05-09 07:15:00+00:00,USDe,1.0007699261310277,53067469.74,2295324745.800828
2024-05-10 07:15:00+00:00,USDe,1.001105366173928,48151424.96,2298230595.8338733
2024-05-11 07:15:00+00:00,USDe,1.000370301921254,50050308.92,2302039605.5618324
2024-05-12 07:15:00+00:00,USDe,1.0004842004569996,37608274.01,2302801445.691684
2024-05-13 07:15:00+00:00,USDe,1.0006886062611582,60916344.21,2306770821.75229
2024-05-14 07:15:00+00:00,USDe,1.00107597610587,34330692.71,2310663986.130541
2024-05-15 07:15:00+00:00,USDe,1.0009577451502807,63888837.39,2313390927.3142953
2024-05-16 07:15:00+00:00,USDe,1.0012322366264441,63478623.79,2320542438.5443463
2024-05-17 07:15:00+00:00,USDe,1.001391598929139,89963966.79,2344036564.4127245
2024-05-18 07:15:00+00:00,USDe,1.0016833445518865,248078682.28,2415652713.3159213
2024-05-19 07:15:00+00:00,USDe,1.001391628872137,125147592.79,2443761450.9447274
2024-05-20 07:15:00+00:00,USDe,1.0013229468747034,55974791.9,2453892700.158163
2024-05-21 07:15:00+00:00,USDe,1.0013430221434025,221122316.73,2509979458.673326
2024-05-22 07:15:00+00:00,USDe,1.0007367771416795,161815395.43,2553096296.3678217
2024-05-23 07:15:00+00:00,USDe,1.0009011103956984,107075461.43,2575036181.5357046
2024-05-24 07:15:00+00:00,USDe,1.0012394628142849,167911034.35,2663482480.663581
2024-05-25 07:15:00+00:00,USDe,1.0009572079582703,125740487.31,2755951185.630041
2024-05-26 07:15:00+00:00,USDe,1.0014017071646797,61155624.64,2774681898.940612
2024-05-27 07:15:00+00:00,USDe,1.0009099201697031,69860522.42,2790417533.246353
2024-05-28 07:15:00+00:00,USDe,1.0006436501743292,99389438.14,2851924757.7162604
2024-05-29 07:15:00+00:00,USDe,1.0000438905728553,115200442.96,2903689350.3656106
2024-05-30 07:15:00+00:00,USDe,1.000600993076925,119354492.02,2939274878.4161997
2024-05-31 07:15:00+00:00,USDe,1.0010675029803335,100264277.83,2980785177.461547
2024-06-01 07:15:00+00:00,USDe,1.0003538792866216,84463899.04,3002575489.721168
2024-06-02 07:15:00+00:00,USDe,1.0006026345907497,54074823.44,3020856999.352304
2024-06-03 07:15:00+00:00,USDe,1.0006718585659198,121688288.7,3049572361.118981
2024-06-04 07:15:00+00:00,USDe,1.0010187724650976,153389988.25,3089160537.1270967
2024-06-05 07:15:00+00:00,USDe,1.0013221575672357,87903739.36,3106949423.722841
2024-06-06 07:15:00+00:00,USDe,1.0014006317541708,104166357.49,3107192917.116083
2024-06-07 07:15:00+00:00,USDe,1.0010474706350256,151756974.84,3106097112.2072263
2024-06-08 07:15:00+00:00,USDe,1.0008161984824389,107558090.02,3105379510.109068
2024-06-09 07:15:00+00:00,USDe,1.001033920571256,88716765.03,3106055068.4329
2024-06-10 07:15:00+00:00,USDe,1.0010191653142184,161390725.83,3106009285.128293
2024-06-11 07:15:00+00:00,USDe,1.0003802654916267,1021286806.55,3396022182.850533
2024-06-12 07:15:00+00:00,USDe,1.0008074041315815,93997931.01,3397472203.7540603
2024-06-13 07:15:00+00:00,USDe,1.000841762803024,195592167.02,3397588842.210872
2024-06-14 07:15:00+00:00,USDe,1.0007603571459507,102514564.48,3498411296.463492
2024-06-15 07:15:00+00:00,USDe,1.000110915226306,94962057.25,3520207701.0023484
2024-06-16 07:15:00+00:00,USDe,1.000506675921137,26433899.36,3521751496.2454658
2024-06-17 07:15:00+00:00,USDe,1.0006030320057,29475584.18,3527721759.5537963
2024-06-18 07:15:00+00:00,USDe,1.0007959130225639,41808868.86,3530898414.0230703
2024-06-19 07:15:00+00:00,USDe,1.001008070635107,40171731.92,3532136963.8469276
2024-06-20 07:15:00+00:00,USDe,1.0006402634567246,30489328.41,3531908116.7152047
2024-06-21 07:15:00+00:00,USDe,1.0006935799590293,45396453.88,3569591710.669231
2024-06-22 07:15:00+00:00,USDe,1.000451110929135,36205575.73,3569657674.9288254
2024-06-23 07:15:00+00:00,USDe,1.0005018749183672,48118783.39,3567246815.992746
2024-06-24 07:15:00+00:00,USDe,1.0005415286390453,38518109.15,3566304867.676901
2024-06-25 07:15:00+00:00,USDe,0.9998440499824477,100824280.55,3566636966.4168887
2024-06-26 07:15:00+00:00,USDe,1.0003868487771872,55964693.7,3576214938.545258
2024-06-27 07:15:00+00:00,USDe,0.9997691799643277,79994297.73,3573817776.4739223
2024-06-28 07:15:00+00:00,USDe,0.999643770187408,57572208.19,3601176891.1499114
2024-06-29 07:15:00+00:00,USDe,0.9992217505385816,63402613.75,3602561189.543822
2024-06-30 07:15:00+00:00,USDe,0.999124331509495,32723943.15,3602083245.520431
2024-07-01 07:15:00+00:00,USDe,0.9993258251951885,35441871.97,3602702851.2233167
2024-07-02 07:15:00+00:00,USDe,0.9991123494994357,73225178.5,3601938660.9213986
2024-07-03 07:15:00+00:00,USDe,0.9987153838102094,48134030.75,3605307917.7180614
2024-07-04 07:15:00+00:00,USDe,0.9986462354898293,79567858.79,3608248766.722098
2024-07-05 07:15:00+00:00,USDe,0.9987150400875758,229909722.39,3560637336.139765
2024-07-06 07:15:00+00:00,USDe,0.9988313243056502,67025882.01,3511727049.2035837
2024-07-07 07:15:00+00:00,USDe,0.9988291890389943,66299401.96,3480732198.5149164
2024-07-08 07:15:00+00:00,USDe,0.9993966921983576,64137476.23,3468187993.591738
2024-07-09 07:15:00+00:00,USDe,0.9987490011886572,49744270.82,3459461612.333037
2024-07-10 07:15:00+00:00,USDe,0.9990923820830867,26958863.67,3456168911.30656
2024-07-11 07:15:00+00:00,USDe,0.9987557167278207,65944086.37,3447517983.6144924
2024-07-12 07:15:00+00:00,USDe,0.9988709349819788,43466248.69,3443306196.0113506
2024-07-13 07:15:00+00:00,USDe,0.999067527186897,48786485.41,3426950055.737948
2024-07-14 07:15:00+00:00,USDe,0.9993102974225158,49284463.39,3410954573.3134794
2024-07-15 07:15:00+00:00,USDe,0.9993408195012471,46522496.35,3403696089.4082465
2024-07-16 07:15:00+00:00,USDe,0.9991433449577901,38891422.03,3396697946.806304
2024-07-17 07:15:00+00:00,USDe,0.9994600281124646,26659196.37,3397822210.6003957
2024-07-18 07:15:00+00:00,USDe,0.9991188268742014,17427089.93,3395653531.7381716
2024-07-19 07:15:00+00:00,USDe,0.9996967196929046,99367656.93,3400515533.933868
2024-07-20 07:15:00+00:00,USDe,1.0001813008892615,42380807.73,3402171152.4862285
2024-07-21 07:15:00+00:00,USDe,1.000593791723299,60418019.35,3403323435.3766656
2024-07-22 07:15:00+00:00,USDe,1.0002299473259633,35788236.2,3401574887.799962
2024-07-23 07:15:00+00:00,USDe,1.0003959931869093,56622032.59,3402136228.087398
2024-07-24 07:15:00+00:00,USDe,0.999694897126464,45278926.83,3399753012.234663
2024-07-25 07:15:00+00:00,USDe,0.9987754839840103,249027041.58,3377640833.545821
2024-07-26 07:15:00+00:00,USDe,0.9986993362770006,179144153.45,3281899640.1394124
2024-07-27 07:15:00+00:00,USDe,0.9988117409617336,133276489.19,3236258816.7281675
2024-07-28 07:15:00+00:00,USDe,0.9988300684639513,46896377.55,3225143540.7305193
2024-07-29 07:15:00+00:00,USDe,0.9987832632440834,40209582.16,3220867172.9284678
2024-07-30 07:15:00+00:00,USDe,0.9986770504839289,50468400.78,3210035437.919079
2024-07-31 07:15:00+00:00,USDe,0.9993621713476466,62695170.5,3208044272.458176
2024-08-01 07:15:00+00:00,USDe,0.9983860796581219,104477683.87,3204891160.6531043
2024-08-02 07:15:00+00:00,USDe,0.998317361737466,66496683.36,3199360949.863092
2024-08-03 07:15:00+00:00,USDe,0.9987920470493106,139233473.61,3218341050.6886263
2024-08-04 07:15:00+00:00,USDe,0.9990986766326397,85993012.97,3207318949.2099204
2024-08-05 07:15:00+00:00,USDe,0.9987275691906681,348794459.42,3167263282.1719365
2024-08-06 07:15:00+00:00,USDe,0.999847823832419,252386869.16,3170815944.0819063
2024-08-07 07:15:00+00:00,USDe,1.0002116961789922,84304929.28,3171969891.923391
2024-08-08 07:15:00+00:00,USDe,1.0006653848439182,79332654.93,3173408674.124149
2024-08-09 07:15:00+00:00,USDe,1.000905116351907,50044307.0,3174168934.305459
2024-08-10 07:15:00+00:00,USDe,1.000964565359307,32631371.36,3174357464.8558393
2024-08-11 07:15:00+00:00,USDe,1.0004663477416915,33568625.23,3172777468.052424
2024-08-12 07:15:00+00:00,USDe,1.0004005610688187,45285601.73,3172568838.8727813
2024-08-13 07:15:00+00:00,USDe,0.9997651066630896,88224071.96,3170553623.2435675
2024-08-14 07:15:00+00:00,USDe,0.9994939099777119,62916143.16,3169693577.5911384
2024-08-15 07:15:00+00:00,USDe,0.9992143162385999,63711947.82,3168806902.37446
2024-08-16 07:15:00+00:00,USDe,0.9994303418120567,91592495.82,3169491983.9601965
2024-08-17 07:15:00+00:00,USDe,0.9991826239475992,27393601.89,3163707864.6808805
2024-08-18 07:15:00+00:00,USDe,0.9990298666587463,22571947.26,3163224189.9005666
2024-08-19 07:15:00+00:00,USDe,0.9991133918195562,21794864.31,3163488655.2763844
2024-08-20 07:15:00+00:00,USDe,0.9994477941221475,61778883.28,3060399816.975086
2024-08-21 07:15:00+00:00,USDe,0.9989810670510814,60161810.13,3058620821.6230145
2024-08-22 07:15:00+00:00,USDe,0.9994455726391781,83331454.68,3060043017.2084694
2024-08-23 07:15:00+00:00,USDe,0.9989366984124575,37318929.8,3058484976.363882
2024-08-24 07:15:00+00:00,USDe,0.9994254500800592,59667094.59,3059981407.1536493
2024-08-25 07:15:00+00:00,USDe,0.9994447747146239,38290552.78,3060040574.1705217
2024-08-26 07:15:00+00:00,USDe,0.9991538751744555,26320690.77,3059149915.25825
2024-08-27 07:15:00+00:00,USDe,0.998954057114466,58850845.78,2930652017.242549
2024-08-28 07:15:00+00:00,USDe,0.9991587250361201,57347030.61,2921896206.1203165
2024-08-29 07:15:00+00:00,USDe,0.9991169605031496,64743485.15,2903583328.8126945
2024-08-30 07:15:00+00:00,USDe,0.998772111999716,49818132.46,2848776942.390068
2024-08-31 07:15:00+00:00,USDe,0.9987847320135779,35569671.21,2835631567.3922777
2024-09-01 07:15:00+00:00,USDe,0.9986286559272516,19708581.27,2833205469.373551
2024-09-02 07:15:00+00:00,USDe,0.9988531507797093,71072573.89,2791013607.008855
2024-09-03 07:15:00+00:00,USDe,0.99879267414799,53724163.05,2708614242.4566145
2024-09-04 07:15:00+00:00,USDe,0.998946969799936,56933061.33,2690534600.506261
2024-09-05 07:15:00+00:00,USDe,0.9992060376956835,74830113.63,2690632748.0948477
2024-09-06 07:15:00+00:00,USDe,0.9992638332822894,32326618.35,2691787117.637152
2024-09-07 07:15:00+00:00,USDe,0.9989290013422588,64213110.33,2690960896.767461
2024-09-08 07:15:00+00:00,USDe,0.9990553080991138,21899958.33,2691298752.394452
2024-09-09 07:15:00+00:00,USDe,0.9990074404151044,21791277.72,2691363496.2082844
2024-09-10 07:15:00+00:00,USDe,0.9990916032563911,62587825.61,2691088741.026724
2024-09-11 07:15:00+00:00,USDe,0.9989412558377029,45212264.44,2687615177.643948
2024-09-12 07:15:00+00:00,USDe,0.9989176854704696,47378090.18,2686073870.943249
2024-09-13 07:15:00+00:00,USDe,0.998645503599354,63623264.3,2681490111.788576
2024-09-14 07:15:00+00:00,USDe,0.9991393818236122,110832266.42,2668826498.7501345
2024-09-15 07:15:00+00:00,USDe,0.9990295880554355,136130448.61,2664548140.7667756
2024-09-16 07:15:00+00:00,USDe,0.9988031807127321,45473610.92,2658491147.7464485
2024-09-17 07:15:00+00:00,USDe,0.9987822641178494,26748866.28,2613983048.9450355
2024-09-18 07:15:00+00:00,USDe,0.9988657674332196,58951481.51,2598182409.702141
2024-09-19 07:15:00+00:00,USDe,0.9987975591997379,45424207.72,2597061753.638248
2024-09-20 07:15:00+00:00,USDe,0.9987607689726709,72256890.39,2589379645.943711
2024-09-21 07:15:00+00:00,USDe,0.9988557843733671,49840483.0,2585131160.4924817
2024-09-22 07:15:00+00:00,USDe,0.999115629151968,17009932.32,2584059153.153298
2024-09-23 07:15:00+00:00,USDe,0.9990170921934094,15698836.49,2583290135.237258
2024-09-24 07:15:00+00:00,USDe,0.9992575620935797,54968072.52,2576104308.430619
2024-09-25 07:15:00+00:00,USDe,0.99923460765903,28618488.03,2546065918.233908
2024-09-26 07:15:00+00:00,USDe,0.9988268196003991,35711460.98,2556870595.8246126
2024-09-27 07:15:00+00:00,USDe,0.9992445422203463,43961183.72,2549420487.09317
2024-09-28 07:15:00+00:00,USDe,0.9995031506394616,60958828.45,2549355185.8113017
2024-09-29 07:15:00+00:00,USDe,0.9993356082339934,17890267.88,2548927848.388753
2024-09-30 07:15:00+00:00,USDe,0.9991232286487951,30164406.09,2542949655.502442
2024-10-01 07:15:00+00:00,USDe,0.9991448802661504,56469126.79,2533967849.968033
2024-10-02 07:15:00+00:00,USDe,0.9995238476522331,67115112.86,2533272403.3078256
2024-10-03 07:15:00+00:00,USDe,0.999559055785566,118134392.22,2533361637.5894823
2024-10-04 07:15:00+00:00,USDe,0.999179414097445,143361147.44,2532399443.626906
2024-10-05 07:15:00+00:00,USDe,0.9994969475578317,119665490.61,2533204225.578046
2024-10-06 07:15:00+00:00,USDe,0.9989329032627119,32040152.13,2533496171.698958
2024-10-07 07:15:00+00:00,USDe,0.9988816487494024,39433426.79,2533366179.8718514
2024-10-08 07:15:00+00:00,USDe,0.9985501966401387,50535302.55,2470527580.6778245
2024-10-09 07:15:00+00:00,USDe,0.9983040503458791,76544475.16,2456928638.2712727
2024-10-10 07:15:00+00:00,USDe,0.9982059858405957,33241789.49,2452910868.8297114
2024-10-11 07:15:00+00:00,USDe,0.9982369201906526,102046397.47,2435910802.135985
2024-10-12 07:15:00+00:00,USDe,0.9988527552913731,65949190.16,2434916439.123399
2024-10-13 07:15:00+00:00,USDe,0.9986334811024483,15126633.18,2434381911.5621943
2024-10-14 07:15:00+00:00,USDe,0.9984465695682823,23488365.84,2432448261.431468
2024-10-15 07:15:00+00:00,USDe,0.9986536786160963,48217174.11,2432285967.4007845
2024-10-16 07:15:00+00:00,USDe,0.9991924047724112,60917380.39,2433592755.2184725
2024-10-17 07:15:00+00:00,USDe,0.9991419853377902,27853802.69,2412523517.789941
2024-10-18 07:15:00+00:00,USDe,0.9996197792153968,99672561.72,2436483344.3999944
2024-10-19 07:15:00+00:00,USDe,0.999719257965296,44735481.88,2436725814.909573
2024-10-20 07:15:00+00:00,USDe,1.0001156985782194,22364902.21,2515222549.847644
2024-10-21 07:15:00+00:00,USDe,0.9997247006976124,30530219.89,2542204426.778798
2024-10-22 07:15:00+00:00,USDe,1.000219231245313,36517192.03,2543951736.2656865
2024-10-23 07:15:00+00:00,USDe,1.0006050460897373,76108967.34,2578818650.225394
2024-10-24 07:15:00+00:00,USDe,1.00005696599362,85058008.34,2603983726.7605953
2024-10-25 07:15:00+00:00,USDe,1.0005823540595278,52539419.67,2608876751.767466
2024-10-26 07:15:00+00:00,USDe,0.9995107505156376,60393272.28,2620206097.055308
2024-10-27 07:15:00+00:00,USDe,0.9993877298724978,27599729.73,2619882625.2615576
2024-10-28 07:15:00+00:00,USDe,0.9995337014201272,15279801.03,2619435351.8743815
2024-10-29 07:15:00+00:00,USDe,1.0003829231862778,39926250.35,2688180914.9236965
2024-10-30 07:15:00+00:00,USDe,1.0010213256765685,58747069.84,2698599403.4179053
2024-10-31 07:15:00+00:00,USDe,1.0008643946298286,95347651.5,2719286294.1733007
2024-11-01 07:15:00+00:00,USDe,1.000201189946124,135178690.65018326,2747094064.9495745
2024-11-02 07:15:00+00:00,USDe,1.0007682437913994,29842730.38,2754007867.1117516
2024-11-03 07:15:00+00:00,USDe,1.0008574464687492,22129256.52,2758790343.503211
2024-11-04 07:15:00+00:00,USDe,1.0003928514763676,69977921.8,2778005674.6830635
2024-11-05 07:15:00+00:00,USDe,1.0007541862857314,39109437.45,2792319640.712442
2024-11-06 07:15:00+00:00,USDe,1.0013323786763642,67167783.45,2805055545.6539717
2024-11-07 07:15:00+00:00,USDe,1.0015644404998436,107363629.78,2815818420.188883
2024-11-08 07:15:00+00:00,USDe,1.0008558972241564,140174795.63,2870479887.1967754
2024-11-09 07:15:00+00:00,USDe,1.0011252249595675,78444716.09,2908742028.3715796
2024-11-10 07:15:00+00:00,USDe,1.001225606804704,74463150.3,2910970308.467334
2024-11-11 07:15:00+00:00,USDe,1.0018220094939652,61014151.67,2919215228.4129486
2024-11-12 07:15:00+00:00,USDe,1.001632881616594,174843191.93,2996383425.071082
2024-11-13 07:15:00+00:00,USDe,1.0022297063741503,87034891.93,3000883879.189035
2024-11-14 07:15:00+00:00,USDe,1.0013672912894993,115119385.79,3046174064.9429293
2024-11-15 07:15:00+00:00,USDe,1.001606723268374,159339077.04,3121160751.1458564
2024-11-16 07:15:00+00:00,USDe,1.0018185246375149,95921799.22,3173452497.4343033
2024-11-17 07:15:00+00:00,USDe,1.0012412907324268,125899080.46,3228219097.545968
2024-11-18 07:15:00+00:00,USDe,1.0013676740875281,132588005.9,3285908941.9494996
2024-11-19 07:15:00+00:00,USDe,1.001832093595087,204834071.95,3389998671.063965
2024-11-20 07:15:00+00:00,USDe,1.0021537171204515,264595343.62,3474527337.5521913
2024-11-21 07:15:00+00:00,USDe,1.0017472035906756,222778744.43,3582481499.6300116
2024-11-22 07:15:00+00:00,USDe,1.0025184073815905,236292072.13,3689383283.3806767
2024-11-23 07:15:00+00:00,USDe,1.0022227621238138,208755741.59,3802410026.582821
2024-11-24 07:15:00+00:00,USDe,1.0024161289324225,128149946.33,3821393877.147163
2024-11-25 07:15:00+00:00,USDe,1.0023747911538519,129260983.19,3868217054.842472
2024-11-26 07:15:00+00:00,USDe,1.0017035984369207,211459739.78,3923314096.2377577
2024-11-27 07:15:00+00:00,USDe,1.0006456738431788,187050981.23,4037885050.932434
2024-11-28 07:15:00+00:00,USDe,1.0010794752533347,156434530.91,4082446964.6510673
2024-11-29 07:15:00+00:00,USDe,1.0012317889871065,136659469.1,4134600622.834834
2024-11-30 07:15:00+00:00,USDe,1.0012629787351228,352919338.61,4374492876.871704
2024-12-01 07:15:00+00:00,USDe,1.0017168915954464,170457355.49,4449185308.42289
2024-12-02 07:15:00+00:00,USDe,1.0016937086486697,104683030.34,4490647670.557481
2024-12-03 07:15:00+00:00,USDe,1.0010400926498373,260792120.61,4776764354.345117
2024-12-04 07:15:00+00:00,USDe,1.0018164781001222,184951823.6,4823027335.861215
2024-12-05 07:15:00+00:00,USDe,1.0016771933986157,170951322.42,4875726604.238604
2024-12-06 07:15:00+00:00,USDe,1.0017237967135477,263695002.21,5204772502.466681
2024-12-07 07:15:00+00:00,USDe,1.0024069878204618,129483854.17,5240835381.397175
2024-12-08 07:15:00+00:00,USDe,1.001828854203931,126415371.79,5269627647.447398
2024-12-09 07:15:00+00:00,USDe,1.0017596630032504,153568499.95,5500839431.718694
2024-12-10 07:15:00+00:00,USDe,1.001609602798283,136953869.82,5540795454.827706
2024-12-11 07:15:00+00:00,USDe,1.0017342623803351,103280047.74,5567729360.394758
2024-12-12 07:15:00+00:00,USDe,1.0013250990234694,158633866.94,5638797807.646877
2024-12-13 07:15:00+00:00,USDe,1.0016222657560685,158034958.82,5734157864.53717
2024-12-14 07:15:00+00:00,USDe,1.0012836694172402,209406197.7,5814206465.536885
2024-12-15 07:15:00+00:00,USDe,1.0010760313414333,85613903.27,5834149182.530409
2024-12-16 07:15:00+00:00,USDe,1.000929979830631,136164936.45,5882746336.702358
2024-12-17 07:15:00+00:00,USDe,1.0009740734064463,107479213.48,5930823519.376551
2024-12-18 07:15:00+00:00,USDe,1.0008576613015097,100677287.75,5966710194.802426
2024-12-19 07:15:00+00:00,USDe,1.0001390431933623,182860164.6,5987325712.719864
2024-12-20 07:15:00+00:00,USDe,0.9972939776895475,227118637.73,5983508286.278661
2024-12-21 07:15:00+00:00,USDe,0.999489536698685,200308660.67,5922723576.361674
2024-12-22 07:15:00+00:00,USDe,0.9995159239534165,67325165.63,5922502310.645738
2024-12-23 07:15:00+00:00,USDe,0.9992470226268124,82095087.79,5919900544.324214
2024-12-24 07:15:00+00:00,USDe,0.9985841949016638,115032058.44,5911321259.904722
2024-12-25 07:15:00+00:00,USDe,0.9991698793614497,96751874.68,5914610368.078663
2024-12-26 07:15:00+00:00,USDe,0.9985278652269911,64624098.04,5908659371.825113
2024-12-27 07:15:00+00:00,USDe,0.9981595675613582,107848285.54,5907450751.116292
2024-12-28 07:15:00+00:00,USDe,0.997223178901369,103343147.52,5896246359.083728
2024-12-29 07:15:00+00:00,USDe,0.997158717653133,84093653.35,5875813705.026303
2024-12-30 07:15:00+00:00,USDe,0.9971282002985544,74161052.45,5871755808.471357
2024-12-31 07:15:00+00:00,USDe,0.9975087774138621,74806159.33,5862530777.518424
2025-01-01 07:15:00+00:00,USDe,0.9972453510487139,79895958.48,5859636069.645496
2025-01-02 07:15:00+00:00,USDe,0.9974563448117599,42292651.15,5857698717.340015
2025-01-03 07:15:00+00:00,USDe,0.9981966347919117,111622359.86,5853096218.4241905
2025-01-04 07:15:00+00:00,USDe,0.9984650875149783,108519252.23,5846423856.306634
2025-01-05 07:15:00+00:00,USDe,0.998973162932626,98921591.72,5834203165.347167
2025-01-06 07:15:00+00:00,USDe,0.9986122992673383,91010236.02,5821289602.340919
2025-01-07 07:15:00+00:00,USDe,0.9993697225958733,103992258.07,5820905902.337289
2025-01-08 07:15:00+00:00,USDe,0.999197266787761,146383299.82,5807012503.806866
2025-01-09 07:15:00+00:00,USDe,0.9989805259376111,163478978.42,5798217027.327049
2025-01-10 07:15:00+00:00,USDe,0.9993068593230803,129633231.02,5793829237.17933
2025-01-11 07:15:00+00:00,USDe,0.9988745527592645,96384282.78,5778952734.379894
2025-01-12 07:15:00+00:00,USDe,0.999259836159162,45121934.94,5781176774.18389
2025-01-13 07:15:00+00:00,USDe,0.9997024617660895,68428460.6,5783557618.025648
2025-01-14 07:15:00+00:00,USDe,0.9998029301287152,103010071.38,5787170033.178531
2025-01-15 07:15:00+00:00,USDe,0.9996443535645871,91445653.39,5786676945.856635
2025-01-16 07:15:00+00:00,USDe,1.0003040290500829,97928153.42,5808661702.236893
2025-01-17 07:15:00+00:00,USDe,0.9996683389423503,125554849.23,5810747709.809999
2025-01-18 07:15:00+00:00,USDe,0.9998684671378096,165386658.74,5812789941.761957
2025-01-19 07:15:00+00:00,USDe,0.9989523790772746,121521739.5,5807464213.789668
2025-01-20 07:15:00+00:00,USDe,0.9979066861104696,109121186.53,5795592661.078198
2025-01-21 07:15:00+00:00,USDe,0.9976321094823921,156312385.23,5747272193.922817
2025-01-22 07:15:00+00:00,USDe,0.9993732345482736,82711960.36,5737086201.943736
2025-01-23 07:15:00+00:00,USDe,0.9989497006484228,135413568.2,5737823817.961322
2025-01-24 07:15:00+00:00,USDe,0.999387836370889,106398510.04,5755549549.749499
2025-01-25 07:15:00+00:00,USDe,0.9996962529872769,78282495.42,5759749090.730796
2025-01-26 07:15:00+00:00,USDe,1.0002426126420716,61244199.76,5766521585.19706
2025-01-27 07:15:00+00:00,USDe,0.9996270867683205,65448435.98,5764098578.402168
2025-01-28 07:15:00+00:00,USDe,1.0006453759403546,112888867.23,5770443830.615412
2025-01-29 07:15:00+00:00,USDe,1.0011292890984511,91426518.06,5832850090.603117
2025-01-30 07:15:00+00:00,USDe,1.0011410589543177,73827154.86,5881645438.037712
2025-01-31 07:15:00+00:00,USDe,1.001005444488759,150828436.29,6049133092.050195
2025-02-01 07:15:00+00:00,USDe,1.0010006875173358,61553506.15,6066971937.56226
2025-02-02 07:15:00+00:00,USDe,1.000423336773453,51549664.75,6102368557.688387
2025-02-03 07:15:00+00:00,USDe,0.9994953659272057,320528601.05,6064623962.050184
2025-02-04 07:15:00+00:00,USDe,0.9998755409746726,224298718.11,6044196436.616058
2025-02-05 07:15:00+00:00,USDe,0.9996325461819487,174776972.09,6036096640.09618
2025-02-06 07:15:00+00:00,USDe,1.0003751435150516,74987657.11,6047343268.811049
2025-02-07 07:15:00+00:00,USDe,1.0002024976933614,57742357.7,6050918093.147008
2025-02-08 07:15:00+00:00,USDe,1.0001675206734493,74082875.42,6050696206.740078
2025-02-09 07:15:00+00:00,USDe,1.0005829734401304,45706187.71,6053208367.542982
2025-02-10 07:15:00+00:00,USDe,0.999997922636369,44054313.91,6048282084.722666
2025-02-11 07:15:00+00:00,USDe,0.9996873368472501,125227655.26,6049165685.354524
2025-02-12 07:15:00+00:00,USDe,0.9995116509868675,149292848.44,6016334463.2171135
2025-02-13 07:15:00+00:00,USDe,0.9995625381229819,67537641.36,6002244991.8698225
2025-02-14 07:15:00+00:00,USDe,0.9998326033900446,85304216.88,5986228795.04135
2025-02-15 07:15:00+00:00,USDe,0.9999724411785971,84521449.79,5986955819.566671
2025-02-16 07:15:00+00:00,USDe,0.9995421837123377,72144862.51,5965744235.923397
2025-02-17 07:15:00+00:00,USDe,0.999419416462556,63148513.24,5956930841.277575
2025-02-18 07:15:00+00:00,USDe,0.999235392452524,69804466.65,6047598879.7013855
2025-02-19 07:15:00+00:00,USDe,0.9988793594373725,91699202.22,6070439310.640976
2025-02-20 07:15:00+00:00,USDe,0.9991758959528766,97532192.57,6039995069.527861
2025-02-21 07:15:00+00:00,USDe,0.9999006935967796,99311873.74,6052128913.465197
2025-02-22 07:15:00+00:00,USDe,0.9989492602444793,507343711.17,5885906649.801524
2025-02-23 07:15:00+00:00,USDe,0.9997097305129239,119129599.52,5887405647.876892
2025-02-24 07:15:00+00:00,USDe,1.0000848118996275,141595828.4,5889314519.703329
2025-02-25 07:15:00+00:00,USDe,1.0000907522526883,102362953.54,5880440315.828717
2025-02-26 07:15:00+00:00,USDe,0.9990459000913857,134148142.04,5870379744.423247
2025-02-27 07:15:00+00:00,USDe,0.9992211486236104,121381776.21,5867210560.579681
2025-02-28 07:15:00+00:00,USDe,0.998787642346918,98706597.28,5858229951.381975
2025-03-01 07:15:00+00:00,USDe,0.9988288897753005,115343922.72,5589538328.786383
2025-03-02 07:15:00+00:00,USDe,0.9987337909379934,58457854.38,5456732930.882061
2025-03-03 07:15:00+00:00,USDe,0.9992397465793026,118184185.37,5459497293.957186
2025-03-04 07:15:00+00:00,USDe,0.9985637191793315,110124913.91,5453358969.234856
2025-03-05 07:15:00+00:00,USDe,0.9990897026773096,114110430.03,5439704220.531743
2025-03-06 07:15:00+00:00,USDe,0.9992477904433853,78978594.28,5439388660.999595
2025-03-07 07:15:00+00:00,USDe,0.9992893639669729,85689041.44,5389733097.66233
2025-03-08 07:15:00+00:00,USDe,0.9990389312137087,89092399.55,5410085307.3201685
2025-03-09 07:15:00+00:00,USDe,0.9993311887867591,98331718.96,5450990082.643762
2025-03-10 07:15:00+00:00,USDe,0.9996813454380795,72551691.93,5453111769.978386
2025-03-11 07:15:00+00:00,USDe,0.9993063951738224,119488447.2,5451439954.397223
2025-03-12 07:15:00+00:00,USDe,0.9992219649111894,80489960.62,5450165776.601363
2025-03-13 07:15:00+00:00,USDe,0.9993886110696726,78140852.56,5451892203.053194
2025-03-14 07:15:00+00:00,USDe,0.9995164552032678,61638787.73,5457832600.251108
2025-03-15 07:15:00+00:00,USDe,0.9998835660385081,61621134.53,5459929338.919446
2025-03-16 07:15:00+00:00,USDe,0.9998347687973693,48354303.87,5459875365.7505
2025-03-17 07:15:00+00:00,USDe,0.9995087010739131,45465237.81,5418379616.361084
2025-03-18 07:15:00+00:00,USDe,0.9997136194765096,69875194.86,5418006905.427502
2025-03-19 07:15:00+00:00,USDe,0.9995995435909107,56959590.24,5414808228.555472
2025-03-20 07:15:00+00:00,USDe,0.999823462545597,62032914.79,5412441994.247133
2025-03-21 07:15:00+00:00,USDe,0.9996296254977471,107946038.94,5414240985.553907
2025-03-22 07:15:00+00:00,USDe,0.9993280101201839,108979768.34,5388364937.90067
2025-03-23 07:15:00+00:00,USDe,0.9997143019670698,39525293.15,5390518461.321124
2025-03-24 07:15:00+00:00,USDe,0.9997498429676746,71785322.94,5390745102.213834
2025-03-25 07:15:00+00:00,USDe,0.9997200603243905,77936618.58,5377609322.629737
2025-03-26 07:15:00+00:00,USDe,0.9996151221254269,64499365.46,5371760405.651858
2025-03-27 07:15:00+00:00,USDe,0.9992654014903378,126525633.76,5334396882.826635
2025-03-28 07:15:00+00:00,USDe,0.9987144204770886,140486916.23,5262293921.51522
2025-03-29 07:15:00+00:00,USDe,0.9993092277554033,144721701.7,5244125769.331585
2025-03-30 07:15:00+00:00,USDe,1.0000820044291319,116508226.87,5247686080.92497
2025-03-31 07:15:00+00:00,USDe,1.0005405149757152,79004366.12,5250175111.158877
2025-04-01 07:15:00+00:00,USDe,0.9998712271141197,118763327.82,5259077428.582801
2025-04-02 07:15:00+00:00,USDe,0.9998053867871807,148120885.98,5260910284.905007
2025-04-03 07:15:00+00:00,USDe,0.9998302008985014,180501122.17,5248703490.858293
2025-04-04 07:15:00+00:00,USDe,0.9995320509170049,125269998.15,5247525196.654384
2025-04-05 07:15:00+00:00,USDe,0.9991437858208968,151199746.1,5242283365.18629
2025-04-06 07:15:00+00:00,USDe,0.99911102202297,62357510.89,5213849791.942381
2025-04-07 07:15:00+00:00,USDe,0.9980314271279226,166678770.35,5134415986.004224
2025-04-08 07:15:00+00:00,USDe,0.9990108466896032,119992649.46,5112605026.433565
2025-04-09 07:15:00+00:00,USDe,0.9985519802444791,119680529.92,5090816633.666954
2025-04-10 07:15:00+00:00,USDe,0.9989047908816124,75327137.64,5067721400.09275
2025-04-11 07:15:00+00:00,USDe,0.9986113676016725,72505785.67,5036220960.390461
2025-04-12 07:15:00+00:00,USDe,0.9987477181462997,56248175.53,5008680659.837819
2025-04-13 07:15:00+00:00,USDe,0.9990858112446382,69383091.7,5005562596.2980385
2025-04-14 07:15:00+00:00,USDe,0.9988103283335251,68203232.32,4979752053.325299
2025-04-15 07:15:00+00:00,USDe,0.9990052383095007,65566351.23,4922572979.294933
2025-04-16 07:15:00+00:00,USDe,0.9990765025297677,60023321.6,4889546869.602557
2025-04-17 07:15:00+00:00,USDe,0.9992383621818167,48477766.02,4876068486.4015875
2025-04-18 07:15:00+00:00,USDe,0.9991789207457092,42234000.57,4834217739.265302
2025-04-19 07:15:00+00:00,USDe,0.9991047949538351,41079155.94,4825903556.337943
2025-04-20 07:15:00+00:00,USDe,0.9991136307347231,39072125.84,4823471706.512649
2025-04-21 07:15:00+00:00,USDe,0.9993214853416119,42426592.58,4821682026.543406
2025-04-22 07:15:00+00:00,USDe,0.9991846302229888,42369534.05,4818566576.103777
