{"status": {"timestamp": "2025-04-23T23:15:39.340Z", "error_code": 0, "error_message": null, "elapsed": 15, "credit_count": 1, "notice": null}, "data": {"active_cryptocurrencies": 9826, "total_cryptocurrencies": 34348, "active_market_pairs": 100643, "active_exchanges": 811, "total_exchanges": 10363, "eth_dominance": 7.420956645585, "btc_dominance": 63.433099131051, "eth_dominance_yesterday": 7.29733043, "btc_dominance_yesterday": 63.55150757, "eth_dominance_24h_percentage_change": 0.123626215585, "btc_dominance_24h_percentage_change": -0.118408438949, "defi_volume_24h": 8801687803.162292, "defi_volume_24h_reported": 38929690760.2986, "defi_market_cap": 64967160429.49605, "defi_24h_percentage_change": 8.934374147295, "stablecoin_volume_24h": 111916902272.88696, "stablecoin_volume_24h_reported": 741176247396.8428, "stablecoin_market_cap": 220946993151.13638, "stablecoin_24h_percentage_change": -1.859890911972, "derivatives_volume_24h": 1396510124706.582, "derivatives_volume_24h_reported": 1396510124706.582, "derivatives_24h_percentage_change": -3.595472435043, "total_crypto_dex_currencies": 14152066, "today_incremental_crypto_number": 2, "past_24h_incremental_crypto_number": 97390, "past_7d_incremental_crypto_number": 627713, "past_30d_incremental_crypto_number": 1817180, "today_change_percent": 0.036736043855, "tracked_yearly_number": {"maxIncrementalNumber": 184087, "minIncrementalNumber": 4322, "maxIncrementalDate": "2025-04-17T00:00:00.000Z", "minIncrementalDate": "2024-08-05T00:00:00.000Z"}, "quote": {"USD": {"total_market_cap": 2937210684010.239, "total_volume_24h": 120040575970.85, "total_volume_24h_reported": 762237162057.46, "altcoin_volume_24h": 76747907870.10262, "altcoin_volume_24h_reported": 492176512912.856, "altcoin_market_cap": 1074046919134.2084, "defi_volume_24h": 8801687803.162292, "defi_volume_24h_reported": 38929690760.2986, "defi_24h_percentage_change": 8.934374147295, "defi_market_cap": 64967160429.49605, "stablecoin_volume_24h": 111916902272.88696, "stablecoin_volume_24h_reported": 741176247396.8428, "stablecoin_24h_percentage_change": -1.859890911972, "stablecoin_market_cap": 220946993151.13638, "derivatives_volume_24h": 1396510124706.582, "derivatives_volume_24h_reported": 1396510124706.582, "derivatives_24h_percentage_change": -3.595472435043, "total_market_cap_yesterday": 2910895506810.7183, "total_volume_24h_yesterday": 119254379603.2, "total_market_cap_yesterday_percentage_change": 0.9040234229621262, "total_volume_24h_yesterday_percentage_change": 0.6592599536100465, "last_updated": "2025-04-23T23:13:59.999Z"}}, "last_updated": "2025-04-23T23:13:59.999Z"}}