{"status": {"timestamp": "2025-04-23T23:15:38.907Z", "error_code": 0, "error_message": null, "elapsed": 32, "credit_count": 1, "notice": null, "total_count": 9810}, "data": [{"id": 1, "name": "Bitcoin", "symbol": "BTC", "slug": "bitcoin", "num_market_pairs": 12051, "date_added": "2010-07-13T00:00:00.000Z", "tags": ["mineable", "pow", "sha-256", "store-of-value", "state-channel", "coinbase-ventures-portfolio", "three-arrows-capital-portfolio", "polychain-capital-portfolio", "binance-labs-portfolio", "blockchain-capital-portfolio", "boostvc-portfolio", "cms-holdings-portfolio", "dcg-portfolio", "dragonfly-capital-portfolio", "electric-capital-portfolio", "fabric-ventures-portfolio", "framework-ventures-portfolio", "galaxy-digital-portfolio", "huobi-capital-portfolio", "alameda-research-portfolio", "a16z-portfolio", "1confirmation-portfolio", "winklevoss-capital-portfolio", "usv-portfolio", "placeholder-ventures-portfolio", "pantera-capital-portfolio", "multicoin-capital-portfolio", "paradigm-portfolio", "bitcoin-ecosystem", "ftx-bankruptcy-estate", "2017-2018-alt-season", "us-strategic-crypto-reserve"], "max_supply": 21000000, "circulating_supply": 19855268, "total_supply": 19855268, "infinite_supply": false, "platform": null, "cmc_rank": 1, "self_reported_circulating_supply": null, "self_reported_market_cap": null, "tvl_ratio": null, "last_updated": "2025-04-23T23:15:00.000Z", "quote": {"USD": {"price": 93846.78305986778, "volume_24h": 43616203909.39777, "volume_change_24h": -18.5049, "percent_change_1h": 0.57394502, "percent_change_24h": 0.71322964, "percent_change_7d": 11.34007703, "percent_change_30d": 7.50652638, "percent_change_60d": -2.88915284, "percent_change_90d": -10.04157469, "market_cap": 1863353028591.535, "market_cap_dominance": 63.4399, "fully_diluted_market_cap": 1970782444257.22, "tvl": null, "last_updated": "2025-04-23T23:15:00.000Z"}}}, {"id": 1027, "name": "Ethereum", "symbol": "ETH", "slug": "ethereum", "num_market_pairs": 10148, "date_added": "2015-08-07T00:00:00.000Z", "tags": ["pos", "smart-contracts", "ethereum-ecosystem", "coinbase-ventures-portfolio", "three-arrows-capital-portfolio", "polychain-capital-portfolio", "binance-labs-portfolio", "blockchain-capital-portfolio", "boostvc-portfolio", "cms-holdings-portfolio", "dcg-portfolio", "dragonfly-capital-portfolio", "electric-capital-portfolio", "fabric-ventures-portfolio", "framework-ventures-portfolio", "hashkey-capital-portfolio", "kenetic-capital-portfolio", "huobi-capital-portfolio", "alameda-research-portfolio", "a16z-portfolio", "1confirmation-portfolio", "winklevoss-capital-portfolio", "usv-portfolio", "placeholder-ventures-portfolio", "pantera-capital-portfolio", "multicoin-capital-portfolio", "paradigm-portfolio", "ethereum-pow-ecosystem", "layer-1", "ftx-bankruptcy-estate", "sora-ecosystem", "rsk-rbtc-ecosystem", "world-liberty-financial-portfolio", "us-strategic-crypto-reserve"], "max_supply": null, "circulating_supply": 120713090.17622802, "total_supply": 120713090.17622802, "infinite_supply": true, "platform": null, "cmc_rank": 2, "self_reported_circulating_supply": null, "self_reported_market_cap": null, "tvl_ratio": null, "last_updated": "2025-04-23T23:14:00.000Z", "quote": {"USD": {"price": 1805.8051751705855, "volume_24h": 22782039911.504124, "volume_change_24h": 2.8386, "percent_change_1h": 0.80618665, "percent_change_24h": 2.6275944, "percent_change_7d": 14.17784401, "percent_change_30d": -12.91630859, "percent_change_60d": -34.78200424, "percent_change_90d": -45.56976065, "market_cap": 217984322951.0661, "market_cap_dominance": 7.4215, "fully_diluted_market_cap": 217984322951.07, "tvl": null, "last_updated": "2025-04-23T23:14:00.000Z"}}}, {"id": 825, "name": "Tether USDt", "symbol": "USDT", "slug": "tether", "num_market_pairs": 125223, "date_added": "2015-02-25T00:00:00.000Z", "tags": ["stablecoin", "asset-backed-stablecoin", "usd-stablecoin", "ethereum-pow-ecosystem", "fiat-stablecoin", "tron20-ecosystem", "rsk-rbtc-ecosystem", "world-liberty-financial-portfolio"], "max_supply": null, "circulating_supply": 145279157230.65588, "total_supply": 148529875297.27908, "platform": {"id": 1027, "name": "Ethereum", "symbol": "ETH", "slug": "ethereum", "token_address": "0xdac17f958d2ee523a2206206994597c13d831ec7"}, "infinite_supply": true, "cmc_rank": 3, "self_reported_circulating_supply": null, "self_reported_market_cap": null, "tvl_ratio": null, "last_updated": "2025-04-23T23:14:00.000Z", "quote": {"USD": {"price": 1.0001421512915518, "volume_24h": 91943567106.62466, "volume_change_24h": -2.496, "percent_change_1h": -0.01793513, "percent_change_24h": -0.01133232, "percent_change_7d": 0.01498054, "percent_change_30d": -0.00428941, "percent_change_60d": -0.02228564, "percent_change_90d": -0.01216735, "market_cap": 145299808850.4918, "market_cap_dominance": 4.9469, "fully_diluted_market_cap": 148550989010.89, "tvl": null, "last_updated": "2025-04-23T23:14:00.000Z"}}}, {"id": 52, "name": "XRP", "symbol": "XRP", "slug": "xrp", "num_market_pairs": 1594, "date_added": "2013-08-04T00:00:00.000Z", "tags": ["medium-of-exchange", "enterprise-solutions", "xrp-ecosystem", "arrington-xrp-capital-portfolio", "galaxy-digital-portfolio", "a16z-portfolio", "pantera-capital-portfolio", "ftx-bankruptcy-estate", "2017-2018-alt-season", "klaytn-ecosystem", "made-in-america", "us-strategic-crypto-reserve"], "max_supply": 100000000000, "circulating_supply": 58394167593, "total_supply": 99986232255, "infinite_supply": false, "platform": null, "cmc_rank": 4, "self_reported_circulating_supply": null, "self_reported_market_cap": null, "tvl_ratio": null, "last_updated": "2025-04-23T23:15:00.000Z", "quote": {"USD": {"price": 2.2287632334860765, "volume_24h": 5113228602.107312, "volume_change_24h": 29.9595, "percent_change_1h": 0.61741198, "percent_change_24h": 0.37998033, "percent_change_7d": 6.50996816, "percent_change_30d": -8.68135816, "percent_change_60d": -13.6676953, "percent_change_90d": -28.81870286, "market_cap": 130146773781.30254, "market_cap_dominance": 4.431, "fully_diluted_market_cap": 222876323348.61, "tvl": null, "last_updated": "2025-04-23T23:15:00.000Z"}}}, {"id": 1839, "name": "BNB", "symbol": "BNB", "slug": "bnb", "num_market_pairs": 2489, "date_added": "2017-07-25T00:00:00.000Z", "tags": ["marketplace", "centralized-exchange", "payments", "smart-contracts", "alameda-research-portfolio", "multicoin-capital-portfolio", "bnb-chain-ecosystem", "layer-1", "alleged-sec-securities", "celsius-bankruptcy-estate"], "max_supply": null, "circulating_supply": 140890597.79, "total_supply": 140890597.79, "infinite_supply": false, "platform": null, "cmc_rank": 5, "self_reported_circulating_supply": null, "self_reported_market_cap": null, "tvl_ratio": null, "last_updated": "2025-04-23T23:14:00.000Z", "quote": {"USD": {"price": 606.3692575487622, "volume_24h": 1871794850.431448, "volume_change_24h": 11.2058, "percent_change_1h": 0.13244094, "percent_change_24h": -1.24578236, "percent_change_7d": 3.8305157, "percent_change_30d": -4.66157422, "percent_change_60d": -9.48295384, "percent_change_90d": -12.06580891, "market_cap": 85431727177.52357, "market_cap_dominance": 2.9086, "fully_diluted_market_cap": 85431727177.52, "tvl": null, "last_updated": "2025-04-23T23:14:00.000Z"}}}, {"id": 5426, "name": "Solana", "symbol": "SOL", "slug": "solana", "num_market_pairs": 902, "date_added": "2020-04-10T00:00:00.000Z", "tags": ["pos", "platform", "solana-ecosystem", "cms-holdings-portfolio", "kenetic-capital-portfolio", "alameda-research-portfolio", "multicoin-capital-portfolio", "okx-ventures-portfolio", "layer-1", "ftx-bankruptcy-estate", "alleged-sec-securities", "cmc-crypto-awards-2024", "made-in-america", "us-strategic-crypto-reserve"], "max_supply": null, "circulating_supply": 517313271.00550544, "total_supply": 599173323.4551264, "infinite_supply": true, "platform": null, "cmc_rank": 6, "self_reported_circulating_supply": null, "self_reported_market_cap": null, "tvl_ratio": null, "last_updated": "2025-04-23T23:15:00.000Z", "quote": {"USD": {"price": 151.76769498950642, "volume_24h": 4843946729.173457, "volume_change_24h": 7.1501, "percent_change_1h": 0.68922259, "percent_change_24h": 1.38077234, "percent_change_7d": 15.09274624, "percent_change_30d": 8.49614606, "percent_change_60d": -11.95283244, "percent_change_90d": -39.98028213, "market_cap": 78511442727.98743, "market_cap_dominance": 2.673, "fully_diluted_market_cap": 90935154199.99, "tvl": null, "last_updated": "2025-04-23T23:15:00.000Z"}}}, {"id": 3408, "name": "USDC", "symbol": "USDC", "slug": "usd-coin", "num_market_pairs": 27302, "date_added": "2018-10-08T00:00:00.000Z", "tags": ["medium-of-exchange", "stablecoin", "asset-backed-stablecoin", "coinbase-ventures-portfolio", "usd-stablecoin", "ethereum-pow-ecosystem", "fiat-stablecoin", "tron20-ecosystem", "made-in-america", "world-liberty-financial-portfolio"], "max_supply": null, "circulating_supply": 61899263999.675934, "total_supply": 61899263999.675934, "platform": {"id": 1027, "name": "Ethereum", "symbol": "ETH", "slug": "ethereum", "token_address": "0xa0b86991c6218b36c1d19d4a2e9eb0ce3606eb48"}, "infinite_supply": false, "cmc_rank": 7, "self_reported_circulating_supply": null, "self_reported_market_cap": null, "tvl_ratio": null, "last_updated": "2025-04-23T23:14:00.000Z", "quote": {"USD": {"price": 0.9999112150712215, "volume_24h": 14263703690.792162, "volume_change_24h": 1.5303, "percent_change_1h": -0.00626602, "percent_change_24h": -0.00173852, "percent_change_7d": 0.00237644, "percent_change_30d": 0.00177001, "percent_change_60d": -0.00714024, "percent_change_90d": -0.00783353, "market_cap": 61893768277.93028, "market_cap_dominance": 2.1072, "fully_diluted_market_cap": 61893768277.93, "tvl": null, "last_updated": "2025-04-23T23:14:00.000Z"}}}, {"id": 74, "name": "Dogecoin", "symbol": "DOGE", "slug": "dogecoin", "num_market_pairs": 1208, "date_added": "2013-12-15T00:00:00.000Z", "tags": ["mineable", "pow", "scrypt", "medium-of-exchange", "memes", "payments", "doggone-doggerel", "ftx-bankruptcy-estate", "made-in-america"], "max_supply": null, "circulating_supply": 148977696383.70526, "total_supply": 148977696383.70526, "infinite_supply": true, "platform": null, "cmc_rank": 8, "self_reported_circulating_supply": null, "self_reported_market_cap": null, "tvl_ratio": null, "last_updated": "2025-04-23T23:15:00.000Z", "quote": {"USD": {"price": 0.179186409699883, "volume_24h": 1899173726.5966532, "volume_change_24h": 24.7377, "percent_change_1h": 0.65804345, "percent_change_24h": 0.51995401, "percent_change_7d": 15.38357708, "percent_change_30d": -2.11323186, "percent_change_60d": -27.46448427, "percent_change_90d": -49.13675913, "market_cap": 26694778540.35539, "market_cap_dominance": 0.9089, "fully_diluted_market_cap": 26694778540.36, "tvl": null, "last_updated": "2025-04-23T23:15:00.000Z"}}}, {"id": 2010, "name": "Cardano", "symbol": "ADA", "slug": "cardano", "num_market_pairs": 1506, "date_added": "2017-10-01T00:00:00.000Z", "tags": ["dpos", "pos", "platform", "research", "smart-contracts", "staking", "cardano-ecosystem", "cardano", "layer-1", "alleged-sec-securities", "2017-2018-alt-season", "made-in-america", "us-strategic-crypto-reserve"], "max_supply": 45000000000, "circulating_supply": 35290300162.92753, "total_supply": 44994927344.927155, "infinite_supply": false, "platform": null, "cmc_rank": 9, "self_reported_circulating_supply": null, "self_reported_market_cap": null, "tvl_ratio": null, "last_updated": "2025-04-23T23:15:00.000Z", "quote": {"USD": {"price": 0.7003867840255273, "volume_24h": 997139501.5641935, "volume_change_24h": 20.2506, "percent_change_1h": 0.67678528, "percent_change_24h": 2.65835776, "percent_change_7d": 14.27626147, "percent_change_30d": -3.82746484, "percent_change_60d": -9.70955349, "percent_change_90d": -29.09948959, "market_cap": 24716859838.408356, "market_cap_dominance": 0.8415, "fully_diluted_market_cap": 31517405281.15, "tvl": null, "last_updated": "2025-04-23T23:15:00.000Z"}}}, {"id": 1958, "name": "TRON", "symbol": "TRX", "slug": "tron", "num_market_pairs": 1166, "date_added": "2017-09-13T00:00:00.000Z", "tags": ["media", "payments", "tron-ecosystem", "layer-1", "dwf-labs-portfolio", "alleged-sec-securities", "2017-2018-alt-season", "tron20-ecosystem", "world-liberty-financial-portfolio"], "max_supply": null, "circulating_supply": 94941683163.29535, "total_supply": 94941669543.20975, "infinite_supply": true, "platform": null, "cmc_rank": 10, "self_reported_circulating_supply": null, "self_reported_market_cap": null, "tvl_ratio": null, "last_updated": "2025-04-23T23:14:00.000Z", "quote": {"USD": {"price": 0.24657539083273738, "volume_24h": 700074764.4297612, "volume_change_24h": 2.6741, "percent_change_1h": -0.08474311, "percent_change_24h": -0.35244528, "percent_change_7d": -0.77931675, "percent_change_30d": 8.0344069, "percent_change_60d": 4.29429109, "percent_change_90d": -2.42053422, "market_cap": 23410282632.307472, "market_cap_dominance": 0.797, "fully_diluted_market_cap": 23410279273.93, "tvl": null, "last_updated": "2025-04-23T23:14:00.000Z"}}}, {"id": 1975, "name": "Chainlink", "symbol": "LINK", "slug": "chainlink", "num_market_pairs": 1997, "date_added": "2017-09-20T00:00:00.000Z", "tags": ["platform", "defi", "oracles", "smart-contracts", "ethereum-ecosystem", "substrate", "polkadot", "heco-ecosystem", "avalanche-ecosystem", "solana-ecosystem", "framework-ventures-portfolio", "polygon-ecosystem", "fantom-ecosystem", "cardano-ecosystem", "terra-ecosystem", "web3", "near-protocol-ecosystem", "arbitrum-ecosystem", "cross-chain", "cardano", "injective-ecosystem", "bnb-chain-ecosystem", "optimism-ecosystem", "real-world-assets", "celsius-bankruptcy-estate", "gnosis-chain-ecosystem", "sora-ecosystem", "hoo-smart-chain-ecosystem", "milkomeda-ecosystem", "energi-ecosystem", "made-in-america", "world-liberty-financial-portfolio"], "max_supply": null, "circulating_supply": 657099970.4527867, "total_supply": 1000000000, "platform": {"id": 1027, "name": "Ethereum", "symbol": "ETH", "slug": "ethereum", "token_address": "0x514910771af9ca656af840dff83e8264ecf986ca"}, "infinite_supply": false, "cmc_rank": 11, "self_reported_circulating_supply": null, "self_reported_market_cap": null, "tvl_ratio": null, "last_updated": "2025-04-23T23:14:00.000Z", "quote": {"USD": {"price": 15.097669440053306, "volume_24h": 550870652.5999953, "volume_change_24h": 32.4553, "percent_change_1h": 1.06224688, "percent_change_24h": 7.07026749, "percent_change_7d": 21.71250762, "percent_change_30d": 0.3466216, "percent_change_60d": -15.00346353, "percent_change_90d": -41.21353063, "market_cap": 9920678142.964968, "market_cap_dominance": 0.3378, "fully_diluted_market_cap": 15097669440.05, "tvl": null, "last_updated": "2025-04-23T23:14:00.000Z"}}}, {"id": 20947, "name": "Sui", "symbol": "SUI", "slug": "sui", "num_market_pairs": 612, "date_added": "2022-07-12T08:03:11.000Z", "tags": ["binance-launchpool", "coinbase-ventures-portfolio", "binance-labs-portfolio", "electric-capital-portfolio", "a16z-portfolio", "sui-ecosystem", "layer-1", "move-vm", "cmc-crypto-yearbook-2024-2025", "made-in-america", "world-liberty-financial-portfolio"], "max_supply": 10000000000, "circulating_supply": 3249982900.4588876, "total_supply": 10000000000, "infinite_supply": false, "platform": null, "cmc_rank": 12, "self_reported_circulating_supply": 3249982900.4588876, "self_reported_market_cap": 9708046623.524147, "tvl_ratio": null, "last_updated": "2025-04-23T23:15:00.000Z", "quote": {"USD": {"price": 2.9871069851331833, "volume_24h": 2925343432.656487, "volume_change_24h": 96.3751, "percent_change_1h": 1.19783459, "percent_change_24h": 9.23514423, "percent_change_7d": 44.53953786, "percent_change_30d": 25.65358919, "percent_change_60d": -12.24723296, "percent_change_90d": -30.83090881, "market_cap": 9708046623.524147, "market_cap_dominance": 0.3305, "fully_diluted_market_cap": 29871069851.33, "tvl": null, "last_updated": "2025-04-23T23:15:00.000Z"}}}, {"id": 5805, "name": "Avalanche", "symbol": "AVAX", "slug": "avalanche", "num_market_pairs": 907, "date_added": "2020-07-13T00:00:00.000Z", "tags": ["defi", "smart-contracts", "three-arrows-capital-portfolio", "polychain-capital-portfolio", "avalanche-ecosystem", "cms-holdings-portfolio", "dragonfly-capital-portfolio", "real-world-assets", "layer-1", "made-in-america"], "max_supply": 715748719, "circulating_supply": 416090537.23483723, "total_supply": 452760037.23483723, "infinite_supply": false, "platform": null, "cmc_rank": 13, "self_reported_circulating_supply": null, "self_reported_market_cap": null, "tvl_ratio": null, "last_updated": "2025-04-23T23:15:00.000Z", "quote": {"USD": {"price": 22.52745358960541, "volume_24h": 451363330.98876494, "volume_change_24h": 0.6554, "percent_change_1h": 0.85969937, "percent_change_24h": 1.30987243, "percent_change_7d": 19.62825708, "percent_change_30d": 5.42692791, "percent_change_60d": -12.94004656, "percent_change_90d": -36.58550058, "market_cap": 9373460266.631779, "market_cap_dominance": 0.3191, "fully_diluted_market_cap": 16123996049.09, "tvl": null, "last_updated": "2025-04-23T23:15:00.000Z"}}}, {"id": 3957, "name": "UNUS SED LEO", "symbol": "LEO", "slug": "unus-sed-leo", "num_market_pairs": 60, "date_added": "2019-05-21T00:00:00.000Z", "tags": ["marketplace", "centralized-exchange", "discount-token", "payments", "ethereum-ecosystem", "kenetic-capital-portfolio", "alameda-research-portfolio"], "max_supply": null, "circulating_supply": 923626787.9, "total_supply": 985239504, "platform": {"id": 1027, "name": "Ethereum", "symbol": "ETH", "slug": "ethereum", "token_address": "0x2af5d2ad76741191d15dfe7bf6ac92d4bd912ca3"}, "infinite_supply": false, "cmc_rank": 14, "self_reported_circulating_supply": null, "self_reported_market_cap": null, "tvl_ratio": null, "last_updated": "2025-04-23T23:14:00.000Z", "quote": {"USD": {"price": 9.125595981645837, "volume_24h": 4270160.07699046, "volume_change_24h": 1.8229, "percent_change_1h": 0.05900479, "percent_change_24h": 0.90607327, "percent_change_7d": -2.9707722, "percent_change_30d": -6.60749179, "percent_change_60d": -6.0929177, "percent_change_90d": -6.22682366, "market_cap": 8428644904.200692, "market_cap_dominance": 0.287, "fully_diluted_market_cap": 8990897658.66, "tvl": null, "last_updated": "2025-04-23T23:14:00.000Z"}}}, {"id": 512, "name": "Stellar", "symbol": "XLM", "slug": "stellar", "num_market_pairs": 703, "date_added": "2014-08-05T00:00:00.000Z", "tags": ["medium-of-exchange", "enterprise-solutions", "decentralized-exchange-dex-token", "smart-contracts", "hashkey-capital-portfolio", "2017-2018-alt-season", "made-in-america"], "max_supply": 50001806812, "circulating_supply": 30871283118.899513, "total_supply": 50001786892.81785, "infinite_supply": false, "platform": null, "cmc_rank": 15, "self_reported_circulating_supply": null, "self_reported_market_cap": null, "tvl_ratio": null, "last_updated": "2025-04-23T23:15:00.000Z", "quote": {"USD": {"price": 0.26778033091116665, "volume_24h": 284556926.0998271, "volume_change_24h": 9.9762, "percent_change_1h": 0.60679848, "percent_change_24h": 0.52630596, "percent_change_7d": 13.25115825, "percent_change_30d": -7.28348816, "percent_change_60d": -19.90669635, "percent_change_90d": -37.75341214, "market_cap": 8266722409.231225, "market_cap_dominance": 0.2814, "fully_diluted_market_cap": 13389500374.27, "tvl": null, "last_updated": "2025-04-23T23:15:00.000Z"}}}, {"id": 11419, "name": "Toncoin", "symbol": "TON", "slug": "toncoin", "num_market_pairs": 720, "date_added": "2021-08-26T13:40:22.000Z", "tags": ["pos", "layer-1", "ftx-bankruptcy-estate", "dwf-labs-portfolio", "toncoin-ecosystem", "cmc-crypto-yearbook-2024-2025"], "max_supply": null, "circulating_supply": 2510291158.1878476, "total_supply": 5127983062.085421, "infinite_supply": true, "platform": null, "cmc_rank": 16, "self_reported_circulating_supply": null, "self_reported_market_cap": null, "tvl_ratio": null, "last_updated": "2025-04-23T23:15:00.000Z", "quote": {"USD": {"price": 3.1926657782666883, "volume_24h": 211513652.68636954, "volume_change_24h": 50.7892, "percent_change_1h": -0.32519058, "percent_change_24h": 3.42766717, "percent_change_7d": 9.59047205, "percent_change_30d": -13.32548503, "percent_change_60d": -14.39498704, "percent_change_90d": -37.75491379, "market_cap": 8014520674.231791, "market_cap_dominance": 0.2729, "fully_diluted_market_cap": 16371936033.85, "tvl": null, "last_updated": "2025-04-23T23:15:00.000Z"}}}, {"id": 5994, "name": "Shiba Inu", "symbol": "SHIB", "slug": "shiba-inu", "num_market_pairs": 958, "date_added": "2020-08-01T00:00:00.000Z", "tags": ["memes", "ethereum-ecosystem", "doggone-doggerel", "base-ecosystem"], "max_supply": 589552695333683, "circulating_supply": 589250346933663.2, "total_supply": 589504453926746.5, "platform": {"id": 1027, "name": "Ethereum", "symbol": "ETH", "slug": "ethereum", "token_address": "0x95ad61b0a150d79219dcf64e1e6cc01f0b64c4ce"}, "infinite_supply": false, "cmc_rank": 17, "self_reported_circulating_supply": 589552695333683, "self_reported_market_cap": 7975934056.760813, "tvl_ratio": null, "last_updated": "2025-04-23T23:15:00.000Z", "quote": {"USD": {"price": 1.3528789063115869e-05, "volume_24h": 281197694.47187066, "volume_change_24h": 13.2374, "percent_change_1h": 0.94473579, "percent_change_24h": -0.27737251, "percent_change_7d": 14.06358528, "percent_change_30d": 0.0309802, "percent_change_60d": -13.67620111, "percent_change_90d": -32.63063954, "market_cap": 7971843649.033375, "market_cap_dominance": 0.2714, "fully_diluted_market_cap": 7975934056.76, "tvl": null, "last_updated": "2025-04-23T23:15:00.000Z"}}}, {"id": 4642, "name": "Hedera", "symbol": "HBAR", "slug": "hedera", "num_market_pairs": 336, "date_added": "2019-09-17T00:00:00.000Z", "tags": ["dag", "marketplace", "enterprise-solutions", "defi", "payments", "dcg-portfolio", "hedera-hashgraph-ecosystem", "real-world-assets", "layer-1", "made-in-america"], "max_supply": 50000000000, "circulating_supply": 42228651562.08767, "total_supply": 50000000000, "infinite_supply": false, "platform": null, "cmc_rank": 18, "self_reported_circulating_supply": null, "self_reported_market_cap": null, "tvl_ratio": null, "last_updated": "2025-04-23T23:14:00.000Z", "quote": {"USD": {"price": 0.18085543938500306, "volume_24h": 275294449.0939814, "volume_change_24h": 36.1109, "percent_change_1h": 0.54037, "percent_change_24h": -0.72178995, "percent_change_7d": 14.46785383, "percent_change_30d": -6.08103978, "percent_change_60d": -16.53134107, "percent_change_90d": -43.90990393, "market_cap": 7637281332.897561, "market_cap_dominance": 0.26, "fully_diluted_market_cap": 9042771969.25, "tvl": null, "last_updated": "2025-04-23T23:14:00.000Z"}}}, {"id": 1831, "name": "Bitcoin Cash", "symbol": "BCH", "slug": "bitcoin-cash", "num_market_pairs": 1011, "date_added": "2017-07-23T00:00:00.000Z", "tags": ["mineable", "pow", "sha-256", "marketplace", "medium-of-exchange", "store-of-value", "enterprise-solutions", "payments", "layer-1", "2017-2018-alt-season", "made-in-america"], "max_supply": 21000000, "circulating_supply": 19860278.125, "total_supply": 19860278.125, "infinite_supply": false, "platform": null, "cmc_rank": 19, "self_reported_circulating_supply": null, "self_reported_market_cap": null, "tvl_ratio": null, "last_updated": "2025-04-23T23:15:00.000Z", "quote": {"USD": {"price": 358.4452926869368, "volume_24h": 299725505.0072759, "volume_change_24h": -12.1764, "percent_change_1h": 0.30119345, "percent_change_24h": -1.39489551, "percent_change_7d": 10.91770837, "percent_change_30d": 8.14319901, "percent_change_60d": 11.36216381, "percent_change_90d": -17.75098001, "market_cap": 7118823205.359593, "market_cap_dominance": 0.2424, "fully_diluted_market_cap": 7527351146.43, "tvl": null, "last_updated": "2025-04-23T23:15:00.000Z"}}}, {"id": 6636, "name": "Polkadot", "symbol": "DOT", "slug": "polkadot-new", "num_market_pairs": 901, "date_added": "2020-08-19T00:00:00.000Z", "tags": ["substrate", "polkadot", "polkadot-ecosystem", "three-arrows-capital-portfolio", "polychain-capital-portfolio", "arrington-xrp-capital-portfolio", "blockchain-capital-portfolio", "boostvc-portfolio", "cms-holdings-portfolio", "coinfund-portfolio", "fabric-ventures-portfolio", "fenbushi-capital-portfolio", "hashkey-capital-portfolio", "kenetic-capital-portfolio", "1confirmation-portfolio", "placeholder-ventures-portfolio", "pantera-capital-portfolio", "exnetwork-capital-portfolio", "web3", "spartan-group", "layer-1"], "max_supply": null, "circulating_supply": 1570656845.3007717, "total_supply": 1570656845.3007717, "infinite_supply": true, "platform": null, "cmc_rank": 20, "self_reported_circulating_supply": null, "self_reported_market_cap": null, "tvl_ratio": null, "last_updated": "2025-04-23T23:15:00.000Z", "quote": {"USD": {"price": 4.106750588451367, "volume_24h": 239614353.0563606, "volume_change_24h": 15.8278, "percent_change_1h": 0.66070789, "percent_change_24h": 1.88200604, "percent_change_7d": 15.2045832, "percent_change_30d": -10.63946208, "percent_change_60d": -18.71985951, "percent_change_90d": -35.30161508, "market_cap": 6450295923.694112, "market_cap_dominance": 0.2196, "fully_diluted_market_cap": 6450295923.69, "tvl": null, "last_updated": "2025-04-23T23:15:00.000Z"}}}]}